{
  "source_tag": "fallback",
  "n_munis": 5571,
  "latest": 2025,
  "theil_within": 1.3877787807814457e-16,
  "theil_between": 0.14619131601895044,
  "share_within_pct": 9.492894780436547e-14,
  "conley_beta_pov_to_pc": 24.42112489103287,
  "conley_se_ols": 0.05607252621236449,
  "conley_se_max": 0.8455412127114454,
  "gini_pbf_municipal": 0.2886062320730738
}