bartik,dlemp,dlcov,uf
-0.023502109609401228,-0.06003341215316226,-0.346451930709444,RO
-0.037497716286022095,0.04607340761532188,-0.6358763736491124,RO
-0.08310013942955337,-0.197620433374967,-0.17130269858263156,RO
-0.0592101702953716,0.12115287877793374,-0.7060838689778083,RO
-0.048459203729432944,0.09851009575746587,-1.0868831573663384,RO
-0.015990850437269607,0.4222837643757517,-0.7652274987173318,RO
-0.05326501257186541,-0.041202916289475734,-0.6645017243935673,RO
-0.10968665216282669,-0.42482679715731037,-0.7111590006389289,RO
-0.041053771995957646,0.1131905332905439,-0.694377537377666,RO
-0.039695669235752164,-0.007050557996666799,-0.5171144779603875,RO
-0.06189045930588494,0.07483198305313274,-0.8944939997420776,RO
-0.041768572766794555,0.2123023890058905,-1.1378298807617289,RO
-0.04642114861588844,0.1357849807549875,-0.5601468798409377,RO
-0.041904946924628955,0.2549433730663411,-0.1116813568674318,RO
-0.02530087064860284,0.1050278065980947,-0.7333338094834747,RO
-0.041827876703540386,0.10899420136705557,-0.7622931685259151,RO
-0.060991485990007886,-0.01886106992196379,-0.15377686937844903,RO
-0.04672669855553557,0.08395171116567421,-0.9054229363588492,RO
-0.05484473396037393,-0.02519024882855852,-0.1619794361499386,RO
-0.050724769262215065,-0.14552993678335133,-0.5507825341157554,RO
-0.06120914724688767,0.09375676512916137,-0.9295052351246585,RO
-0.049829863670626716,0.07912104862211897,-0.5385140745842328,RO
-0.05548367788784871,0.1264437065769167,-0.6995399322701034,RO
-0.046709140022442336,-0.23400711572974295,0.1280326074769109,RR
-0.04516700974043348,0.0510406212189481,-0.4791592577469472,RO
-0.05718822350044289,0.2429461786103894,-0.04713849820696947,RR
-0.027907413681152154,0.12967015531232054,-1.0300290650299313,RO
-0.06485550079066127,-0.294799540220645,-0.4739491814546523,GO
-0.1295265980917513,0.44976536700474434,-0.36066450266359557,RR
-0.04914463323468538,0.060945186012159605,-0.2912218093817436,RO
-0.04560719916102388,0.3362091133464413,-0.4094701132580086,RR
-0.05215056854583152,-0.06713930283762856,-0.3710724369897003,RO
-0.06333051727998341,0.04136093282486546,-0.21155510971848726,RR
-0.05218482421411888,0.1216802947964743,-0.9800068020908215,RO
-0.051925014580753125,-0.16649651564955764,-0.017843948383370365,RR
-0.05556043794160981,0.12754906713983635,-0.7176725328775524,RO
-0.0753990572924498,-0.26322933843437235,0.30879974706797425,PA
-0.056578993014985035,0.07401945699544334,-0.669595614293495,RO
-0.03374901240711793,0.16705408466316624,-0.08737864210130876,PA
-0.034627461653085986,-0.21895568997373502,-0.3454106188141249,RO
-0.04694297055158131,0.2942932899664431,-0.11303702529284743,PA
-0.014950239037885822,0.11808167684122203,-1.0921173554559482,RO
-0.043574947143541966,-0.037928698017498964,-1.1034644861832146,RO
-0.1007229963150846,-0.3483066942682157,0.21396771296762362,GO
-0.05277179307386453,0.31005759996661736,-0.12133716131320521,PA
-0.04925865769123771,0.22045898594354071,0.015857630600771805,GO
-0.03469442414981964,-0.04851956479015933,-0.34856422628972883,PA
-0.09156338541469575,-0.08470071496501368,0.466207661406545,GO
-0.06502831411523625,0.2736418277719833,-0.004796173113022153,PA
-0.06573412985229884,0.12481975601078174,0.16985648754457752,GO
-0.08331269222791458,-0.2699716858854488,-0.4796187308511088,PA
-0.10174093983478971,0.21496540487031743,-0.14618593432429858,GO
-0.03340040140880186,0.0015290522856779554,-0.460420620617132,PA
-0.04064263564791378,0.2700863105614014,-0.1679800403986876,GO
-0.062449394914281614,0.07565249955096166,-0.03093598536385934,PA
-0.05737066626064115,0.1576936419036024,-0.04224492550853613,GO
-0.051491106651129215,-0.39522361405596734,0.0832791050226881,PA
-0.13096449163428284,-0.06813780516721803,-0.3940658556437245,GO
-0.051107694120580124,-0.032026026719408435,0.060949480218527474,PA
-0.04767165752796939,0.1239859797809911,0.06148364165790453,GO
-0.0240708317763004,0.3883082718633346,-0.42554062950621757,PA
-0.03535937304332429,-0.10511688062190311,-0.3280466870568178,GO
-0.05364049150814774,-0.019458570867532044,-0.021671210259225797,PA
-0.024439478919547307,0.10744439242131369,0.024690258074009267,GO
-0.09219046482767244,0.0785902745932215,0.17349250218047377,AP
-0.020466128008834933,-0.07862909823682535,-0.00019545826139914704,GO
-0.03654817846855583,0.8682589007871502,-0.3580364604819436,TO
-0.06233266462075021,0.10548116475008831,0.09756826673540558,GO
-0.06123706297193947,-0.012698583337127431,-0.433768503692784,TO
-0.0824835588919715,-0.32436119824922754,-0.4671366307099254,GO
-0.048093116457573,0.22450317083024937,-0.4241119500093633,TO
-0.03725797803107784,0.33050350320417526,0.26477291762949584,GO
-0.050977496283722744,-0.24475702773474695,-0.10427512928370122,TO
-0.049008980205988276,0.2938740426997021,0.08931004983625668,GO
-0.047964913095470865,0.4951478110467609,-0.18581242078381668,TO
-0.04350341420876679,0.11341621649004302,-0.3193076906208399,GO
-0.04319070628710711,-0.14720401469636182,-0.6097146766837165,TO
-0.018174278000273644,0.2594175142821495,-0.6588085872889442,GO
-0.03853536709958911,0.26314888592790886,-0.17230634276355414,TO
-0.06869509932947172,0.30079332976151907,0.24773713729688013,GO
-0.05064007389925275,0.4585749334221128,-0.38252434302195865,TO
-0.05383185806281853,0.2582348711254799,-0.6402989558674573,GO
-0.09313092468857406,-0.06410034103854234,-1.1777344347298058,MT
-0.03831145987442561,0.4111631292228022,-0.12901573800515154,TO
-0.03622444032738711,0.21526949488330388,-0.27183786934856374,MT
-0.05248097104873449,0.2779038824701455,-0.2489051246577964,TO
-0.042787444778244865,0.048108578320030695,-0.14156707479319197,MT
-0.03844820196784913,0.6231291936577485,-0.6817416979650069,TO
-0.033753364602311105,0.3707096128602312,0.026491829362689408,MT
-0.047115414471975266,0.28462863496489066,-0.4685730957451062,TO
-0.08589547547426296,0.10371982620036631,-0.17126150707465362,MT
-0.02751027112999192,0.2533144289475731,-0.38199431931991296,TO
-0.04118551119352261,0.07160115081588368,-0.8449587659649269,MT
-0.04606011588174645,0.5951667721997416,-0.38362703856603775,TO
-0.08194599706881694,0.20983958568784697,0.07403315965503918,MA
-0.020784818774587138,0.5271496200309791,-0.15035357519472295,AC
-0.06776052108005443,0.8535921376585911,-0.17625339305844237,MA
-0.059603062821380254,0.4161015094542793,0.0003995839253505569,AC
-0.05031893222850158,0.6372379861204287,-0.08838042309088197,MA
-0.06574491260816627,0.4245278279345184,0.12460029264516409,AC
-0.05169579183754854,0.20604911795490968,0.08196803168719334,MA
-0.06416021049936409,0.16226304880988734,-0.5401916862217401,MT
-0.05189401645207977,-0.024391453124159124,0.41070199454532547,MA
-0.026577595925808054,0.5310052538941569,-0.03821423553570445,AC
-0.05096411874882534,-0.01212136053234485,-0.04777943208093115,MA
-0.03573168071261733,0.11833023129247207,-0.24317683251522934,MT
-0.06090506850178793,0.13781325712063217,-0.5045602686608154,MT
-0.05191167433131612,-0.07833184326990696,-0.1717044812959214,MA
-0.0423403297230201,0.13880941015517786,-0.4800998430548509,MT
-0.05174544268999573,0.13835843337283857,0.2720134252164359,MA
-0.04412030898863717,0.09081867401802808,-0.3596192418882959,MT
-0.03883346168504073,1.193357656257476,0.11718852091634618,MA
-0.056945632260321496,0.2933865944814224,-0.129516542874333,MT
-0.04620129439888433,0.13222163474245913,-0.10051934241522067,MA
-0.05727506397572563,0.09691789719242178,-0.5436960385056561,MT
-0.05162132443702701,0.13154002123959735,0.03944046464897358,MA
-0.029628750249393026,0.44583756339855196,-0.24945101656093308,MT
-0.062194660700925095,0.06177402276458521,-0.08164479253338011,MA
-0.01942830537908845,-0.3101549283038396,-0.5529361645062455,MT
-0.05029158281906923,0.5748474825309218,-0.06560471488892795,MA
-0.0478384809130431,0.5461339688615581,-0.6040272295680402,MT
-0.052969576484887634,0.1013524942602875,-0.16419670043307932,MA
-0.022629453090900704,0.4197904219539765,-0.09380076949366464,MT
-0.04988252310689865,0.5467615285824404,-0.3069631397275563,MA
-0.05440638593601398,0.21974796231307156,0.027613459738442078,MT
-0.042471642906263374,0.04068357663644354,-0.08950979606734262,MT
-0.051908178419506304,0.7692874442565499,0.08077526760598368,MA
-0.04302474960695945,-0.19773775283283682,-0.24307612378150037,AC
-0.04644911862288383,0.12592370770997302,-0.16917803022403216,MA
-0.03756468592918802,0.26476917670815553,0.09898303704864005,MS
-0.045179019518656285,0.010221554071538009,0.12387297534037031,MA
-0.05849154730620746,-0.1385906881627873,-0.09456692409768053,MS
-0.05163376868250927,0.35476836566815084,0.14083595761932335,AC
-0.05191660504904361,0.5799408119309737,0.026500562266391706,MA
-0.04597044156546824,0.5233818425414032,0.2978318189091933,AC
-0.06977455796730006,0.49933124434025555,-0.0395603766388064,MA
-0.04237248228632004,0.47101351175239636,-0.0473954583913243,AC
-0.057751668568243465,-0.1437878927917117,0.1588416683040098,MA
-0.03803223609174479,0.22204404598079286,-0.30207282008879993,AC
-0.050975297653947524,0.3612718703959354,-0.013184090948478087,MA
-0.03874652123933538,0.4586065105413348,0.503713422948183,AC
-0.10975147995569717,1.243699462342021,-0.3013423944970849,MA
-0.052841614295812606,0.18197499640233838,0.2568435109761994,AC
-0.050822651778797856,0.04941929284699329,-0.1700322927494402,MA
-0.047604107027083425,0.11778303565638346,0.03857247174291887,MA
-0.03270210887250075,0.07841005424965108,-0.5152134250632606,MS
-0.06182732411486024,-0.16343235032203235,-0.09814017203169674,MA
-0.0521365198392743,0.0902573010832547,-0.22397996910527046,MS
-0.10440563601795641,0.5488256101140779,-0.1383832728475094,MA
-0.02448591280446284,0.10662754148459788,-0.45484930424032244,MS
-0.05141271156691252,0.4918008093964125,-0.1693915489677704,MA
-0.04622783432929322,0.025784117155714634,-0.7112024581439151,TO
-0.03942079933852364,0.07309188400533607,-0.4566434889809197,TO
-0.05022809159068832,0.3468709438421115,-0.07342323948239958,MA
-0.03841163480916607,0.18127498422328367,0.00016933681653082588,TO
-0.015881517916858986,0.013937507843781678,0.027768155590565603,MA
-0.04550117020506539,0.49619396149792655,-0.1426669768309758,TO
-0.05452567124263801,0.3867729750960119,-0.2539048631739779,MA
-0.029509933623569705,0.272244091351306,-0.56071972745211,TO
-0.054318620846844606,0.4323269772793385,-0.034521078984368715,MA
-0.038107185981847515,-0.10037918530762216,-0.41153529148984413,TO
-0.052027348106014525,0.013315775975772156,-0.0016678530102749532,MA
-0.04970454505881582,0.5326952826559578,-0.2232652724512353,TO
-0.05221282717896522,0.2359218701533319,-0.20360065341681952,MA
-0.049845811906772536,0.47706366865646055,-0.4747272336382605,TO
-0.052927110458916814,0.9245514488815216,0.0793551245012028,MA
-0.05347938181841547,0.27735495829593143,-0.2551200496332285,TO
-0.051557584917535114,0.18756091147995427,0.04323526846612565,MA
-0.04922051012170064,0.2350383389663589,-0.3073460025423333,TO
-0.05039781745167197,0.15899330430304634,-0.014825047380008156,MA
-0.11152790129458373,-0.049042085067602784,-0.07707818869753422,TO
-0.05108662420923067,0.19051832399813318,-0.021649981400535583,MA
-0.03608343284153617,0.045347819978459256,-0.3614211999503021,TO
-0.04556359390843312,0.4054651081081644,0.060997877724764046,MA
-0.049269399096434636,-0.007001195458983588,-0.3700917736311331,TO
-0.04737269985287775,0.189285814127987,-0.12922781028025673,MA
-0.050235950983018064,-0.1936724164626442,0.1187461459872995,TO
-0.04683758945138203,0.07281235547496749,-0.49012367347506736,TO
-0.07199446582438443,1.0359720060405326,-0.4376707912900431,MA
-0.03505901724773496,0.1941560144409574,-0.8196451934335782,TO
-0.052256388468674114,-0.1781758594142481,-0.29261059062261746,MA
-0.05005285037474795,0.556976567612232,-0.412470065262531,TO
-0.05252787320429919,0.1863642998109133,0.01377339016070446,MA
-0.05327738958937497,0.3342244132527182,-0.0735600363241095,TO
-0.05170706508224713,0.4604393589190829,-0.09754391230125495,AM
-0.051706215862355354,0.1844802192619927,0.2278260377750027,AM
-0.05482787565613699,0.027239038162183676,0.18496995198653546,MA
-0.05134365675642381,0.18888348674615005,-0.26388117223328994,AM
-0.04694744025378638,0.7363848596145915,0.3175734243509676,AM
-0.05207253854364015,0.31205066346873866,0.06950631250990105,MA
-0.0547923659958497,0.07522342123758753,-0.20094202137059103,AM
-0.04054525823475208,0.10756628305601612,0.12230640655089249,MA
-0.05050045773566644,0.5103341024978005,0.23165575624832946,AM
-0.0522134641282367,-0.1557913692847182,0.12597816088302174,MA
-0.056163744520411035,0.7862376036259573,0.004933027406789154,AM
-0.05250291447482611,-0.16528755984046486,-0.20321284141239412,MA
-0.03612238763074405,0.16667130953887535,0.004068587999815193,AM
-0.04918197363635199,0.47025293327328677,0.15925870466677267,AM
-0.06665586751426224,-0.11288630529536485,-0.07993289565339691,MA
-0.04548665642107495,1.035764385008446,0.21009144897617466,AM
-0.06437091195996492,0.23180161405732438,-0.3072594456285688,MA
-0.06466613179042371,0.3296399935154615,0.3800188500882083,AM
-0.051564901604700834,0.321098069371625,-0.22020125663979312,MA
-0.057415634791401285,-0.11441035117774422,0.01856474421661814,AM
-0.04495372582947722,0.2099730881244646,-0.3143935657815993,MA
-0.05070206588259974,0.12731947802135193,-0.031051309414735665,MA
-0.057091150997836806,0.19240725270120704,0.0974441710929117,AM
-0.056053014561051495,0.3783718174526384,0.07032273755659992,MA
-0.051006927802506805,0.03979053491359293,0.09638044397586992,AM
-0.03946433514674696,0.23344230351478432,-0.104310506524499,MA
-0.050292671351871,0.29115309294465985,-0.028444252213495776,AM
-0.01955169754573832,0.6312717768418578,0.03432952416708031,MA
-0.05191344833764143,0.21577181393343212,0.34012558168922896,AM
-0.04852424822541711,0.07242340658374065,-0.2788144874437578,MA
-0.04716906398950391,0.2466326874885243,0.1541004469592641,AM
-0.05221888743590568,0.1409363406311003,-0.10762996940559381,MA
-0.04833872707143376,0.6931471805599453,-0.17208750595905037,AM
-0.05046385501417413,-0.09489874182279567,-0.08928076742716709,MA
-0.04991291676775716,0.06650649744138845,0.07360832532615841,AM
-0.05508527804951515,-0.2394442888441009,0.06931254111753186,AM
-0.0505905762942231,0.009756174945364656,-0.10676887713198772,MA
-0.0934166626213851,-0.032308243232657775,0.21063465422051553,AM
-0.05358210720545228,0.8530417015664556,0.08106034457175083,MA
-0.052029129827543964,0.5527655772080249,-0.06315886900084454,AM
-0.05214720127967739,-0.14627797101534543,-0.2057568409691846,MA
-0.05165368282615435,0.1353413478697621,0.07203539218282759,MA
-0.055464776515490435,0.18852050592030023,0.20536003138170586,AM
-0.04566289441354651,0.006681539333482647,-0.2638506192464858,MA
-0.05398461594005048,0.2809831266707011,0.47867576416080293,AM
-0.053884639014704375,0.0,0.4284197491280013,MA
-0.0918490623393604,-0.1331302659318426,-0.26672224736001504,AM
-0.056106825165088386,0.5285977935117885,0.01891489064999825,MA
-0.06209853519952588,0.3455568553547555,-0.08389093092653493,AM
-0.062159343377884126,0.17300707376826516,-0.13730598673060454,MA
-0.05067710549669873,0.06262342320147157,0.19898896804576377,MA
-0.05318862912467363,0.03550293630176568,0.0800356441291136,AM
-0.05151661371375103,0.71683695168235,0.25740467941452544,MA
-0.050978249943125595,0.28495355779857695,0.08773569085008487,AM
-0.06186917613406753,0.4352261552689946,-0.1934642282699081,MA
-0.05425134300084554,0.9221368024375789,0.11916661134000123,AM
-0.04894945628839054,-0.01680711831638129,-0.061256304649063696,PI
-0.052483422334329066,0.26015739906169094,0.10375764828647041,AM
-0.04524447409038516,-0.12531711939591467,-0.07450925325814055,PI
-0.049871560590736976,-0.14159558709871745,0.20390428331921562,AM
-0.05268237105394554,-0.1427219840036355,-0.21497151388441743,PI
-0.05112485175491813,0.08342457257034379,0.15179281614855406,AM
-0.06652673941529584,-0.1548755801852068,0.0010000326268820596,PI
-0.05178402289028573,-0.028987536873252298,0.26988541696864404,AM
-0.05100510610606601,0.10732902023049852,-0.10689026667520145,PI
-0.05033219220124477,0.29235279556233923,0.009661888925672692,AM
-0.024553495424359792,0.07571182173569638,-0.09207256301432304,PI
-0.04959060542763247,0.04734612059719842,0.4171613751363475,AM
-0.0524352134113354,0.26875406256626205,-0.010630687213036593,PI
-0.05189893796251485,0.4543792725257558,-0.08459760087088945,AM
-0.05626363890127143,-0.35667494393873245,0.33271762327636073,PI
-0.028280927969038274,0.4087341531900686,0.2109055102295468,AM
-0.05158507609660034,-0.2876820724517809,0.131221312948357,PI
-0.05151600116377769,0.0027548226788446837,-0.19919303624481438,AM
-0.06076996290316793,0.216807732865124,0.0669156678586009,PI
-0.05017560933825674,-0.17662353567931688,0.23379913052896253,AM
-0.05050902584250158,0.4755969318822469,-0.3891694268160013,PI
-0.0530616804397358,0.37966076666510234,0.24388373124661167,AM
-0.04304299980353717,0.5166907432183888,-0.3762699875588259,PI
-0.039241718759712656,0.21177056114193973,0.03076114696701472,AM
-0.05447773417301801,0.4598365118902913,0.16678048932908296,PI
-0.05451101005159442,0.4989911661189878,0.02909144590171237,AM
-0.13117278875669938,-0.2835344099316996,0.04757607468416425,PI
-0.05164301677695707,0.26742088731195895,0.22770467699412428,AM
-0.009927062875526874,-0.06603058152308597,0.19235105853452647,PI
-0.05169480136851383,0.15015227386056307,0.20833966649683291,PI
-0.05087040387920707,0.19407257332947342,-0.05418137826560195,AM
-0.052110366775557804,0.16705408466316624,-0.07861052656425462,PI
-0.05163963981478171,0.058359615185582615,0.3153534289655856,AM
-0.052624570328892846,0.8308365833331316,0.24180358399797927,PI
-0.03703752137904217,0.08953659225626089,-0.5664728476286668,RR
-0.04869227221044459,0.23742023767089263,-0.10791132648105857,PI
-0.05490198555752254,-0.16585143869740582,0.082101836360418,RR
-0.05064946466159165,0.0033955890011381075,0.0476037034244282,PI
-0.04582909417236152,0.6108472374916353,0.13904572796439352,RR
-0.05237058783180436,-0.022400936689166658,-0.10910259248120516,PI
-0.0471660949751883,0.5184238029970621,0.16507044522656494,RR
-0.031285847062750824,0.1786109773974189,0.029644734577462042,PI
-0.05920512667506754,0.04537267389953932,0.24539169280519543,RR
-0.05240934388943799,0.6145569059667237,0.08183167554422878,PI
-0.04667193273567254,-0.36249601004251814,0.3558975509346431,RR
-0.05205339178391701,1.062746375479613,0.01230247399913749,PI
-0.055259055070694355,0.23856802163984148,-0.25649164304030997,RR
-0.057738426296975696,-0.1805374350004532,0.10893780976389393,PI
-0.04311580703976142,0.6847083119140808,-0.15060929224774286,RR
-0.05187184962338908,0.216223108469636,-0.024910328828784908,PI
0.008308531296684553,0.2400215891015614,-0.5279680898993251,TO
-0.09252579735715942,-0.004282661792000848,-0.034608173556564994,PI
-0.06680524010739108,0.1340029795231469,-0.2361633676284424,TO
-0.05163646676331869,0.0022246950221111086,-0.09857286120468416,PI
-0.050879661424390696,0.2769099754698698,-0.6482950425344117,TO
-0.09474111819111264,-0.14941694317705936,0.06331988058196937,PI
-0.052009539899931345,0.1856328180976107,-0.0505758982887783,PI
-0.009139298626683615,0.5706028278018515,-0.7224049099176167,TO
-0.05245105518930707,-0.1357092519245355,-0.05017258747318646,PI
-0.049551817146562954,0.15172643621575188,-0.14922053330166804,TO
-0.0734100318214449,-0.17185025692665928,-0.03852239676928255,PI
-0.039260457687764184,0.12089345807077598,-0.4795961574512393,TO
-0.05246028868011822,0.31627947960195374,-0.054533805768598904,PI
-0.06054826819525281,0.0497615095590638,-0.23233694300964708,TO
-0.0528065459494423,0.40364195354664933,0.11054967363475456,PI
-0.04417891452425652,-0.11274062295544882,-0.4359138280808776,TO
-0.04979570381849493,0.9444616088408515,-0.29366977920532195,PI
-0.0953196202678095,-0.06899287148695143,-0.5127122519581778,TO
-0.058186501630770764,-0.13734356151087707,-0.17144278782441819,PI
-0.038226320207502815,-0.020144566092467463,-0.34818271251158217,TO
-0.08367711732274971,0.43697837381424104,0.23627717809456844,PI
0.006313007780940438,0.06303910991095232,0.014596116502342622,TO
-0.05274213129291218,-0.2019152506943559,-0.10222641552948307,PI
-0.048948996648089244,0.112117298120706,-0.28349851787175107,TO
-0.05166248598371423,-0.1223580920263974,-0.20660756192365115,PI
-0.053086855394233766,0.033274788884872133,-0.16863936015226233,PI
-0.04173565875049336,-0.00947874395454377,-0.012067512410958043,TO
-0.05204774764741219,0.21689570037584666,-0.1271136677600834,PI
-0.04911347654613971,0.28370592407214157,-0.279176020045662,TO
-0.06890806513649436,0.05895616713311967,-0.10828685817464251,PI
-0.05984091131159655,-0.18606369417671473,-0.6481307136858044,TO
-0.051726152073904456,-0.04027389913793996,-0.07352283478925832,PI
-0.0523480661980359,0.10491793985949806,-0.42383615417157433,TO
-0.06585539960244524,0.02262539951797861,-0.19330983178091954,PI
-0.032446117081801035,0.12072854588614035,0.02489693186665616,TO
-0.057458894842746557,0.14916934947705413,-0.008211977602006681,PI
-0.07604919728659429,0.19957480494151414,-0.3243224132518502,TO
-0.05060445170028688,-0.330663895025466,0.13039407599322989,PI
-0.04256519674238157,0.09844007281325251,-0.30446811633068505,TO
-0.05429187540167604,0.5561253829956542,0.015714789881728832,PI
-0.050957613787424576,0.4367949582490821,-0.37157240683765314,TO
-0.05154105366932104,0.3364722366212129,-0.027892814995438834,PI
-0.05139387016263025,0.6931471805599453,-0.5050087730151019,TO
-0.052019085603879286,-0.07748749547837429,-0.10948945165109919,PI
-0.0587795836811875,0.03109058707003118,-0.3640699642210518,TO
-0.062084363897238704,0.15131781674295414,0.29545811221889245,PI
-0.04075481767567255,0.4320153402022852,-0.07941057725311045,TO
-0.05152369240290062,0.2586502397711195,0.04768092413993566,PI
-0.08752297115520943,0.6840077414668526,-0.18960300139385905,PA
-0.043498358831171896,0.1031842362352308,0.2016307590957473,PA
-0.06440968729525401,-0.07955263170195365,0.025040393423857103,PI
-0.0535657466521848,0.12820298896003632,0.24758613040974858,PA
-0.05328822105855728,0.10868830575050106,-0.02698265503659,PI
-0.13447429153853424,0.0027510333718897976,0.05113533872517526,PA
-0.051672142714409355,0.4722876043535662,0.17851630380926814,PI
-0.032976169556108686,1.2717709325405446,0.053920996830414826,PA
-0.06502117667736071,0.1513674884954667,0.0532379679658096,PI
-0.07192611640851948,0.0884554205618634,-0.13155316847735413,PA
-0.052596970416753375,1.2846497279712619,0.15323890994367456,PI
-0.010426876368247852,0.11004436497025272,-0.44270903529257005,PA
-0.007226985402527258,0.21401106775093715,-0.12744167131660578,PI
-0.023521486189903337,-0.14306355733779233,-0.22833320826047596,PA
-0.05061045135832095,0.0050125418235441935,-0.3525317029406974,PI
-0.04052691829931918,0.025237932589862754,-0.030471888289117472,PA
-0.05791060478868259,-0.37809497854846097,-0.05383129253794146,PA
-0.05338301428668667,-0.021353124470568946,-0.3016086271217608,PI
-0.05370010669392312,0.05350113011448469,0.07283830019260876,PA
-0.052083623076331756,-0.005063301956546762,-0.2978177979179126,PI
-0.04422120087040008,0.12831852243598943,-0.26276683238848997,PA
-0.14372092368170253,-0.2411620568168881,-0.1002790034721263,PI
-0.04280217780783856,-0.08252390439089503,-0.3884080888617249,PA
-0.051745973105680104,0.056014641554671306,-0.10701933689734404,PI
-0.02344556140933682,-0.05505547632048939,-0.6293784095785611,PA
-0.03759582882579124,0.2842515373549917,-0.19727291510896894,PI
-0.06185114068128125,-0.09437783875718665,-0.000660658371863196,PA
-0.08849991688573135,-0.03922071315328127,-0.35221308407367985,PI
-0.04113854276248288,-0.005487818650673098,0.4222921104716809,PA
-0.051830935364978056,0.004705891037412714,-0.025599120624263266,PI
-0.05358042257159432,0.3522905618614603,0.21422474277149792,PA
-0.05301096885265883,0.004705891037412714,-0.12923780105278565,PI
-0.062247193581400684,-0.03077165866675366,0.18306905835573997,PA
-0.051743166465024734,-0.08701137698962981,-0.07031253510976238,PI
-0.028938692574959454,1.2234252302527513,0.22630370241566314,PA
-0.04848107781127702,0.29873190863836585,-0.22929808423989384,PI
-0.023138930064923808,0.7199584380106021,-0.2077428077037027,PI
-0.05150401781466105,-0.33284040877263865,0.1792638660471825,PA
-0.05021892352547926,-0.3629054936893685,-0.18284188750719163,RN
-0.05219071519679661,0.053169909525572136,-0.3367026995031343,PA
-0.059576993272977406,-0.35839759725017856,0.026777147360475748,RN
-0.049211011360154405,0.09665548923050804,0.011160903439211322,PA
-0.05909542683933107,-0.03335866349730965,-0.2975575815904216,PA
-0.05305556808503285,0.16929205650362072,-0.0549659113172806,RN
-0.05047691470973609,0.5244246677248682,0.060273406497403356,PA
-0.04877932335007853,0.10365257331267025,0.08365970945961741,RN
-0.04964135691017403,-0.3142627025951424,0.0998707364560417,PA
-0.10339051359335998,0.2516113716559868,-0.0002797202995068103,PA
-0.09296342653427224,0.07993040490515525,-0.12760974562161698,RN
-0.04100521299328124,-0.10750971739337442,0.15871857561498828,PA
-0.049988674819968076,0.38629096696669674,-0.3824062623497264,RN
-0.06496500560385604,0.1567307211317956,0.46883524131839577,PA
-0.041276445366964794,0.17896020909124982,-0.07462797651205488,RN
-0.023779616403027462,0.4547988982763066,-0.13936789335995267,PA
-0.050791275209333825,-0.003552401604367772,-0.08525520025614217,RN
-0.024586471107906998,-0.027779564107075706,-0.10497071860899904,PA
-0.05084477111245317,0.09087985376755006,-0.02697555400414432,RN
-0.021687475407079777,-0.0084040092943292,0.20501386870400307,PA
-0.08912704272040022,-0.3412031738897952,0.24259363277578,RN
-0.05172205981653286,-0.3283804117227132,0.01756296145361301,PA
-0.05298904728434107,0.44731221804366483,-0.165636549991606,RN
-0.058741482052884264,0.1472142358306013,-0.11935384009961546,PB
-0.04069196343685232,-0.11332868530700312,-0.0043419975686500535,PA
-0.0691972884247033,0.06541841560701046,-0.00689864846116841,PB
-0.044231583858063306,0.09696358516187358,-0.21992041637973964,PA
-0.05158461113751219,0.20322824161326825,0.08968875476034621,PB
-0.06410165659673202,0.10813629791934101,-0.19328038089741992,PA
-0.052681913528214046,0.08626034428440692,-0.07762040744143761,PB
-0.03304658542554372,-0.015870067679958966,-0.4700949406838734,PA
-0.09359284011566799,-0.01949379468100113,-0.04791626740840669,PB
-0.04079554565862613,0.1345991983853527,-0.016211535304998553,PA
-0.06568816916353037,0.02373998730307287,0.3254713575206209,PB
-0.05169032962536149,0.26048632964329094,0.2326261071455943,PA
-0.05078019748627851,0.1502822030493379,-0.012368127306218219,PB
-0.057578375475276646,0.14047628314606822,-0.5566711821075276,PA
-0.048550293095167396,0.13207966239133595,0.06381814774924609,PB
-0.05204283232298535,0.23391564829612085,-0.06190685361579776,PB
-0.046352266240765494,0.26187418849590827,0.2352587528143557,PA
-0.11406794848949202,-0.03470849140072682,-0.11032949457332429,PB
-0.05561824852419255,-0.16262929868281054,0.10587301268371233,PB
-0.051665077458087856,0.14393959395195466,0.2920594202106738,PA
-0.04973928603607759,-0.4182584595680739,0.2266106282898106,PB
-0.03725437241580897,-0.10273661978531308,0.01428785682150142,PA
-0.06877479606099612,0.34878482002439576,0.04092114171765217,PB
-0.04387661720775088,-0.1720973230180951,0.01164954574535669,PA
-0.051666406992233044,0.06684001812585044,0.0513137854822981,PB
-0.08096563254629967,0.016958012363897327,-0.0013270905957935572,PA
-0.05161167044036509,-0.1329388000145885,-0.020641360410626017,PB
-0.06340864303173305,0.18639251327397663,0.15406175594050306,PA
-0.015463273957784188,-0.3415613061286842,0.15026150533245716,PB
-0.06786192637367684,0.16997244335446615,0.06965156462688757,PA
-0.04765863759370301,0.15415067982725836,0.02827634479315328,PB
-0.07756145220829723,-0.058840500022933465,-0.15145908054616616,PA
-0.06082653769120621,0.049291291716877524,0.33365410814063967,PB
-0.08933313382909781,-0.19896814122014028,-0.025556289927732883,PA
-0.050263098773784626,0.1923718926474561,0.24014903915466868,PB
-0.07689720897509779,-0.09695053284796622,-0.1678259383343139,PA
-0.051852793086991845,0.0725393443810953,-0.0627702484186882,PB
-0.0520541600439453,-0.029541679100474935,0.18883701464299504,PA
-0.05178800781327764,-0.16585411880391318,0.12776120090801568,PB
-0.05106832825587074,0.4813351952552856,-0.09200670823547044,PA
-0.0505464717573905,0.1866788621629103,-0.20538992170674938,PB
-0.0872794377649116,-0.011780671452773594,-0.4399416240438697,PA
-0.05124273074537622,0.1020656197609737,0.15322631527208674,PB
-0.047997882524382134,-0.4141231708512789,0.1549851531726725,PA
-0.05325044750794181,0.040005334613699206,0.17283460172667267,PB
-0.051756167466337225,-0.15807481828339254,-0.005079302967369533,PB
-0.05165945850634665,-0.014448135747386041,0.0706967906637847,PA
-0.05223797207954105,0.2171682881241228,-0.05894750009546983,PB
-0.05263843287451949,-0.1941560144409575,0.0725143188332658,PB
-0.056370088066289015,0.2270316579620115,0.30530182211793816,PA
-0.05207213418611273,-0.08701137698962981,-0.029410746166446976,PB
-0.049340600846514135,0.0416792269914885,-0.07318141344914819,PA
-0.05149733191142925,0.1279520588282843,-0.16882746743885677,PB
-0.051189190974027035,-0.05109545088111828,0.16273316127498771,PA
-0.05110758090742929,0.03774032798284711,-0.16375020623291686,PB
-0.04110783133798456,0.11434615190317393,-0.036709503174135516,PA
-0.052081629118151646,-0.03657228962334386,-0.06005409515397018,PB
-0.046357160625873715,-0.13340211849855887,-0.14523070266175933,PA
-0.05298609888615084,0.11477551459242825,-0.253374691693162,PB
-0.05486173417907302,-0.09381875521765486,0.20426934914127712,PA
-0.0517349159547893,0.01664723343315621,-0.025441015643739445,PB
-0.028231883011025763,-0.1911807072773029,-0.07392410968088885,PA
-0.05088852172341333,0.36620038958622103,0.14057181054906454,PB
-0.05202677703887108,-0.11170398958000129,0.21010334690318405,PB
-0.06078647282474105,0.05527184441826752,-0.25033294313971804,PA
-0.05320654089685997,0.05577202792538866,0.02840694216276495,PB
-0.0462069555500562,-0.4550620492475365,-0.38725445933174624,PA
-0.05206181074094597,-0.07368771579115914,-0.01610231286384533,PB
-0.03991175872402612,-0.028710105882431367,-0.033627498307202526,PB
-0.05232218325029192,0.4081141162797413,-0.18267366161572526,PB
-0.05129761387968443,-0.16911608278190904,0.11942031454271634,PA
-0.05180203407866303,-0.2358825770916395,-0.16131854688944036,PB
-0.07218325051586677,-0.04786275929076124,0.3229113772645839,PA
-0.05353605068358915,0.1004187477470474,0.022628640048775014,PB
-0.051024333060042934,0.2725589108775601,0.14237014838279063,PA
-0.049542135367979925,0.2848984312703177,-0.12188251701524817,PA
-0.050795791665411635,0.13407472325456923,-0.2646036446694927,PB
-0.04316333353049114,-0.17060901197609005,0.21507152757555506,PA
-0.045500162551231696,0.9319254460215571,-0.001943391791493953,PB
-0.05213119802303878,-0.062035390919452635,-0.1296443136268715,PB
-0.05213918098212922,0.24835497066070578,-0.030794183094627565,PB
-0.04718626438652239,0.23055954785762367,-0.14047938842615554,PA
-0.04046525439002589,0.24918052509720512,-0.2938562582598161,PB
-0.02638159279244416,0.1878537991181234,0.1460486754683812,PA
-0.09907291646501035,-0.09215900379929037,0.15783910242630458,PB
-0.054749839286912856,-0.026355558570785996,-0.14303038413145647,PA
-0.025341429116750434,-0.14763599880606457,0.1684805624605182,PB
-0.059746647450233635,-0.022264370497399537,0.3841716676180275,PA
-0.05968268365453662,-0.09346572800567711,-0.1360685908508117,PB
-0.036734573737763274,-0.17408170338300338,-0.12158843712770519,PA
-0.05583401294166175,-0.2231435513142097,-0.18114160736677848,PB
-0.0536435836969548,-0.16740891479196673,-0.11109780946423127,PA
-0.050658979874801655,0.363264753617788,-0.13989979546284645,PB
-0.045214935920792954,0.15710198546183862,0.0018704704146980623,PA
-0.047851483098134,0.21681635396353818,0.11201632866401112,PE
-0.038169786812093896,0.09516638284538279,-0.14008205148902378,PA
-0.05167438860503235,-0.0427931446970577,0.06455346881776827,PE
-0.02947449112014574,-0.2879843242298112,0.06848593223206514,PA
-0.048228796983355506,0.08273812709520871,0.0434919689487828,PA
-0.034529694412548904,0.036522105795191426,-0.0836774761389041,PE
-0.14794001055098258,0.1661243025138591,-0.014209611036038225,PA
-0.03897178862534425,0.11715128378749767,-0.08723971736934708,PE
-0.05068166529665127,-0.3835091817067483,0.19666017418994644,PA
-0.051463239369563894,0.003012050469991621,0.06839383476417557,PE
-0.05543736946898654,-0.06972520399862665,0.385285023948816,PA
-0.05061923665976356,-0.031052723341585254,-0.18346676945795548,PE
-0.04325837687047748,0.12269705045881242,0.07993529847453947,PA
0.009456280362392086,-0.5136819965730699,-0.15744286481951184,PE
-0.05539410691440427,0.033102092805230944,0.07008555118026123,PA
-0.04740475682729084,-0.0927011045454599,0.25124815371677434,AL
-0.044162565937880954,0.0009028666627920293,-0.025033591244453927,PA
-0.04623247824689181,0.03930185234761367,0.0302726274091688,PA
-0.03788425995795625,0.05465841253786398,0.0005503445135179801,MG
-0.0445661346880085,0.035820765387400456,-0.14993750627901842,PA
-0.027329146539976375,0.26469255422708216,-0.34681211559954167,MG
-0.042175075633381146,-0.08033738868347785,-0.25831778535484157,PA
-0.04877491602624395,0.22464618119874472,-0.1483384053752386,MG
-0.036235689918450956,0.12521040863440433,-0.39021426822271166,PA
-0.05743996624309175,-0.17730514650593923,0.1705762232755603,MG
-0.025873134354558774,0.20694338980524943,-0.17425418832801373,PA
-0.049526590605303594,0.34276651389260043,-0.11586271206132288,MG
-0.06626040195377671,-0.46336118824827155,-0.35847014407610467,PA
-0.03161302909271077,0.005201572196073408,0.12719779190264488,MG
-0.04720318539802014,0.056377011182490035,-0.0877023907055005,PA
-0.04454985034377164,0.10305522894614001,-0.04631878877923241,MG
-0.04288967986213914,-0.10280085153348247,-0.2931395753258733,PA
-0.03639261106711039,0.18661340887549557,-0.148950201027732,MG
-0.033362590106835205,0.23983288801616479,0.14597118199944736,PA
-0.050615553109331975,0.35703851420269,0.2613650992325352,MG
-0.03638674424232725,-0.09885704973664342,0.017106277949271262,PA
-0.06380870099008415,-0.03299268315434889,-0.19685052503334796,MG
-0.060723448447813674,-0.23206863567552458,-0.17498446801378914,PA
-0.0793765629310584,0.20394723836727666,-0.3558249651370278,MG
-0.04788234280643068,-0.2897363651771619,0.04653264035723958,PA
-0.05062895974311539,0.03472571137382971,0.04555198100398402,MG
-0.019044046138592716,0.5754954388051486,0.31857496891863,PA
-0.04429348369067881,0.5202233862247619,0.0526491333966048,MG
-0.04539780063388329,-0.05453741726517453,0.04033502342683008,PA
-0.049557320453010256,0.41265421168063365,0.1429286301698922,MG
-0.013610699631095588,-0.3254917341377689,0.14589299458827676,PA
-0.08018989420902187,0.015057206985666718,-0.25586338513462453,MG
-0.056699652955084515,0.1843037179979458,0.03303565567473452,PA
-0.05843004401688733,0.0355281707942264,-0.014601806786768307,PA
-0.040309245547773626,-0.10558776256256523,-0.13179138538662608,MG
-0.061770281790339755,0.09161331792299875,-0.09487260534078523,PA
-0.0873620847779711,-0.22890725603095988,-0.4624574142005096,MG
-0.05132977968082569,-0.2454421000366654,-0.4302425354622297,PA
-0.06151858318769816,0.26872105981052896,0.07750740659366981,MG
-0.05557366216794095,0.031329850140917645,-0.06986916876136844,AP
-0.04824587123316649,-0.17589066646366416,0.05866234640917596,MG
-0.04741811228892259,0.04777096320672291,0.15186346953003516,AP
-0.04414374510226667,0.0402738991379399,-0.22985423978220712,MG
-0.06541634164232096,0.44052641636498385,-0.04080958146579698,MG
-0.048060953928542816,0.692543862291268,-0.07535434972148751,AP
-0.04973653842038833,0.4283735989050344,-0.016881051769888217,MG
-0.05123067964472497,0.1770258692192443,-0.22164571044017117,MG
-0.10374377458125358,-0.09171100509506643,0.09286589802011411,AP
-0.050586926164687795,0.40406943446918964,-0.20304405400601738,MG
-0.05525608086753031,-0.1319391695840823,0.22254603580047708,AP
-0.04621422678899902,0.16073798512678014,-0.26138264404974154,MG
-0.13902599767838789,0.0027894020875785922,0.0017620790010060446,AP
-0.05387832600993613,0.4179652708723958,-0.3579902910429872,MG
-0.03170408295027362,0.2212402719093132,-0.24401701860219782,PA
-0.05062802032785367,0.3206883689199509,-0.025078466144822203,MG
-0.06892903484781197,0.32062974374601055,-0.002712473322646756,PA
-0.04850256219408363,0.02754995176823065,0.1616427839902287,MG
-0.09688990076703533,-0.027604658370730794,-0.3307837918794222,PA
-0.052723631472128225,0.22513492269913513,0.04497860332460916,MG
-0.06644472962747901,-0.027446978412495413,-0.27898785054760444,PA
-0.042716450471026006,0.19863029483587855,0.24959516157148345,MG
-0.07585972275632788,-0.029114137848248883,-0.36583731497566885,PA
-0.04959371834937709,-0.12568821516349674,-0.07856896877044166,MG
-0.07341037536765543,-0.2709379308891263,-0.45341173355323167,PA
-0.05493150587868273,-0.19439413802822383,-0.0023556620840980975,MG
-0.05564471472499419,-0.023682484643559095,-0.38777226124022285,MG
-0.07665738587753991,0.12521398308721815,-0.13441548634976666,PA
-0.04778291514074619,-0.04007822356741047,-0.06777552942547084,MG
-0.07618380858767415,0.28051358297316836,-0.017401835889945153,PA
-0.09812726384744704,-0.10164181947699825,0.12056548177265021,MG
-0.05320017376575013,0.35905542512633215,0.056719868697491294,PA
-0.053325957469255315,0.7878551321015643,-0.14817464143756626,MG
-0.051046835468155555,0.13881899086728844,0.21218179682835253,PA
-0.04636503777000154,0.10757413028614016,0.007034416080047145,MG
-0.059632220525586116,-0.28062397449521165,-0.051452262977293474,PA
-0.04772841960061346,0.4519851237430572,-0.3484286125421839,MG
-0.05641046157042255,0.4050714848005825,-0.22122673079100494,AC
-0.0654530630139513,0.4344526449814167,0.012151854140380629,MG
0.0003073408232812396,0.5126644229356478,0.04889371924389331,AC
-0.05743290804306174,-0.17678137641833933,-0.04086181176339588,MG
-0.0575410110252048,0.22895189290995677,0.04344838996115459,AC
-0.04538601026763116,0.023995505556215643,0.1728865256889967,MG
-0.04486401177064342,0.5322748133413273,0.016706401055578104,AC
-0.05605810878615267,-0.029270382300113224,-0.03407591292516202,MG
-0.04512160229998419,0.39184855811699953,-0.026302191803727292,AC
-0.05069895584624094,0.42314061926688673,-0.3075726690807546,MG
-0.049843467490402284,-0.15529288440603534,0.0008073104316250784,MG
-0.051794912352279496,0.46758232055672516,0.04330499150751272,AC
-0.03225219604016635,-0.003034903695154047,0.23961661345887048,MG
-0.05626489518794297,0.6556352204330315,0.08129712801189332,AC
-0.043500885313609995,0.1544867578005106,-0.1445870455780277,MG
-0.05199447694168951,0.44069007309170155,-0.043020025732356415,AC
-0.056497394298535786,0.003556613114847021,-0.2362511802785282,MG
-0.051354037246281785,0.3494372766385019,0.38574420870962983,AC
-0.048227937929091226,0.07232066157962608,-0.10023580491953522,MG
-0.03458149004679096,-0.14373020155077926,0.5082688593796272,AP
-0.026827720115690117,0.1456344147957662,0.07444009973436708,MG
-0.032033566173021596,0.2015686033971306,-0.11522986122789607,MG
-0.05909446029394568,0.2216386601347895,0.056070937347818865,AP
-0.061756963764178274,-0.04370443423472918,-0.07908709460742415,MG
-0.07484764080485702,-0.14816580014296035,0.3706453549751852,AP
-0.04351944609835441,-0.09379387928636086,-0.1518657552324371,MG
-0.04692590201058934,0.5504783956859846,-0.29502637397994447,MG
-0.061613055950502565,-0.16628675110948382,-0.7629810379681926,RO
-0.054608138273593024,-0.0024242436115063915,0.046242675013598696,MG
-0.04090595083958191,0.005231049417552503,-0.8544991331657367,RO
-0.05258735390665059,-0.07322756123845235,-0.3869745511225858,MG
-0.04406979063669051,0.09056958625419897,-0.9921643126662218,RO
-0.048350366780008036,-0.021116923440922697,-0.050441611558616824,MG
-0.06470564227101575,0.18082734657945282,0.18602223487229777,RO
-0.07928109173021816,-0.31945959876411456,-0.05220759885928727,MG
-0.05098365458995181,-0.09569048024625389,-0.7423907849580842,RO
-0.03930672204350401,0.09246522767209361,-0.20259419173641086,MG
-0.02722405967990706,0.03811329332803412,-0.9543242180637382,RO
-0.045841485930584465,0.16911608278190904,0.12265542162713965,MG
-0.06395728387077448,0.19562552242031736,-1.0988325349350574,RO
-0.06367349927994866,0.02909296094166477,-0.16935017259779978,MG
-0.057961046051393766,0.16694573643184504,-0.355246022083595,RO
-0.056652182651732115,0.14616313953042329,-0.14184762351075544,MG
-0.03984838092188135,0.15170269818861828,-0.4835021168008799,RO
-0.05330143087811745,0.2382337970377998,0.06467436531106674,MG
-0.04434738365801359,0.0,-0.39044802431602926,RO
-0.04810392247680618,-0.014833399294101062,-0.23424815133161858,MG
-0.054066938899905166,-0.01869213301215252,-0.717051015688305,RO
-0.05267673164178259,-0.42620857520633454,-0.10013848076626361,MG
-0.04612426705909526,0.14103330327631716,-0.5326729100643306,RO
-0.06779233883347462,0.19176195057304168,-0.37983039259597995,MG
-0.04687888367948147,0.041019019444545335,-0.610115522688332,RO
-0.053214460332502954,-0.10768339707396604,-0.7251692264376519,MG
-0.09666529728033345,-0.04154283751370909,-0.24616419403143147,MG
-0.0580179061685178,0.2979596552100212,0.11728025572724476,MA
-0.05001999511840084,0.193458258859677,-0.1049120129970583,MG
-0.07490488035357537,-0.23174932647561303,-0.247509438693474,MA
-0.04860509997005018,-0.03377431711860404,0.3268408460358595,MG
-0.03477058585584392,0.05655216950492115,0.30895209310531385,MA
-0.05280578537176228,0.03288786684483521,0.11094476126172344,MG
-0.04341954416323041,0.5305468874072701,-0.3014869020463482,MA
-0.060227524374406524,-0.13077023118319459,-0.32173213675597745,MG
-0.04828784612013719,0.5129013899498351,-0.2759004145152764,MA
-0.054391594882053106,0.23811291642237017,-0.09648944067553533,MG
-0.07565340908139427,-0.05399930724940005,0.22342681991686097,MA
-0.047417534122911977,0.23780070911418327,-0.191712760739057,MG
-0.04972215067245442,0.015538603427779166,0.2629750340963359,MA
-0.04367347393136707,0.794093824323739,0.10456072250778099,MG
-0.054477637689087643,0.22892057489113196,-0.11755402475608136,MA
-0.051003733826523935,0.08397972063287593,-0.13082263103210318,MG
-0.04797192827565393,0.21426530474928668,0.06400968836475569,MA
-0.05108243642657895,-0.01298719552681119,-0.23787847149298205,MG
-0.048235811031720185,0.16194799028728998,0.14235908902703343,MA
-0.11495895160969047,-0.11367062410329086,0.3508920806504665,MG
-0.014492726825384631,0.04700725801512891,-0.15644364154568505,MA
-0.09333410408250187,0.07649905400580241,-0.17070733537099675,MG
-0.05328291762600638,0.37694993780014313,-0.05455709316477676,MA
-0.05094614049574709,-0.049645230489165366,-0.7234728641443586,MG
-0.05887007859324167,0.029297341434390837,-0.10098997081119357,MA
-0.037422042205661636,0.10198640870306863,0.24027226244318137,MG
-0.05156893390454987,0.4738083262893995,0.09458687025854376,MA
-0.06507123840495141,0.12138212161039451,0.21296197017480822,MG
-0.04365616717990675,0.4261442734317248,-0.3059777663757508,MA
-0.051792143708920255,-0.028437935320533514,-0.07479158993067778,MG
-0.03458607227132886,-0.3162811291776417,0.06284071457828136,MA
-0.05932295683948242,-0.10724553035359756,-0.3019084735440561,MG
-0.052452136470007626,0.036105004642116356,0.055960326081354275,MA
-0.049293502503211156,0.2187671767144108,-0.2122905427995269,MG
-0.053291733300331545,0.1969982712098875,-0.09038521227929953,MA
-0.06087468921563432,-0.13639262490555476,0.2955262256022068,MG
-0.08091152539524549,-0.10219830463968516,-0.0376367855370413,MA
-0.05497709800044577,0.09902075920086041,-0.014344839549147951,MG
-0.04993906164074455,0.129889421936954,0.003984352598360549,MA
-0.013820616656583719,0.10624979984271045,0.1687304758849172,MG
-0.05719766810706731,0.00485045413374948,-0.01687962688864344,MA
-0.044442943158185616,0.13741901017324232,0.09276826194900968,MG
-0.07545403107569476,0.11339268735509053,-0.04632043118692288,MG
-0.05219469494849346,0.30676573281712033,0.1260425786653108,MA
-0.06564528140880162,0.112117298120706,-0.14905020165319882,MG
-0.04978485585642962,-0.11238424953713394,0.13515414976942497,MA
-0.04056678799805223,0.052904898281892127,-0.5727763614224664,MG
-0.05820014411271366,0.18751637367105867,-0.15092940964729612,MA
-0.025096722632775716,0.2681651186327619,-0.14247081226138253,MG
-0.0977147792992456,0.05474339706518884,-0.09256498318407437,MA
-0.11409489282879838,0.39974635064581876,-0.15650061571383228,MG
-0.04444244527283579,0.28326882556966254,0.2655857284624384,MA
-0.04365318515463332,0.009600073729019137,-0.07579014006077735,MG
-0.0481796714225571,-0.13969068244327548,-0.2725568605444095,MA
-0.12855602539122302,-0.09077185817307358,-0.3335838140006967,ES
-0.053221960985605735,0.7343731338818965,0.07712396917937804,MA
-0.04196276053009432,0.37789042096428166,-0.14183000014073582,ES
-0.04330143092999714,0.15304214070294647,0.03445325667559032,MA
-0.07461042509160519,-0.07091872668016573,-0.011709431095457908,ES
-0.054246202162200115,0.065908068339184,-0.47982756333005944,MA
-0.12025922590125741,-0.11986666304685506,-0.22683162663340098,ES
-0.037092573021613055,-0.15575169133418562,-0.1985584194017069,MA
-0.08005497735357892,0.03703654051688498,-0.4730199626900831,ES
-0.06110162741348989,0.21530851807702278,-0.04540117123405209,MA
-0.03895307585611764,0.1492554717964048,-0.25773020914173095,ES
-0.04302569619791467,0.00530661622648703,-0.19641294295037243,MA
-0.02166647045941422,0.09056861610186162,-0.06972964243229468,RJ
-0.034295168616384895,0.16595550301531006,0.18318801943780455,MA
-0.0417493677881046,0.04944121832566533,0.05660856050891766,RJ
-0.03537442738153701,-0.23433155876793593,-0.031343787168805405,MA
-0.03371776714076508,0.2500154632109043,-0.14923535404262459,RJ
-0.05011050023893396,-0.06853510082205658,-0.03236518854019524,MA
-0.03521718456920779,0.033488669754043826,0.0394604998299757,RJ
-0.04676745046712498,0.42021191912831446,-0.02003619629605745,MA
-0.021892033179176797,0.12468755100292789,-0.18180169923958855,RJ
-0.04912863367324901,0.24125949896069235,0.005438149049525934,MA
-0.1408778106103857,-0.5539810082351758,0.2975550492109143,RJ
-0.05170902080162056,-0.11111711050216304,0.11213071247424683,MA
-0.038965258842500454,0.10700445088365572,-0.02444120079836645,RJ
-0.016076293532881744,0.14660347419187544,0.025109324391543505,MA
-0.0577992254776583,0.005295687574710503,-0.46211366291671013,RJ
-0.04957760674458334,0.2530906276821619,0.024850337697011927,MA
-0.05447944684802007,0.00927754756820483,0.34766457083834984,RJ
-0.04098932981192335,0.5077439572285827,-0.12393918455625885,MA
-0.09114995482282533,-0.040397317836029296,-0.044277531083232416,RJ
-0.04950187309048312,-0.18945352793122613,-0.13723065650656396,MA
-0.05743986496085374,0.15813872100521378,0.15714505749456528,SP
-0.05286236174019486,-0.041195756438267284,-0.1353408167299428,MA
-0.06772578012601892,-0.20206240171108827,-0.010661926623768789,MA
-0.07517681128985158,0.1631655509234737,-0.05790470569094194,SP
-0.05223392753706295,-0.020834086902842025,0.04804489256006207,MA
-0.07136308355275199,0.06416194421728585,-0.2780366768751228,SP
-0.05885583257384109,0.10502690431194651,-0.08778014243399866,MA
-0.05083922760060205,0.61464132264751,-0.09241763762696846,MA
-0.03782013109294157,0.34879618765234705,0.30637038195524324,SP
-0.06844658901362444,-0.017094433359300068,0.03737305730157772,MA
-0.13335410374438644,0.24372713846874658,-0.11492996667397698,SP
-0.0352313711135161,-0.03582730535273138,-0.3917287182200723,MA
-0.029429916057478796,0.07916819952860378,-0.20373404337004436,SP
-0.048511039138578814,0.112117298120706,-0.1459094115749344,MA
-0.07119787030269545,-0.12448936415254737,0.07542506596185157,MA
-0.005935642468886075,-0.2054276847842056,0.04883056474827503,SP
-0.07976631949278158,-0.13758271484370127,0.016517568130312518,MA
-0.0422272202222018,0.30516323740659845,0.18011810382751975,SP
-0.07460820150821079,0.058840500022933395,0.16487237590205425,SP
-0.050412909649858784,0.10933666403746563,-0.07122542492349425,MA
-0.05025230195915345,0.22036962443148458,-0.12111001873194834,MA
-0.035390214578812286,0.20599327387157576,0.3146315141566195,SP
-0.05236146212467126,0.18355308404320136,0.018029882311274576,MA
-0.05774232585145049,0.16397241812575813,-0.13227904824162937,SP
-0.09128849777952841,-0.07870929332965769,-0.12006136024896728,MA
-0.05252956403634626,0.24676180266241818,-0.5073843211896498,SP
-0.033128305775010934,0.08671530000745205,-0.08435659020876413,MA
-0.033404635418043886,-0.08186387007817311,-0.13666257823685052,SP
-0.05270587685155923,0.6480267452794758,0.43940692096603257,MA
-0.03237096082216666,0.1570037488096647,-0.7140594205109182,SP
-0.050085310376355205,-0.027424886629974887,-0.19128058737932735,MA
-0.04373799720592279,0.13171815550034172,0.11094717558389071,MA
-0.03711037322302233,0.19478832555908465,-0.47961488715584916,SP
-0.0543807472809443,-0.10469992015416389,0.24928972697109347,MA
-0.03666760520993154,0.2507279180001635,0.12700562113281577,PR
-0.046551758387696394,0.0456633084221363,0.019350175601424092,MA
-0.04832522558105747,0.18805223150293962,-0.6764495701556202,PR
-0.05988655983383597,-0.035316671924899845,-0.09300686541637981,MA
-0.05869768769435946,0.15456228715967998,-0.5073190097382493,PR
-0.07982598967121858,0.21256144198367288,0.09550820115123955,MA
-0.0385990935083077,0.2942846513394508,-0.08956442403634395,PR
-0.05076824356810431,0.07177606281874313,-0.11959703069414758,MA
-0.09451791207764447,0.5027703443056725,-0.7331806965594593,PR
-0.04746898143948019,0.01774444529907191,-0.05258572059547859,MA
-0.05626972044128734,-0.34729447525329626,-0.2957534590129121,PR
-0.0461765023130965,0.1293726907978863,0.11947378000926769,MA
-0.059788682533362815,0.08078832121570995,-0.13330680505083206,PR
-0.0530411692771968,0.0769610411361284,0.07928697856219623,MA
0.001011531189012374,-0.06792798096640298,0.19475534081607151,PR
-0.10056793240607216,0.08453378335905848,-0.34157444595547065,PR
-0.046034386268761114,0.2706115585890244,0.01882479401448739,MA
-0.05648385654983737,0.04283309999413652,-0.209866046574401,PR
-0.07284634665259335,0.26646019408890076,-0.047384242677123996,MA
-0.12406667439476211,-0.16989903679539747,-0.06434579958749333,PR
-0.05277696887439008,0.40034127110829504,-0.006473688565601154,MA
-0.03411955744430915,0.3286850460694443,0.02193838071314234,PR
-0.055989962972106413,0.13733127053429747,0.2002125771216415,MA
-0.02045070746945816,0.16850636707609612,0.15166118213710292,PR
-0.0525865230271687,-0.06971796297912014,-0.26473750660621614,MA
-0.0694177000238472,0.33135713595444244,-0.4080313676467167,PR
-0.062349520206190875,-0.40880959283101165,-0.12569850231251511,MA
-0.047125051131719976,0.19371856911464672,-0.2590959409231701,PR
-0.045136870079983946,1.295322582914164,0.017844244992689735,MA
-0.06606860125146188,0.02135312447056906,-0.6377373889754728,PR
-0.028842433842035678,0.08560245152148564,-0.3375341289082263,MA
-0.05554630754850818,0.016886588364729442,-0.3422329090271209,PR
-0.029964617094701544,0.10150018449084716,-0.06601469076476131,MA
-0.07303638743477585,0.1342642618401754,-0.48209668193767574,PR
-0.04070218291014751,0.2382337970377998,-0.19998141358606042,PR
-0.0717031607276811,0.44505935539009706,-0.18312197053011897,MA
-0.0997914794115689,-0.6031815916728842,-0.26156152429875995,PR
-0.03554110862448575,0.19539658526256704,0.07770399258344696,MA
-0.06847408559308982,0.3253019801677516,-0.3732508637443102,PR
-0.07162300587480712,-0.11953404293269614,0.23384834225174736,MA
-0.03496184701818848,0.3756508453977381,-0.16393802117223868,PR
-0.04953006126439942,0.381583376104777,-0.04256673015527953,MA
-0.10691116207731662,0.06749549162144787,0.1399408492546055,PR
-0.04919250176339774,-0.04194586073793098,-0.2699216035646091,MA
-0.040282608646227715,0.16622149466561997,-0.6218928201590768,PR
-0.05253186700245017,-0.2079865267327813,-0.4649694369868611,MA
-0.06704849648492946,0.09444193577322371,-0.40946991334917626,PR
-0.046201207212189295,0.02271651632979437,-0.45701187243646607,MA
-0.06368617685586074,0.11133437212984981,-0.05744167043757932,PR
-0.052542285878381695,0.023530497410194036,0.01793628895662851,MA
-0.057981755943043146,0.014025475354504458,-0.49943565076056784,PR
-0.05578064800046174,0.19547587858504717,-0.16515584109462791,MA
-0.047588808914258464,0.1337678085600577,-0.12853263268696974,PR
-0.06343051994360767,0.46144437585006565,0.24838907287453327,MA
-0.06978527203517995,0.8423934856721139,-1.0631116032787673,SC
-0.05175358488779962,0.08551037103401209,-0.24636557341857868,MA
-0.056624007004970854,0.10128244417444746,-0.7175569526650338,SC
-0.05976093044971141,0.05087321975635165,0.14520708910788474,MA
-0.08969665252435208,0.25956727129960055,-0.027093682472893198,SC
-0.08263029327610201,0.5808480080411969,-0.14780420686398885,MA
-0.05199271426077507,0.6095604644516797,-0.6144757770640981,SC
-0.031915882289982406,0.2538871078578462,-0.2745827582037584,MA
-0.0652975027557767,0.18751637367105867,-0.6852441553686268,SC
-0.06071007244791882,0.11573207650879809,0.1671176200223389,MA
-0.04558207905347594,0.02061928720273561,-0.41648231540089253,SC
-0.04884391505024986,0.0674350908189617,-0.23873502390618498,MA
-0.04159901338659884,0.14435495887010374,-0.18699829181823885,SC
-0.045361943968582286,0.13379845097835977,-0.07339066719144452,SC
-0.055058702897639936,0.41776263591857055,-0.0673171558244735,MA
-0.07444478279609576,0.12800956744021472,-0.6555085485893154,SC
-0.09335978524498671,-0.12079108888447197,-0.011358064674827298,MA
-0.045129078501706624,0.4519851237430572,-0.5837437084284938,SC
-0.06720000457414155,0.3730372926197754,0.06197527033599805,MA
-0.07190913940214451,0.121645109422327,-0.7704906778890133,SC
-0.04457302949376736,0.25369255068587354,-0.11581513375425413,MA
-0.054138562681680255,0.13542533258459344,0.1218910292889268,MA
-0.06140092630346461,-0.10432905605116406,-0.3247282183229423,MA
-0.05238374827782508,-0.0440322701505034,-0.06685935680327369,SC
-0.05705418650179833,0.10992753571607454,-0.1620655584164375,MA
-0.06409418226726937,0.789975579279375,-0.08764379561604951,SC
-0.05218786382929243,0.09806121317621473,-0.00688647546862069,MA
-0.10629899495186557,0.2614797000577569,-0.9188544210062092,SC
-0.050055197376229765,1.213681618452897,0.15617121739867804,MA
-0.04716884160197268,0.023295562603522082,-0.32943820996383283,SC
-0.08688602127236399,0.3004564755459864,-0.17394909216356108,MA
-0.04838460466066824,0.2915208487589465,-0.7829850502936099,SC
-0.06297448404664885,-0.026336342304461295,-0.19416275184601323,MA
-0.048694549135348986,0.15167292205551022,-0.6642094468510152,SC
-0.052886181149179166,0.12266836720116572,-0.03142976071817998,MA
-0.0865758635820437,-0.008163310639160981,-0.3299064989656529,SC
-0.0778504186640396,-0.18994548190461397,-0.31222021711790715,MA
-0.04550460592627257,0.5039938294742874,0.1468517305222602,MA
-0.04190798518025419,0.20359895524123955,-0.4258855166797534,SC
-0.05343259727842984,0.0916913580021932,-0.05949278375890277,MA
-0.032265377925268526,-0.0656441044453208,-0.8053481414212982,SC
-0.053492921620318656,0.19905834914947848,0.11048873919013079,MA
-0.06078181540688977,0.03323568743615856,-0.20389506979743355,SC
-0.02863549807514605,0.25789498328519395,-0.17372448692524364,MA
-0.1374507982537091,0.20656326017269647,-1.1557194956726662,SC
-0.1286292006582991,0.26469255422708216,-0.5725399202820858,SC
-0.05358493970189578,0.054793593567999066,-0.054041225021735556,MA
-0.05268699092191407,0.13353139262452257,-0.610939685511828,SC
-0.0500101580131969,0.5286434670827844,-0.33412626781314697,MA
-0.07809534669854915,0.11075136429270266,0.3940242489800149,SC
-0.051514083945428155,0.04510931125312662,0.03224602727760036,MA
-0.0569200087057707,0.4091214193112749,-1.059093664174069,SC
-0.08086432878076874,0.12029735462309657,0.11703028413101493,MA
-0.06890790654380671,0.10146946016485965,-0.5557400009373447,SC
-0.06088272708743488,-0.06083805922672484,0.2849304233037274,MA
-0.06029103363327446,0.12216763397420756,-0.8674005939477508,SC
-0.06673237139570075,0.11905468566624859,-0.20604972388638726,MA
-0.051183731879390106,0.931255799889943,-0.04539434667092564,MA
-0.0372409390804009,0.2741500662332047,-0.47672384728875195,SC
-0.05951186262659858,0.0,-0.030635936036551344,MA
-0.14674371367800623,0.12223455334117526,-1.0566006311030955,RS
-0.045824823212198273,0.3806611307423562,0.05193260050314357,MA
-0.04019994109693494,-0.013072081567352775,-0.006593422349574723,RS
-0.04274240941254602,0.47505839990735965,-0.49139407500256155,RS
-0.048977311024128445,0.31607256606630174,-0.15049302457009098,MA
-0.05354147622648016,0.5212969236332861,0.23373350369209656,RS
-0.04983364058287308,0.13584068469842564,-0.01658658789187727,MA
0.0016407124822527142,0.3825808142745765,-0.42469298145504975,RS
-0.09369732153826739,-0.14545787439185848,-0.5034292846925488,MA
-0.04800164334524478,-0.03600221387263686,-0.3501614758271056,RS
-0.07464817132295812,0.179416497309975,-0.26429005728327815,MA
-0.14172543776706154,0.15170044889236675,-0.599749013631679,RS
-0.05219996897074348,0.3499532565473727,0.1577413332643401,AM
-0.06250769024567554,-0.1683896936767283,-0.6726077953851648,RS
-0.04917124868111947,-0.09716374845364774,0.08857504831060152,AM
-0.027548506907870644,0.44010942861825053,-0.8343426636016176,RS
-0.059489839173818886,0.009313222146667683,-0.5435991512079206,AM
-0.06080300775837392,0.40032370860774574,-0.3838402534607484,RS
-0.03200066017416311,-0.25727899376396635,-0.2829258366769155,AL
-0.06708251918158364,-0.09564807472222128,-0.1885705084370806,RS
-0.06955910943106063,0.02580953278359732,-0.5927579640249788,SC
-0.06723844318876687,0.12819804664916004,-0.39635294253000547,RS
-0.03764704452886316,0.03207606032532422,-0.8444588109655445,RO
-0.04564894141029631,0.05129329438755048,-0.05003776904227374,RS
-0.04391494599324847,0.37658772159025833,-0.6812002089305939,RO
-0.023751332973707885,-0.058063800954761206,-0.3931146316239211,RS
-0.050154769743165184,0.028131250250358897,-0.4759929468036073,RO
-0.03162248372718171,0.21278076427866321,-0.9160246510339849,RS
-0.03781959770151752,0.3989481925724357,-0.615001055018485,RO
-0.03230929867626795,0.29881391282062514,-1.018197012663894,RS
-0.055479954434582826,0.11068195985217877,0.05901815185201197,CE
-0.06006411656733784,-0.08382486044228206,-0.35774670052732693,RS
-0.02430814706657025,0.6985746022953103,-0.3444022239721608,CE
-0.03778144111976724,0.1424203400417687,-0.8854847555286458,RS
-0.05060636046025645,0.09767891363987546,-0.1447814891025777,CE
-0.0647850437382042,0.11980119981262058,-0.12445334411454034,RS
-0.05265907144244363,-0.005502077153983422,-0.08275658851225434,CE
-0.09007175875108037,0.12408322924214374,-1.074349224556041,RS
-0.08915726844874668,0.19561426241588623,-0.28238221437250816,CE
-0.030201283992997218,0.2028328584666464,-0.0434570459623914,RS
-0.051980127962179254,-0.10966032211940692,-0.18353397217209888,CE
-0.033673827311516816,0.3388815538086327,-0.1761845269220043,RS
-0.07313936397441342,0.08235103516181963,-0.008513819555112148,PI
-0.0898782555916039,0.5658077581833438,-0.5805956470309335,RS
-0.05161620285233234,-0.06009133587365666,-0.4324756875269577,RS
-0.05546927505162526,0.445164977954849,-0.01106269264027155,PI
-0.040385708406330614,0.2358570045871949,-0.5484527895937557,RS
-0.05048913747913253,-0.1823215567939546,-0.05816247449548904,PI
-0.029533576406011085,0.21765346809129738,-0.04744443360176934,RS
-0.02883652495066763,0.025799122670241387,-0.043719752255262076,PI
-0.027377336054066018,0.29389051811426503,-0.07533135029240572,PI
-0.03197043078333793,0.21484474849951474,-0.6220156520468214,RS
-0.1141200080338993,-0.05120572487919731,-0.3501216175061841,PI
-0.050684967022389546,0.3143922227793547,-0.4398756055382553,RS
-0.08356776511062083,-0.15523234569799932,0.14974922524290665,PI
-0.06126717420001102,0.22225426712932567,-0.5870300607268476,RS
-0.0441179320104146,0.2078371300315341,0.3367744814609615,PI
0.0007579025412006884,-0.3228721918481732,-0.7484340080896593,RS
-0.050348209808377106,0.34665607491133205,-0.13968735504409904,PI
-0.05787919875303284,0.26003054112127083,-0.7232704477889819,RS
-0.10959206095413304,0.24003478806940243,-0.0852870931019273,PI
-0.07050058376512118,0.14136108983748172,0.011952562031052785,RS
-0.03579615720140188,0.23052365861183235,-0.321996228534565,RS
-0.0722505921156199,0.20844376219392055,-0.07775707235115527,PI
-0.052877410503898936,-0.025533302005164762,-0.4499831463194109,RS
-0.05789586409494542,-0.16824203558776793,0.13395541465827365,PI
-0.04709182712793051,0.08718389488878966,0.19944166270093608,PI
-0.038366595413166255,0.36216830235484015,-0.3654788438162773,RS
-0.03740671905904015,0.2999221273462828,0.33718029788529563,PI
-0.08145423680408519,0.22884157242884745,-0.29850693789200844,RS
-0.08523868449547303,-0.08487233874088028,0.29844559114347585,PI
-0.052986709566412014,-0.10391634941268989,-0.0586881587096139,PI
-0.047957295570440074,0.31345669514039615,-0.8237451194999081,RS
-0.04939298173015043,0.03466198170091846,-0.026015823205728438,PI
-0.034377373323658755,0.38732644062699473,0.38960073225280073,MT
-0.04105065325808503,-0.22105077064107917,0.27258090680391894,PI
-0.041865283348578294,0.17896584894698236,-0.7586320036291962,MT
-0.0529272359724802,0.10536051565782635,-0.13405150596620488,PI
-0.08157404514617436,0.24347597994728531,0.02632492411804647,MT
-0.035986866637069674,0.22812419249023755,0.2468643163190252,PI
-0.0203740680533947,0.3851941437345453,0.09732241159485164,MT
-0.07029570809774709,0.11340262519390877,-0.011476085198399578,PI
-0.04433124871215142,0.20103868074689243,-0.47344586511913556,MT
-0.0532925238392257,0.13016249555841777,-0.014278298130677837,PI
-0.05737936645326303,0.03355702385565846,-0.09187724464412098,PI
-0.03207036688766229,0.12921173148000625,-0.7265158647218452,MT
-0.04073594775306553,0.24435115062876117,0.08316743165393553,PI
-0.028163871749151054,0.3662942814630873,-0.7392537405819506,MT
-0.04391955842486515,0.33874755045834837,0.0585620653526504,PI
-0.09118577437970318,0.31994293467000234,0.06573003404147217,MT
-0.05823948073243085,0.0801920617175748,-0.14388186674477446,PI
-0.049530043130325524,0.36280325540104047,0.09117703197051528,GO
-0.05139070583013335,0.12045297903773061,-0.038539698882292056,PI
-0.04046416781723349,0.10735851832049932,-0.057734675972835596,GO
-0.0530426963352634,0.06252035698133393,0.023223399625083355,PI
-0.03276430450672853,0.21951524658796742,-0.2614679579841455,GO
-0.03241960671040131,0.48535006634006966,-0.08456657969865299,PI
-0.037704464078415795,0.347149956140392,-0.6257100975488348,GO
-0.049006862207077846,0.38566248081198473,-0.16441122423598822,PI
-0.06532977380566031,0.19498611963527643,-0.17509445012071206,GO
-0.04036826918638293,0.0,0.11356982466865305,PI
-0.032415827213611074,0.3596555720768701,-0.5543242206702615,GO
-0.04959486952369479,-0.002824860635554739,-0.0761230109410441,PI
-0.022237116288606168,0.054954375338397546,-0.3177691528204111,GO
-0.06135103000914284,0.3086087354948314,0.18716264152724743,PI
-0.041608728921899624,0.24874199353370877,-0.5015927298999681,GO
-0.04164943247564939,0.12629372532429206,-0.2528599052367371,PI
-0.03896907613283694,0.12114438335908838,-0.1851541579588523,GO
-0.04533313041367256,0.13213999125909465,-0.3153339951212226,PI
-0.11021629823232325,0.5468405964466998,0.42318072263188167,GO
-0.04883855506288655,0.07085593676734447,-0.032113920196431736,PI
-0.037715765995127104,0.24379833034495582,-0.4493129563749573,GO
-0.04297617698285703,0.08478711225558146,0.09837568495680146,PI
-0.062050130551538775,-0.10684309561804915,-0.023659247135896948,GO
-0.05182682862417066,0.534803622472651,0.10177963854650089,PI
-0.027129261235254797,0.09755629016624479,-0.16788595106271603,GO
-0.020908239845017537,0.17410675908423465,-0.4073087244164769,PI
-0.028551880955559657,0.4183270217505721,-0.021558561366516047,MT
-0.05197042927583003,-0.2578291093020998,-0.256310370657461,PI
-0.08887702245881472,0.29369950945312684,-0.9670293094296784,MT
-0.05339403202244541,0.19806991376209387,-0.17902267362002777,PI
-0.032002860259382024,0.27811743875098865,-0.4862988723327916,MT
-0.0490468379585657,0.19740804982733487,-0.16261499873032265,PI
-0.06499080691353656,0.26080905420068456,-0.5291887224654186,MT
-0.04107137717881087,0.262866903332057,0.36718214280073763,MT
-0.03856957321631226,0.16251892949777494,-0.0960124476926381,PI
-0.05771697519270981,0.4054651081081644,-0.8487823267821686,MT
-0.052993778524377345,0.0931688513629817,0.28814703972357525,PI
-0.05367456603637594,0.1124779834266903,0.16783119670865504,MT
-0.0518325963020353,-0.051533650115182905,-0.05169257973374465,PI
-0.06338675186510292,0.18487257858555992,-0.7912198805251948,MT
-0.05350277544661402,0.16743991194594102,-0.18460375951095026,PI
-0.02959103994837247,0.025001302205417186,-0.6608031892200413,MT
-0.04033171604053265,0.018996500690655085,-0.11991711936654394,PI
-0.022630584193210825,0.5001594611456185,-0.4686254506860539,MT
-0.051193108679742444,0.27738332025120643,0.009816997802879448,PI
-0.025090833751974663,0.2999065138124716,-0.18634730102058722,MT
-0.05226880441637841,0.029341958284015375,-0.1749002533483275,PI
-0.04512976354927602,0.4349875473744862,0.08650824743817838,MT
-0.053654485635306115,-0.14406456643846743,-0.2445975752484693,PI
-0.03518373285660737,0.1372868737752534,-0.5059051484726936,MT
-0.046101713275646376,-0.3250271903753401,-0.008287396457656785,PI
-0.052131477982116814,-0.07145896398214498,0.15381297805484673,PI
-0.10683500335058017,-0.02690745291992438,0.30036885182020656,PI
-0.09489772224573897,0.030305349495328843,-0.09519490416480098,PI
-0.05184628402486262,0.05292240145434253,-0.021294834668281554,RN
-0.05675221512910321,0.07196710214313813,-0.0856662723668173,PI
-0.06027052424218724,-0.12879707637825,0.030388482740688602,BA
-0.055847769798586015,-0.1514516228580933,0.19747038547515852,PI
-0.050552422447115525,-0.38169799303873575,-0.07342340407530239,PI
-0.07051020500185655,0.02871010588243136,-0.5915351024939275,ES
-0.06460983555291153,-0.14105739272526024,0.16602816253889927,PI
-0.024935633621324543,-0.04597734918720817,0.030433358388095556,RJ
-0.02494820656929169,0.23819557585179163,-0.8235266288916033,RS
-0.05105679082925146,0.2559333741372007,0.2841953825560897,PI
-0.028492447485207916,0.386580426717637,-0.8082623152744478,RS
-0.05221111639556398,-0.210611135167402,0.042167585992494025,PI
-0.0621780668861687,0.17627924233799197,-0.8867488470020535,RS
-0.05491067916937431,0.12027465170343576,0.0550224901328319,PI
-0.028689110261508236,0.23312308820134656,-0.7766471086173397,RS
-0.05253047756937406,-0.1567447150043049,-0.14432841005190924,PI
-0.03151017857470963,0.1391128024627178,-0.6502010195661325,RS
-0.07170950966216216,0.16425053166205286,-0.05714866936106605,PI
-0.03498705783508832,0.3907046925250438,-0.2420321455425313,RS
-0.04878282228235816,-0.07609934353864717,-0.12309530321448839,PI
-0.06959926507244017,0.17366349405084008,-0.570190545889353,RS
-0.04072824975232965,-0.007851975282685355,0.003220875331650256,PI
-0.06375463435227277,0.4882373943920274,-0.6858690346192026,RS
-0.04977133012569172,0.3955803488756224,0.07101108090505795,PI
-0.03391224326768669,0.35639866268265813,-0.6294134676567825,RS
-0.05122893419903115,0.0,0.2794805461855332,PI
-0.0552036262367933,0.31585294941847725,-0.3624336973856055,RS
-0.05211461820833763,0.4693995821116938,-0.19782074018254517,PI
-0.04320851899898365,0.26175838744198926,-1.0240656622984672,RS
-0.05090176045937015,0.20576859684385665,-0.052330272204885654,PI
-0.04562975966506255,0.19710925694833395,-1.1867933932446173,RS
-0.09028617605159076,-0.016997576368571136,-0.010616605693086159,PI
-0.1476186873827189,0.0408219945202552,-0.04955745680477671,RS
-0.04858172864402704,0.7356004968122845,0.019159379007788583,PI
-0.08952895443158874,0.17461651041954943,-0.8039103263674557,RS
-0.05813623773448294,0.058496206681608626,0.16639720845966996,PI
-0.04527048218912319,0.15624931648417958,-0.503197617375586,RS
-0.04055456120808218,-0.36477601278406474,-0.0814269310875944,PI
-0.045018854877241596,0.3667505959274739,-0.36020018006468685,RS
-0.04836553014749479,1.2165999279057695,-0.07917996937099901,PI
-0.03504455925582896,0.5007752879124892,-0.30674064005945917,RS
-0.04708109550305998,-0.04930576098415407,0.1318467639262379,PI
-0.08275211218827656,0.10584583476465852,-0.6302873198950582,RS
-0.047713116010951996,0.25028866319568455,-0.3116087512131519,PI
-0.04269449465252957,0.11135943525760424,0.08886869857275423,PI
-0.041114595685616484,0.01680711831638119,-0.2825393260922078,RS
-0.07120103039828302,-0.01078970742138009,0.0480309678366978,PI
-0.03900493465407729,0.22377827047230076,-0.7093695773225909,RS
-0.04170605893233617,-0.0006196853573867918,0.09742218502515966,PI
-0.050784881593883016,-0.6214203508917062,-0.11082162705061581,PI
-0.0424296552881947,0.23852283649369738,-0.7883744010914499,RS
-0.03805317225525243,0.8904778008416753,-0.16063010709203002,PI
-0.04056181493855305,0.15290767158766125,-0.6332870270718766,RS
-0.05536056979067903,0.19730232013032234,0.016650548968871647,PI
-0.042336490361429426,0.24770431605680637,-0.9079196575403734,RS
-0.04285144588318277,-0.026513141130799993,-0.3526279675464914,PI
-0.02671411974145193,0.11778303565638346,-0.18413263744778785,RS
-0.07373851354988654,0.1713582519966851,-0.002147930844862954,RS
-0.05164140165350357,0.13443026908953976,0.15551281768785608,PI
-0.05609530709047261,0.1746852822689661,-1.1231581719117845,RS
-0.0005855563529624026,-0.27426625545910854,0.30162892435546695,PI
-0.031715914278494906,0.10738891391921908,-0.9496039676656294,RS
-0.04509708160843324,0.03096714297976018,0.1979242838352314,PI
0.008276687329736639,0.24651741938740884,0.19316993179372594,RS
-0.03186451548843597,0.42952267648016645,-0.19112933867404314,MS
-0.05183703873244969,0.018237587549780793,0.09314216820316293,PI
-0.06811700899718429,0.7237207605888323,0.2882957639336646,PI
-0.047250433325025855,-0.4815888035809651,-0.124562355595135,PI
-0.022213335822337043,0.28085610738138106,-0.13952685272502563,MT
-0.07859556656066932,0.31203110146206736,0.15016783284471574,PI
-0.07293593743718985,0.1306971913886474,-0.13148087771827685,MT
-0.017110762116833992,0.5022048807220837,-0.0869507857904051,PI
-0.054495279474016514,0.3364722366212129,0.06753033439879047,PI
-0.05116461044318049,0.5699688215853251,-0.10444988689085644,PI
-0.052310421227149816,0.16592774701827817,-0.2137170205539322,PI
-0.05626570673137183,0.4083100602403957,-0.011931551064490373,PI
-0.06225785434659452,0.050010420574661416,-0.08793897771937945,PI
-0.05251881348582805,-0.04431104632491102,0.004135468421673172,PI
-0.05586149008747481,0.8380812052822796,0.013913889787189555,PI
-0.049590996373065056,0.07913732055872379,0.03885746418860652,PI
-0.048996533054957374,-0.035776173165283594,-0.2261420736312933,PI
-0.049934798397016984,0.1679516165110019,-0.09753360539866292,PI
-0.05355220838749903,0.02556049697953507,-0.2820858341855067,PI
-0.059446346536903866,-0.18488237765562832,0.1405323965054753,PI
-0.04427478303758834,0.024715499638973203,-0.0002875764094672757,PI
-0.04825313569758384,0.12397500590430463,-0.2207414773637737,PI
-0.04739871670461163,0.522596079364906,0.08656704363578359,PI
-0.049110797038807615,-0.0039370625036330925,-0.28438957705332835,PI
-0.0712324908921403,0.3322754479945996,0.031881023214550275,PI
-0.03748295939713281,0.1650797503594486,0.2991033083645605,PI
-0.037184165699522286,0.10657558263599434,-0.2916894867813091,PI
-0.04998341870966244,0.6813127229129425,0.039276766162338765,PI
-0.05013660657600017,0.09740818746733129,0.05252293669625003,PI
-0.09276539670569364,-0.11299134764755128,-0.11382016915958845,CE
-0.06987788858448662,0.15077726131719738,-0.08942173743359846,CE
-0.06563573221463675,-0.1356241732976532,-0.05352829611144944,CE
-0.05219790403437195,-0.16335191580166672,-0.09042935192645066,CE
-0.07952781666684344,0.02500975232646522,-0.05981571245881041,CE
-0.050263236107730466,-0.016362857210480135,-0.004641564969915033,CE
-0.051762590802932704,0.05775883415219247,-0.1848625674172183,CE
-0.05847011726576429,-0.15226921172755278,-0.23129926428439013,CE
-0.04589122260843488,0.04244018533604903,-0.20108416765554044,CE
-0.04985101939320763,-0.1493152603257846,0.00289785895604824,CE
-0.07096410999080767,-0.507729150201167,-0.16549836566423248,CE
-0.04781964806001234,0.10328582611696588,-0.054639034056255455,CE
-0.05183537038823576,0.09959015919648982,0.06877732554679258,CE
-0.06560496514492298,0.3559311729858877,-0.1363292074997622,CE
-0.045405405337073795,-0.11306146043568509,-0.11484512622772047,CE
-0.051518065853641055,0.20737261512121438,-0.06656411710890646,CE
-0.07800285262653106,-0.2897418054147915,0.20876845657102755,CE
-0.052657178428332944,-0.11705655542101755,-0.2136207855848413,CE
-0.0523333382627134,0.3858566367197881,-0.15206241957600142,CE
-0.052074079003803994,-0.08436494407676971,-0.07070408080735693,CE
-0.05253950529279578,0.4795730802618863,-0.2608451102739496,CE
-0.06543650844588828,-0.019608471388376313,0.19865727457220753,CE
-0.09450397921787229,-0.5648207443837243,-0.017789508506397964,CE
-0.06415129210775833,-0.20374138509477763,-0.09126680683657303,MA
-0.011719157796626677,-0.006688988150796652,-0.10826846174049204,MA
-0.014852014616079925,1.0856404086601312,0.09204466109373191,MA
-0.047296617322639484,0.4179249900343878,-0.25090007047413954,MA
-0.05184466922991273,0.0,0.08892138318887531,PI
-0.04821732279969789,0.016129381929883717,-0.09739007426089949,PI
-0.09004041093264477,0.0530244683082204,0.100545972518534,PI
-0.05408083374289573,0.057867382320548735,-0.22764171470358832,PI
-0.050657048560463415,0.003159560290368518,0.0330750238379924,PI
-0.051943447423708336,-0.051884835369011686,-0.0065652330511259405,PI
-0.0509519387398643,0.17327172127403678,-0.09712506115287983,CE
-0.03592736039537095,-0.09646026618756222,-0.12914804369969293,CE
-0.0534058160862159,0.0428930191990986,-0.07405338884832507,CE
-0.051997667220467475,0.31119605281225005,-0.5063052396592442,CE
-0.05035966954074109,0.22142089800276354,-0.03404659094208518,CE
-0.08104366521759117,-0.41211596397807404,-0.3815602063153561,CE
-0.05082384853406143,0.2966460133071363,0.33942551024599527,CE
-0.09205347485580602,-0.18579156301527192,0.06955994829825497,CE
-0.052071226117773546,0.012354228357978185,0.04295189560363106,CE
-0.011073713839650582,0.07351285931873446,-0.40982508084435765,CE
-0.0843136336520152,0.12260232209233228,-0.030724823316097372,CE
-0.06222035179581691,0.048038234549997685,-0.23618646296745455,CE
-0.04705165570154577,-0.18695655929810315,0.03407572373081263,CE
-0.052493159011832935,-0.28701160645281315,-0.2605174083488831,CE
-0.051289686822211925,0.17604210130911138,0.03859934721997109,CE
-0.06529153363430037,0.08439133789899268,-0.1370576810244722,CE
-0.05524181745439077,0.7689072264414809,0.03383803194215634,CE
-0.023967059331547323,0.16011968791682332,-0.1250104430174627,CE
-0.060297233083669015,0.19097703539414546,-0.13978627254484458,CE
-0.050349496393602235,-0.03408564028418451,0.21193674892661338,CE
-0.04339756227344398,-0.006476444414384585,0.04361077345018208,CE
-0.05646820628687337,-0.03225140268845462,-0.07655151130737127,CE
-0.06224446351514979,-0.005672164952466418,-0.08679756531277047,CE
-0.019206179621403138,0.506067883477906,-0.18595033924404378,CE
-0.06012492277774232,-0.11044277399944043,-0.2897140276494572,CE
-0.05088746704966473,-0.08288765980576775,-0.1644070887438047,CE
-0.04480090304497134,0.2800831454173965,-0.06334682389971862,CE
-0.0513034965916153,0.052239219099419906,-0.10354070771559688,CE
-0.08521487680538771,-0.14664920206530857,0.02951264508630653,CE
-0.06334200835017961,0.3930425881096072,-0.20313807696874375,CE
-0.058676276993595455,0.09392762739275627,0.10349361355050797,CE
-0.05053380664720854,-0.23121546078400984,-0.2100387309190586,CE
-0.05127775331233744,0.008080852053938674,-0.09584556386159844,CE
-0.07131151480773246,-0.12312237670978694,-0.0702530790219122,CE
-0.050871763313947924,-0.5742859776832164,-0.4696345726396285,CE
-0.09937753557757835,0.12428570827169287,-0.15594886992279458,CE
-0.02878661189798809,0.27152351516340295,-0.13130763222210598,CE
-0.09000146983062585,-0.08029324005615715,-0.1304624875164139,CE
-0.051742339147537786,-0.24523538220452396,-0.08636325707538739,PI
-0.050271457974395826,-0.08970707587451468,-0.048525999552656955,CE
-0.01198862543065464,0.24431043236656846,-0.2577111715050767,CE
-0.05580819231059019,-0.1814701463627193,-0.13280741262631784,CE
-0.0655145156947855,0.11057503328060424,-0.20476112936614668,CE
-0.044344258716211955,-0.06508364955197074,-0.022521207835245995,CE
-0.0514416897837387,-0.005004180584575839,0.206952143150474,CE
-0.052259170756307025,0.41916250907018837,-0.1264243234440391,CE
-0.05259565922270282,0.10858113035786848,0.002772159318189534,CE
-0.07070695261642446,0.06402185876493102,-0.17356839272030067,CE
-0.04919565057970179,0.06116086278021863,-0.13890024227363043,CE
-0.02696327908033194,0.28406978676586725,-0.20586520520202808,CE
-0.06070756957572654,0.049480057263369716,-0.21376721746056085,CE
-0.04045794077580943,0.30743476341677256,-0.13466747775440102,CE
-0.04513532990976383,-0.21099990562688545,-0.06292088268802,CE
-0.06930696772569667,-0.022616709696800633,-0.24297987825919554,CE
-0.06277954874304356,-0.024599159013367785,0.09798062738484416,CE
-0.04213509656131282,0.40805377121567493,0.12367281187644324,CE
-0.0436565795457996,0.14624304888611736,-0.0203335836747961,CE
-0.04938128043377235,0.06478455386116441,-0.25633822700305003,CE
-0.04898461981352859,-0.05343896215556043,-0.12003273618091406,CE
-0.09772636933860443,-0.10558660654732664,0.047128500378719095,CE
-0.054507621822271306,0.15950687902778324,-0.23311550973080788,CE
-0.04436595518366743,0.22640854880834735,-0.027133623422905078,CE
-0.052802139766888134,-0.2971463470343676,-0.06623046187000019,CE
-0.05118353870368775,0.5386572301611545,-0.014921839986587953,CE
-0.053385944869521196,-0.09547279465141872,-0.01935567197537285,CE
-0.0460624944774036,-0.08242649902881274,-0.021192279192778645,CE
-0.06770242636518321,0.005553641486945658,-0.24740741089831744,CE
-0.08278765703406704,-0.024776042099437196,-0.006377662647903962,CE
-0.05214444549337021,-0.3773302600366459,-0.10617069895393857,CE
-0.052241296726426134,-0.09422085507786986,-0.24892483003225813,CE
-0.0553362438032046,0.07674087149129057,-0.4408955021650378,CE
-0.07753145497684846,0.14335391209704107,-0.13540368027763658,CE
-0.049698304537145965,-0.40590188470388305,-0.08444815520420686,CE
-0.05089666778761614,-0.07719046195627365,-0.06145082200187552,CE
-0.10657583805659662,0.13923684922552923,-0.21743932981322853,CE
-0.10012116790561555,0.041095418913900006,-0.07273683329457147,CE
-0.0528458832868766,0.32817343380651787,0.005984600870379048,CE
-0.049398438994170964,0.1256020281925629,-0.21729422100906876,CE
-0.08489285140074504,0.19996217020692872,-0.13623897855057776,CE
-0.0677298473578065,0.10605957196032423,-0.2206134342350632,CE
-0.06942539461841764,0.16068238169047352,0.07343881096028239,CE
-0.04856485125577138,-0.06173711176900603,-0.06523630560765387,CE
-0.04496782015717303,0.14105521656543304,-0.2715999155716507,CE
-0.05524391572440851,0.29022984453057965,0.03848662719963697,CE
-0.0793955310867759,0.04912436729091474,-0.02983604838915629,CE
-0.05389672814965971,0.050577474743527764,0.007604648878447044,CE
-0.0625838146507863,-0.24937369467184176,-0.07776130441229843,CE
-0.05060514984837708,-0.3040312104533104,-0.20220232504553295,CE
-0.04827702524082311,0.2264348323982825,0.06903016028902578,CE
-0.0961023717803405,-0.08907963005368877,-0.036557455585018744,CE
-0.04443639013373331,0.01917604301433696,-0.3286306956444145,CE
-0.05324355558281466,0.08921216757304555,-0.031039754346623184,CE
-0.046765236165745544,-0.19430017936588093,0.24414853793713853,CE
-0.10360186758120389,-0.17626383063357282,-0.16539769021139886,CE
-0.11264851500980577,-0.16680944935468947,-0.2424339370746081,CE
-0.037643154124882096,0.2153925436378366,-0.12750892666458583,CE
-0.05032320022014941,-0.27536425058043107,-0.12362136907775918,CE
-0.05292529852412129,-0.0437805765600003,-0.10137180673542745,CE
-0.04693012903454234,0.11843259722517908,0.05568641281987284,CE
-0.05280842450553594,-0.20806281665374382,-0.19797525141410194,CE
-0.04930579867292236,0.4179347736146053,-0.3760815214211452,CE
-0.05200312000787459,-0.20446268267116816,-0.1177278845701127,CE
-0.053402588240020074,0.45152425176513283,-0.13744176368051284,CE
-0.10004481995540411,0.04207210800440105,-0.3148636965699472,CE
-0.08228792090629006,1.177224176237763,-0.1673216634655418,CE
-0.047038214529819974,0.4578935604292236,-0.2678033363592043,CE
-0.05256433811740846,-0.055609479441486954,-0.14872631968916675,CE
-0.05316703939638488,0.8861101147241639,-0.1686725892998067,CE
-0.04826041169878211,0.0,-0.2478219428768258,CE
-0.03685693534337529,-0.23487432656665394,-0.03197003856873565,CE
-0.07080947226940246,1.1201519821988655,-0.31211540254384584,CE
-0.047155607138910274,-0.0601154620209115,-0.4141684499379853,CE
-0.028080066958077226,0.228421492607505,-0.23037357287406976,CE
-0.06316554209437866,0.3951171121122063,-0.24428816924587365,CE
-0.10494118827277181,-0.1827693068574038,-0.44388749097254976,CE
-0.05184349727461256,-0.5515778773737076,-0.3088797618298987,CE
-0.048894585219680375,-0.054623278836560124,-0.10689620827659416,CE
-0.059710309086788656,-0.10697211955216783,-0.09818288699716016,CE
-0.09041882184867114,0.010864304391905662,-0.1898794963252595,CE
-0.027381685200396133,0.11499893271327623,-0.18488834698607062,CE
-0.11848202130638213,0.3853165199021164,-0.16505617949657264,CE
-0.05855744653530644,-0.08545414854102346,-0.12718807836512713,CE
-0.0482364292272406,-0.06123086615146229,-0.19113536481030768,CE
-0.11009875176014709,0.0954151905680246,-0.12283199517304182,CE
-0.04693850831446279,0.017131039930183774,-0.11375111855970942,CE
-0.08533303811004744,-0.10990647431490615,-0.2737437022179528,CE
-0.06042425364511411,0.4039106231068142,-0.3479593579075846,CE
-0.0656971191988106,0.000868055610063593,-0.11113874749301922,CE
-0.05002887848790751,-0.15368295297121023,-0.073138654909428,CE
-0.038504688844684554,-0.028378152332761218,-0.5706434463278314,CE
-0.04127452606859463,0.24619772349211624,-0.0687707586774081,CE
-0.04828723862346685,0.19085478497454772,0.19986855680176766,CE
-0.03585471994127643,-0.08900573646431292,-0.11177954981802879,CE
-0.050984968585053574,0.3697002845212441,-0.13511664839836662,CE
-0.12530188423954325,-0.26800667364223096,0.1666286109108949,CE
-0.056300827823140685,0.28130821132758804,-0.1905468493700527,CE
-0.059431753299538266,0.10037162915597021,-0.1189664439806687,CE
-0.04233082846001045,0.1459763183230908,-0.035640341736783605,CE
-0.0970886956944104,0.04986027279237106,-0.28135480253452533,CE
-0.051480571361040686,0.25833532998618364,-0.041955358985229015,CE
-0.048267906519433613,0.19621066895462183,-0.1021360341689206,CE
-0.04840961035704545,0.4056989988822397,-0.03139050618663547,CE
-0.031073950117152017,-0.13473819246304244,-0.10259424160240431,CE
-0.043998747122034325,-0.08970006691355811,-0.02364526797717709,CE
-0.052191044125390114,-0.043216601499782265,0.07561255485248153,CE
-0.07185954576570584,0.1427013230600496,-0.1556678944452714,CE
-0.0973094002788557,-0.17340619313600233,-0.05808316238041664,RN
-0.06826980581632641,-0.16469802408278608,-0.007015754137411772,RN
-0.0468728257777233,0.02955880224154443,0.04516068804777292,RN
-0.05292904337832412,0.05715841383994862,-0.230427432566541,RN
-0.06032161117476046,0.0,-0.17100478974300304,RN
-0.0905409712833165,-0.06936112779750236,0.0736300996241818,RN
-0.04150835579792205,-0.45734323622267664,-0.17349364267038928,RN
-0.040693300422400484,0.022223136784710256,-0.012948844975043977,RN
-0.05067569337334428,-0.11527901002319303,0.0415944344903069,RN
-0.044682440983770264,0.448286742704013,0.038573956473269985,RN
-0.08745959384586902,0.04452355707448255,-0.19332140493408675,RN
0.010182927285375622,0.03399219765786022,-0.15575711100759942,RN
-0.08618511538400636,-0.25442237499123926,-0.1289472799015433,RN
-0.06609492093131694,-0.21634080399145725,0.02689939721304206,RN
-0.0519897374451342,-0.08836915045009007,0.09748198865676969,RN
-0.05713080931773054,-0.1467157013397402,-0.09083527933974035,RN
-0.07339482634247221,0.10405417974377093,-0.23632388241482594,RN
-0.045932521444684564,-0.3930425881096072,0.19465028933589215,RN
-0.0405903705728009,-0.0035436595799351743,-0.33850947657047276,RN
-0.04188757227820013,-0.16316827013066168,-0.01915275085529349,RN
-0.053151541521297356,0.4207793430812069,0.07641840682428738,RN
-0.12226386670313692,-0.07157019250125189,-0.4598162227051273,RN
-0.03445863428763981,-0.4482225503778103,0.05144918316845909,RN
-0.07442881232194928,-0.01600034134644119,-0.18588942317849483,RN
-0.08989018964260291,-0.033293728099463585,-0.08917584869412411,RN
-0.06731967378333467,-0.17447837933292876,0.11382851963557149,RN
-0.05265175060824465,0.125163142954006,-0.14811551439603074,RN
-0.10079549811441853,-0.12665123846670798,-0.0767953943042238,RN
-0.05705899382786883,-0.10685462500573788,-0.29026008233778966,RN
-0.051733898019086684,0.13669539596717922,0.12827228461397283,RN
-0.05703317281671791,0.1018844495885852,0.09754513238691448,RN
-0.08840709758805843,0.1067939140807882,0.09088175892646844,RN
-0.045820693597066996,0.26337780252573106,0.0714884929984726,RN
-0.07791209224158634,-0.03473519932920923,0.2780347727845324,RN
-0.05032179189217513,-0.0067491819749284495,-0.0064026367328055885,RN
-0.04264104727644965,-0.0701768767918377,-0.0915057871264661,RN
-0.15034292062533045,-0.03735578654376886,-0.1575010851488091,RN
-0.11101316770587731,0.47891301423132043,-0.3311552635296296,RN
-0.04850968042489312,0.3693395067800541,-0.2881047516231492,RN
-0.07206625445410461,0.4494627777218617,-0.05741202291961041,RN
-0.09765199632818533,0.29706677733937714,0.1466034266441667,RN
-0.08842625224844325,0.005826390535447365,0.023336519941565083,RN
-0.07937069824896711,-0.3872978041527155,-0.15652419679885313,RN
-0.0340546020042856,-0.42190383445132423,-0.3401656032615746,RN
-0.05234997691564605,-0.038172573505029714,-0.19603981512202173,RN
-0.0419700657117725,0.008658062743114531,0.07289443128248294,RN
-0.053007196214923294,0.024451095864164336,0.03484135794560035,RN
-0.0457001946916082,0.4043268040581041,0.003567815243116016,RN
-0.05370631513641889,0.47450814136684016,-0.004277610851566474,RN
-0.051363174436906425,0.5467907724595058,-0.16065928372089025,RN
-0.05267618417960392,0.04108002574346466,0.4783566107022537,RN
-0.05217157144851355,-0.02687301825109634,0.11557478788238734,RN
-0.09691322753030869,0.07158317369798863,-0.06571151152765475,RN
-0.11779929476950803,0.033529897921526365,-0.5147849527575111,RN
-0.04841746242090774,0.18522221147459197,0.16433348828944236,RN
-0.05276816458012895,0.05436120921888743,-0.2079385049783596,RN
-0.05225219146091854,0.299559781758573,0.02708006853754626,RN
-0.04456678770899601,0.1928382018188808,-0.09787097562824194,RN
-0.09686117098693581,0.07260081286315058,0.15312851095768654,RN
-0.051206700856334456,-0.31230315684212906,0.10554619850501656,RN
-0.051764985396344845,0.22383060046524814,-0.0768439766946002,RN
-0.08841162326939497,-0.023905520853554366,0.29878465696638146,RN
-0.06327808775076739,0.7257426588093967,0.4464595376354386,RN
-0.029248008778846066,-0.04951969183264627,-0.3439447057615615,RN
-0.09929295197597028,0.1931112642153347,0.20578778839289125,RN
-0.06931867379722251,-0.07247264881299116,-0.08057115336022808,RN
-0.04788201097646041,0.1565008571722119,-0.17175125425126184,RN
-0.07119448949174904,-0.05018974452385528,-0.2017779332139363,RN
-0.12846226281611384,-0.5672725910194868,-0.12809069007947038,RN
-0.05439088261690969,-0.04011999378942529,-0.025282722543671223,RN
-0.04040402781549032,0.1581856550394373,-0.2074316749011097,RN
-0.04161544676154588,0.13035052601990643,-0.40417909293446774,RN
-0.05240226651161494,-0.31521823026038626,0.143547607242779,RN
-0.057221206042087316,0.13440820109805712,0.05369425957898337,RN
-0.06037606884203679,0.034087292938636715,-0.2869594589795903,RN
-0.05629385170974645,0.3934271295486854,0.22007910930341773,RN
-0.06067314174311588,-0.0517724394816821,-0.17621172176135882,RN
-0.04345308961757292,-0.0804987427218997,-0.16074343181447545,RN
-0.0642215091116966,0.12229279377661842,-0.14586800497344943,RN
-0.09888740306985147,-0.04343305320259764,0.05322338981233852,RN
-0.10522616659506928,-0.24382375655174854,0.01759934053078147,RN
-0.07992006888525231,0.127833371509885,-0.10268128437862356,RN
-0.05172710833760116,0.009389740349839137,-0.18569282820739638,RN
-0.10678945477112065,-0.12127100570810209,-0.0332861074231187,RN
-0.05766072566911115,-0.415221283053529,-0.020098766648826427,RN
-0.11253601237287747,-0.017004220908918392,-0.28158644658542475,RN
-0.05248332051513346,0.02936234618902442,-0.4445074924971595,RN
-0.08291472860609875,-0.331424081561162,0.08940175629719951,RN
-0.06650332171769661,-0.30346594015304285,-0.3016858729984659,RN
-0.0442008097943703,0.4054651081081644,0.056959902136672215,RN
-0.021067383572578344,0.20944849279612263,0.005364130493737478,RN
-0.07503759979103763,0.9592837783592612,0.1049417361480567,RN
-0.043394190810253315,-0.08269171584511341,0.04358465167673315,RN
-0.04887702108119999,0.06981897644925697,0.03567378446464235,RN
-0.05212900388793726,0.22879205644755432,0.0009280707196432068,RN
-0.03761893684405896,-0.22497300603728695,-0.27973197956543727,RN
-0.05078365229369366,-0.20416110040191973,-0.24717250742291702,RN
-0.08848487508443069,-0.030109801471370455,-0.1735340633814674,RN
-0.03835378974814425,-0.10769423900404654,-0.05253853586877101,RN
-0.051286117582362935,0.01010109598650392,0.09552880222207782,RN
-0.05632363232362639,-0.004106781952653359,-0.3691728899235663,RN
-0.05319095629975717,-0.2275781483820755,-0.14022216442621313,RN
-0.059549661973371915,-0.2777907949730382,-0.060285965925612826,RN
-0.06034913761405107,0.3768098523477882,-0.14407683375135477,RN
-0.05033206547767169,-0.14693043185377128,0.015819369569811146,RN
-0.11336686412724474,0.03982827295151294,0.05314952766399821,RN
-0.054756696878200194,0.0719050369543337,-0.29568429326624607,RN
-0.1346375443772734,-0.05257781607990724,0.016320234604630397,RN
-0.04298907361188241,-0.10851758221059334,-0.11240358630101187,RN
-0.07369187686156814,0.026573751452513866,0.07056228151418643,RN
-0.044163600675679204,0.4663562087886921,-0.05994094200934502,RN
-0.05295801190390911,-0.1798675678323879,0.1084695847912405,RN
-0.054319676494103804,-0.06351340572232586,-0.20787794285405103,RN
-0.08271683411113698,0.2211795572295497,-0.14174582372330974,RN
-0.0433874772039831,-0.08976999942870949,-0.17276712909007724,RN
-0.05657062062611141,0.1297674874110419,-0.16002879257611172,RN
-0.058984569151654724,0.22569039642381303,-0.01964699738379642,RN
-0.03747758854332504,0.11757914127296733,-0.19952025963259942,RN
-0.056643245868758706,0.017558312213378734,0.07357792680005659,RN
-0.06816014113520458,0.07082605256861242,0.09952010918513944,RN
-0.06425567235029812,0.0580520119079644,0.13721733776161468,RN
-0.056725045702036944,-0.10821358464023272,0.11852357057134941,RN
-0.06459522422717509,0.3419168961694447,-0.287186405623404,RN
-0.04153713912190009,-0.1572418723969311,-0.0696350163665851,RN
-0.07327836617466292,0.08677527735448749,0.06554913264349464,RN
-0.05407686437173033,0.7474402629266076,0.22201484234802954,RN
-0.05321128769544697,-0.02247285585205863,-0.23053807874303645,RN
-0.08056302295763763,-0.16376370604331708,-0.3600641198247168,RN
-0.03527256536530911,-0.2652550366643366,-0.013992566819189355,RN
-0.06931705957376197,-0.10574175851414054,-0.058634530380959664,RN
-0.06490092228448592,0.237621570494863,-0.24234560019836984,RN
-0.022981695180372835,0.32706540045215604,-0.32090989836391864,RN
-0.05073313947061986,-0.15415067982725836,-0.1346596335102321,RN
-0.021811689412311496,0.7312067423842903,0.02740026895723203,RN
-0.051746351345552624,-0.1715687650176929,-0.11818029332403202,RN
-0.06765489711614582,0.6014387540704463,-0.16820112871954046,RN
-0.04484998165379209,0.11155248590574728,0.04277209184386884,RN
-0.0516019750579699,0.21891521520468857,-0.2716633167292664,RN
-0.0636829796317318,-0.12412606741381715,-0.3094512501223423,RN
-0.053088119447927594,-0.019048194970694474,0.02039769144111446,RN
-0.05192289336349311,0.14558531696833515,0.15911986054118,RN
-0.059692993004002166,-0.046149796090476966,-0.11798183039909646,PB
-0.0556868367870125,-0.07448885199073921,-0.18685955171747137,PB
-0.0528784502912176,0.10045029641876319,-0.039689284774296084,PB
-0.08545731029574818,0.3791193822230487,-0.21180285906005547,PB
-0.041591838081066104,0.19329058816452852,0.09460447845329814,PB
-0.05657904713870239,0.02873072885665454,0.11629992229736712,PB
-0.033691517082671305,0.19303136577508725,-0.18646637175902805,PB
-0.05033368292198344,-0.04365772662104609,0.06038905692604977,PB
-0.04845789889916322,0.01726661602093155,0.024528026144850033,PB
-0.05324609501088899,-0.028213842443941928,-0.2290638739392483,PB
-0.039678295192578,0.06130750055612471,-0.061714203767923956,PB
-0.050791372229271575,0.02935221201252737,0.03567342001711782,PB
-0.04998855638287406,-0.0916671885258238,0.03120050086979855,PB
-0.04870648847932679,0.4547671740036456,0.08227965086687478,RN
-0.05642073317158942,-0.10933666403746568,0.09096859281068212,PB
-0.05331518008620715,0.0,-0.04612879991876891,PB
-0.05688555439562111,-0.3823135959694542,-0.026327664717458007,PB
-0.051632366411675505,0.008583743691391435,0.329255923404633,PB
-0.06471877774345751,-0.19853581075572563,0.07023101577240325,PB
-0.039734986292024634,0.02728395894846851,-0.23343621276305207,PB
-0.06063958657445563,0.24989255970636334,0.0806767328084064,PB
-0.06026171392125826,-0.21116736026749405,0.22426140100930347,PB
-0.051950385555757345,0.09402894964827639,-0.1981136678369285,PB
-0.053102392300221075,0.18751637367105867,-0.07243668894233354,PB
-0.05202192177858513,0.02229391695921298,-0.05114401406811454,PB
-0.049174497866181575,0.16352129229380752,0.24260387435051664,PB
-0.05149223496496624,-0.31059633197465675,-0.08934537207051649,PB
-0.07394046209223404,0.11761390246359135,-0.020200646795578724,PB
-0.04371268027955316,-0.15492258260584016,-0.15375357796629377,PB
-0.08260190468943039,-0.15418431645081723,0.09657046867658323,PB
-0.04736338085006084,0.2971428809560099,-0.10028415919428624,PB
-0.11262141785945835,-0.1592079259591952,0.1781959997787721,PB
-0.061890349844302174,0.036221263434318356,0.04898569541956463,PB
-0.04864053904116093,0.23052365861183235,0.16708508470427738,PB
-0.051670153465050724,0.0793735875415122,-0.03169834309161596,PB
-0.04983549397108494,0.15954152846213474,-0.036845527040086375,PB
-0.057761725831102444,0.05164530002327541,0.02272463300609403,PB
-0.0975940742496962,0.184056162606163,0.08138094885886603,PB
-0.05133755331163961,0.43896106253634665,-0.020552550504585907,PB
-0.05372350611054063,0.04972082966238519,-0.442575328237233,PB
-0.05235748758353574,-0.211505847234,0.013155305374465291,PB
-0.0809879410936691,0.17418297858985587,-0.013227762088139632,PB
-0.045540502368594145,0.08380970640911162,0.008212883954301739,PB
-0.05001852861488134,0.05421381659414752,-0.14562088624744113,PB
-0.08159738860513185,0.30450988591825456,0.2520563368747067,PB
-0.04452102864835458,-0.36838090507504184,0.06669546901315655,PB
-0.07314877765604486,0.17928665309880054,0.2643795753247834,PB
-0.05405703043399063,-0.1882938211640772,-0.0006140288424012244,PB
-0.04910477299375765,-0.019217147185778348,0.09565170358631714,PB
-0.09005443912613477,0.17491660878737697,0.0014896370381670236,PB
-0.052462755666435656,-0.6667139234917899,0.0803405437442403,PB
-0.051747485970155105,-0.12664273162933729,0.2708876886366901,PB
-0.05168005105318066,-0.05789397841890262,-0.2034659693282288,PB
-0.05051566136996688,0.409990002706454,0.040357707755068986,PB
-0.05146129135833521,0.0592614640367275,-0.04411637438846846,PB
-0.08729915192680522,0.25423413838424086,0.1646801881767527,PB
-0.052186177879344285,0.08104121000312603,0.024941885545546723,PB
-0.04088376252008079,-0.141244614695914,0.08244746303261107,PB
-0.049807570293673435,-0.06991198919871441,0.061204216500051783,PB
-0.06248507074034724,-0.07105792126572105,0.025799402716002378,PB
-0.044881043820322944,0.0751322475684799,-0.1802530851051596,PB
-0.05986101358564018,-0.12150617415921333,-0.020622461378355515,PB
-0.05562701925886305,0.011661939747842957,0.24968200493638773,PB
-0.051721394440129624,0.030857988359905282,-0.07167805595387708,PB
-0.050239429472782954,-0.10475792449768194,-0.014761213919037905,PB
-0.027690663642358466,0.18842576073594478,0.3634233084026516,PB
-0.03345980346353876,-0.05203165809360302,0.11758579299207253,PB
-0.09325306839198948,-0.09939419948316985,-0.15208879680425735,PB
-0.04593717113502151,0.1770761345008925,-0.12621704130075118,PB
-0.027045077089509352,0.06197770027589761,0.14209344037735172,PB
-0.04818628242495599,0.30867782316082626,0.12405989285531237,PB
-0.0519772450924464,0.2218003677677421,0.018793400719916573,PB
-0.05393432184157455,-0.08814423755884407,-0.05906348615261803,PB
-0.05731486211692392,-0.25409466512801165,0.06675483336542776,PB
-0.06566656036661521,0.3443852353785384,-0.06476059579934111,PB
-0.08270992538184611,-0.0032573318703065105,-0.07371302112306669,PB
-0.036709159643607873,0.09749349850609818,-0.24939419556184564,PB
-0.05269914086144564,-0.02834197800227497,-0.046663803289532624,PB
-0.06331638685957124,0.2108496404084928,-0.014740888185048517,PB
-0.05118536123399409,0.27163036344127295,0.08373266093985297,PB
-0.08005303684443708,-0.10261631946033734,-0.20536908096584786,PB
-0.05545959322275877,-0.25131442828090605,-0.053424486554584386,PB
-0.05161680844555113,0.23911915518708787,0.00019116795534662454,PB
0.00016416674473002685,0.009287992466470501,-0.17629555566421068,PB
-0.05330775452729316,0.384013181390213,-0.08240496252684683,PB
-0.06619497353514524,-0.107078940040439,0.034690985406993176,PB
-0.013302988030099081,0.18842608601483082,0.07837033685904682,PB
-0.052516592164692705,0.17788695972608895,-0.003313951934118931,PB
-0.06001375775267435,0.20960837935294915,0.03421425571171856,PB
-0.07162105537771507,-0.1889569775473869,-0.1142910613155026,PB
-0.02905015740036356,0.07405414359765981,0.1287910121014797,PB
-0.10836960943882475,-0.060774035368521995,0.1782957022932363,PB
-0.052412637338331194,-0.46262352194811296,-0.04700521878261762,PB
-0.05528742940168164,0.23830082453585583,0.11242169802247043,PB
-0.08972835594691325,-0.16061148534798603,0.005695339262567814,PB
-0.051497569654051334,-0.012543718478530285,-0.20723080084416548,PB
-0.051155766541761086,-0.4264256107234985,-0.07520061053594457,PB
-0.04303520104890987,0.057264027189574164,0.0825368265669646,PB
-0.07517782668396952,-0.12180487388420344,-0.3464958352126491,PB
-0.05295991583009573,0.19644893605316516,-0.024773733872180577,PB
-0.04945127493483786,0.2403853577487159,-0.050296419960322886,PB
-0.05145528927134313,0.040005334613699206,0.17006533092360332,PB
-0.07629401628768051,-0.04374454896285695,0.11505451721928774,PB
-0.044921215382797766,0.10864319981497499,-0.19239923187373228,PB
-0.05814146031744953,0.20346399336776394,-0.09442591816832654,PB
-0.06226495339728187,-0.19912867511033588,-0.21270621314245305,PB
-0.06970889505697017,-0.0667387420471736,-0.27336030469124867,PB
-0.011992440405097624,0.12055865264329509,0.0164483881489077,PB
-0.0450653192661411,0.6317782341836532,0.02158828963735118,PB
-0.06423810254869596,0.10646749766380742,0.014649129877359588,PB
-0.06848750082380045,0.16663134105086747,0.1852368746673949,PB
-0.04871272730955239,-0.018904154639152723,0.19208526897195144,PB
-0.061535688164978994,0.014481347194710656,-0.22398433179722096,PB
-0.07231820796481819,0.02728901278445632,0.004732637771258675,PB
-0.0502034667346501,0.21640696338236318,-0.06932389305417881,PB
-0.06042917057995164,0.5423242908253617,0.08804466640292946,PB
-0.047710865827954446,0.07838261183679038,0.04453257710707089,PB
-0.05127567657505257,0.05034175486085083,-0.0068891701889449205,PB
-0.07658288030366593,0.016628432754386382,-0.03207091329717952,PB
-0.0583495468576694,0.046855417281505156,0.2110097820816141,PB
-0.052946603016501594,0.050653601418351415,-0.01718633789227175,PB
-0.06106508352425051,0.04311012365372841,0.03969680438285563,PB
-0.05197529131838389,0.05450875104824275,0.03253928917421481,PB
-0.05305298357113859,0.22037241967565604,-0.1894066827208845,PB
-0.06259130345766087,0.05899834076195576,-0.2945473759114005,PB
-0.05257735038438062,0.16144018074159922,0.3444257638836043,PB
-0.06862967233483958,0.01840737469884523,0.0008111121991278598,PB
-0.06359867581641769,0.009090971701252105,0.03920964820758245,PB
-0.07270652888843382,-0.016193522067606006,-0.2899530267502045,PB
-0.0588169776911956,0.08380795727209217,-0.0064893958847225455,PB
-0.07642705718877756,0.1692163174452965,-0.2236714694658282,PB
-0.05341338902474238,0.14585187701256314,0.07949422045612711,PB
-0.08305336006249506,0.07427484741485166,-0.19700027238700563,PB
-0.05423294964699921,-0.2666286632539486,0.04183642478553682,PB
-0.06232454451691174,-0.3315638970427424,-0.008221440592969897,PB
-0.08454692730060587,-0.14100988626619995,-0.10945824158904441,PB
-0.052025805849581996,-0.01532597047822682,-0.22941854695754751,PB
-0.052863425362692236,-0.31519483817392807,-0.056977599426996504,PB
-0.042907752859654535,0.2972515234679317,0.09952766473291827,PB
-0.057677242178138785,-0.017508864788343226,-0.20313185362262287,PB
-0.051327178170304154,-0.14821594430744375,-0.13932872017655032,PB
-0.06632947354444126,0.04634703817342475,0.1324559460415631,PB
-0.04790585688489906,0.0999696670229499,0.07919516805175311,PB
-0.05334862931056736,0.045670036833188266,-0.38235922542355627,PB
-0.0521476196416772,0.011299555253933466,0.09893435131641556,PB
-0.11100578195251465,0.20819558987833658,0.08639057386257468,PB
-0.0493888222401364,0.14852417721066405,-0.044071453287166655,PB
-0.05051549151020438,0.17606620514845253,-0.04188837677527614,PB
-0.06608995179694066,0.10448850323584852,-0.13580949762143768,PB
-0.030940082592139786,0.24266271363574266,0.21938621873623443,PB
-0.05304501440733987,0.5175287711085809,-0.043861511500680544,PB
-0.050533138309469,0.16251892949777494,-0.09239162695407423,PB
-0.062026271340956785,-0.1459032103972412,0.07822317840425203,PB
-0.061181677696156414,-0.02465456156394047,0.007715398052263191,PB
-0.06029247354909967,-0.152857018586038,0.05530649981094651,PB
-0.056705766651480013,0.11457717076275026,0.035080282971764534,PB
-0.060335218499814186,-0.16675704025284305,-0.13103802339687326,PB
-0.10733032354708219,-0.4077613203685146,-0.24333399196251818,PB
-0.019534259168945835,0.024256977645559962,0.07520682913189546,PI
-0.05751759987500677,0.4707944557005535,-0.04923880634629353,PI
-0.054342201663573876,-0.19530875232076572,0.22524336027481912,PI
-0.05199151630553117,-0.008968669982760375,0.1051414636047065,PI
-0.03778276844936662,0.9479520137806199,-0.01508354498776905,PI
-0.0841791945728797,0.11086259281180968,0.06349288915396448,PI
-0.05305407440791993,1.3305523781116555,-0.3598635695948239,PI
-0.07333905908271571,-0.042891564629312984,-0.11090736674004013,PI
-0.05128129403741596,0.1341722128963719,0.20598184345754253,PI
-0.0549046078391762,-0.003898640415657309,0.04421592301345529,PI
-0.0517421778033299,0.0,0.2145862920122307,PI
-0.043563174728967355,0.44038137321439225,0.03328372840906034,PI
-0.05175638911852899,0.16340610980141893,0.00969103806625339,PI
-0.0737997153212882,0.06042105947476505,0.006108373719199524,PI
-0.04171990637028255,0.10852623119585131,0.17067370799979972,PI
-0.06284026693231312,-0.10536051565782628,-0.3298599426472968,PI
-0.057641963551314485,0.023924586085245243,-0.22348505164402527,PI
-0.05090811868656555,0.041242958534049,-0.3174531768358803,PI
-0.08188214817553634,0.0765400771223344,0.055072094947963765,PI
-0.05209116776500541,0.054239768936996655,0.06762249266955674,PI
-0.05298416847107767,0.11900329206161282,-0.08402388135834485,PI
-0.08800299401635092,0.10758203355018821,-0.007567050542707982,PE
-0.09396957594371332,-0.11298686339289037,0.105760587072592,PE
-0.030577450245192067,-0.004995847193371666,0.10106724594693861,PE
-0.05326364468740175,-0.14856160806385113,-0.1277555103777994,PE
-0.03709515531656324,-0.3024802935507308,-0.1420883815529479,PE
-0.11498501118000767,0.30601199125432366,-0.32913718006349413,PE
-0.043190886884863305,0.06897020320327962,-0.20113878996137638,PE
-0.07626584979572067,0.26199764755187027,0.2946546712211457,PE
-0.05666514385205664,0.10957954420355556,0.036582311633360454,PE
-0.04806168478837142,0.3262655384909374,-0.36522091417912783,PE
-0.013837774514910174,0.05617027146705449,0.23369358774479068,PE
-0.04857560832979997,-0.24147667063102943,-0.014161822802961072,PE
-0.04062652421169186,0.03802534427142141,0.031277759452211853,PE
-0.04962082219202998,0.2758768564234012,0.1564556518908609,PE
-0.06115990575028244,0.15002764273391633,-0.2528267662975657,PE
-0.04019108051724542,0.03411575324017172,-0.06129705799889502,PE
-0.06922161962433855,-0.10027048126000572,0.14057809280779812,PE
-0.01809305502321483,-0.013272272416630362,-0.1439990418039799,PE
-0.03713993373881556,0.033544582259188334,0.1420684261263698,PE
-0.04933229308604054,-0.2585409375442814,0.17231356508825643,PE
-0.07669514685606206,0.024467792445539628,0.04457517751168154,PE
-0.051684941949216565,0.019767040740776582,-0.009325693486242107,PE
-0.022940013396064492,0.10356332156104538,0.16455492905833602,PE
-0.052284029478495336,-0.21221304148681353,0.1560232672959701,PE
-0.028245691949557502,0.12340779938114929,-0.09912225087980753,PE
-0.07533206341771294,-0.30648212286571924,0.16609517191287979,PE
-0.056801821728775195,-0.08675532782679186,0.02846417339564614,PE
-0.0629900573223109,-0.3463499205405838,0.010655873900238597,PE
-0.04615013606358555,0.41340796162210103,0.001318891769532711,PE
-0.06946450254257261,-0.10251093098990707,0.034156096737671414,PE
-0.07162257366589397,-0.014129971762985916,0.16787126711726721,PE
-0.055082244623178615,0.07207004615576469,-0.10183025070085121,PE
-0.08208331792495271,-0.10866910272551247,0.14037913559841794,PE
-0.07221343782438996,0.06008300334877671,0.1516195624684878,PE
-0.04185424091749936,0.034676445166606104,0.033016891906333626,PE
-0.04584675504910996,0.469863484896827,-0.05073278770098292,PE
-0.04964848488398789,0.12770047231372933,0.008834559950293155,PE
-0.050993210111726715,0.035478691499244056,-0.14065806954225057,PE
-0.06334475282915579,-0.21948389489667944,-0.1445911027016553,PE
-0.0946694561763902,-0.2736129770033617,-0.3004600102608801,PE
-0.06302107670685396,-0.02574390591264563,0.018228383468217837,PE
-0.040747311208610484,0.00388542518332062,-0.15330492990821157,PE
-0.05463686450628001,-0.050643732818754915,0.2518764264832228,PE
-0.06235775474426386,0.2587707289573608,-0.13053317690176122,PE
-0.051972115457828594,-0.14574103343121672,0.11728808547667298,PE
-0.04352509510014157,-0.06640051747522131,0.17628909000329732,PE
-0.03863971589117805,0.08747768616105457,-0.3979751629221508,PE
-0.05548061778530247,0.11218648072822626,0.22106536906838323,PE
-0.07941545873862145,-0.4926934754425752,0.031200022742346786,PE
-0.09437450482398979,-0.027411088425371967,-0.038243797100399934,PE
-0.031559964914428536,0.08245348395773161,0.08803869624887747,PE
-0.08053028707965768,-0.41934648000125035,0.13513898173318167,PE
-0.04986003609890092,0.028558799645641342,0.10245457784572189,PE
-0.06484701309734492,0.18391011947909255,0.29259856966452924,PE
-0.06496471975634062,0.032582067617233805,-0.07393700237470129,PE
-0.06365756186541968,-0.27375576275358654,-0.05522313745913571,PE
-0.030496635265394922,-0.1584651742280374,0.1675596430651077,PE
-0.053487436067642544,0.11234823967042654,0.29461620962130547,PE
-0.0022830524108075232,0.20047969173699792,-0.14216129554670734,PE
-0.049736071703738526,-0.007049019671757085,0.02749091651721207,PE
-0.051501649454334095,0.057457055024787214,-0.099176392421769,PE
-0.04005299875147568,0.5982592560032373,-0.2143870590071578,PE
-0.05656887701418077,-0.25978456891488994,0.11484156967288951,PE
-0.041574740517389526,-0.041312360529117374,0.14788502159542904,PE
-0.048682064574331656,-0.2887731800341155,0.0947906048682923,PE
-0.030620169641680847,0.29240574679955733,-0.0655738710009292,PE
-0.052008486525657815,-0.3364722366212129,-0.0853231161659876,PE
-0.03882469854127215,-0.1234647137538035,0.0034565175910536037,PE
-0.021444587415040604,0.3995584163927741,0.10451286231399022,PE
-0.05558843006767046,0.27519991327026283,0.09283650634053715,PE
-0.11442632009140848,-0.11117448552324613,-0.00920349833595463,PE
-0.050341342850807866,-0.5009322861073325,0.18082421918388683,PE
-0.06006010524872767,-0.07531533722643845,0.047052566596780074,PE
-0.04810007569421306,-0.31160417004319946,0.06083379962541691,PE
-0.05349807426712031,0.2302610190830737,0.06197012009845884,PE
-0.04354646178320333,-0.4058885677799591,-0.25770368719781533,PE
-0.03262932865088327,-0.12134416690191495,-0.23142670385912084,PE
-0.05188523183466427,0.07336622406680203,0.27163732161251214,PE
-0.08403858803790519,-0.1947947336178594,-0.35908674983332667,PE
-0.0661579260281422,0.2963152195964839,0.1469376486371383,PE
-0.05154818973606461,0.012903404835907782,-0.014288405578111944,PE
-0.061481454247484454,-0.01808367543329535,0.03228040986440808,PE
-0.05070840085373756,0.01292007636510429,0.06209871873621079,PE
-0.04719757658166325,0.10848064299406987,0.16939552623345466,PE
-0.05091600458610813,-0.14557532680864244,0.06270389631949952,PE
-0.04375799533518227,0.2521825494194455,0.0020196652688800614,PE
-0.0366298640753511,0.13117506217178815,-0.3227804415905928,PE
-0.05063208047139079,0.24173079518098156,-0.11618904969631552,PE
-0.04947783642880109,0.05264373348542188,0.0006950464549039676,PE
-0.07146868251637051,0.040762557389862356,-0.18073826500678172,PE
-0.056865145182982406,0.07513447350194766,0.14556775824378934,PE
-0.019403943282951724,0.20565348441512585,-0.3248834709962627,PE
-0.029959857643605845,-0.2184346876689728,-0.12000907920799313,PE
-0.041749993439858156,0.17322915993249674,-0.02166526097687969,PE
-0.04659773503633456,-0.04303231591660764,0.1879378582454788,PE
-0.03594673290318318,-0.08035004536323946,-0.025540695889845127,PE
-0.04138585804142956,-0.2552451461999702,0.1460350323032374,PE
-0.048853910010975526,-0.21049243376065088,0.16158609321043008,PE
-0.05292595064469293,-0.023427132895140118,0.21939797838245215,PE
-0.050491443233738005,0.9765197458523953,-0.20969061494420496,PE
-0.05113643716877501,0.057300853837340654,-0.05951505714566686,PE
-0.0940764990832337,-0.24493462933220744,0.1340652330658503,PE
-0.05535992748602556,-0.16608103982041364,0.23009382985259644,PE
-0.04279876739813398,-0.23880966805860915,0.16807705143491056,PE
-0.04751693147920979,-0.08404169917534789,0.21210954188945397,PE
-0.0364111731251902,0.3711339440133814,-0.09694210787752751,PE
-0.04702768800768831,0.10413217534976936,-0.23087431742894446,PE
-0.006450534789525566,0.0920491710195869,0.14321289610753157,PE
-0.004672474462739327,0.06558002280528942,0.2254496009558306,PE
-0.05278511126172909,-0.022529113060028222,-0.09883067851532565,PE
-0.035006402076572934,-0.16575595487148734,-0.43454175049896226,PE
-0.06803696687850808,-0.2560985444399557,0.19318166435062104,PE
-0.018732050355296005,-0.05594725237452214,-0.18862790462451715,PE
-0.050771557380228496,0.050669399181704315,0.10658464219059315,PE
-0.04765940699800286,-0.229356505498928,-0.26318988071042043,PE
-0.07247789971710304,0.06520889724365839,-0.07639740438088567,PE
-0.046802724866147116,-0.36244772302447364,-0.09579151371842867,PE
-0.06042532405618295,-0.07385030660218035,-0.050067097915937095,PE
-0.09785661254010418,0.08399745750224592,-0.004159738911774151,PE
-0.05357747843179811,0.2906895935157362,0.22092587442044484,PE
-0.09409094054251446,-0.09746593380545214,0.27240341606274554,PE
-0.04805202792999421,0.12216763397420756,-0.12786923240734507,PE
-0.04943442149508094,-0.06951629468654892,-0.21408674102849617,PE
-0.03712113278746049,-0.012773705252385976,-0.06928657680647356,PE
-0.08459782177780632,-0.04504454506105624,-0.03372637549298418,PE
-0.05227926138756151,1.0718689636925989,0.06478903533973095,PE
-0.05604559798223908,0.022044980920127466,0.0949231712122535,PE
-0.02362218059562491,-0.04395700697000333,-0.23380347390516848,PE
-0.06243645980964293,-0.0724525384068608,0.06265420929745445,PE
-0.03748090563278644,0.27411608156756806,-0.08631143491688477,PE
-0.0679691586376794,0.05623114348641953,-0.2198345319317239,PE
-0.005977642442835201,0.10657558263599434,-0.19478844378805954,PE
-0.036355902002229504,0.04303767983107254,-0.20463220469125978,PE
-0.05189724771212754,-0.17654610333578835,-0.06902890503879097,PE
-0.06540798347672577,0.7192152713457746,0.017481658898342693,PE
0.009594138183152124,0.0647000664340697,-0.19815519238806525,PE
-0.05194159542707445,-0.32784811417711557,-0.2744035484970625,PE
-0.04589596168649577,0.02601104891326635,0.045583625202419153,PE
-0.0507947716092895,0.06860703518198429,0.028090386430990936,PE
-0.10223384266053329,-0.031619156245612366,0.13688901922573257,PE
-0.049354735881411455,-0.477598421071615,0.06683983372158145,PE
-0.048538091307208174,0.02864646010542965,-0.11363470254017688,PE
-0.11820854050847042,0.10148117161807545,-0.07003334638923167,PE
-0.07756622799405945,0.2080464480323906,-0.07256889768662074,PE
-0.0533771676647444,0.053744276006690614,-0.046534610115579016,PE
-0.021855097137330293,-0.12904992965452858,-0.37599240953997204,PE
-0.12634139479732864,-0.27874378083152784,-0.13303824631080519,PE
-0.0554045773701455,0.24484828261383543,-0.06507268521555999,PE
-0.12648502566162048,-0.48957745739213887,0.06052571341994167,PE
-0.027334976762595376,-0.07783888472445918,-0.05167034465239156,PE
-0.04948462617512546,0.17766024469257755,0.07398402967427009,PE
-0.04962011613767429,-0.48495159068160876,0.10224609772392407,PE
-0.05343530667247265,-0.020121403199421063,-0.008130949484208009,PE
-0.062380391470280475,0.15044634826350567,-0.24550480405308228,PE
-0.07857408199137003,-0.026719146733509756,-0.019921553851179233,PE
0.009362465544198461,-0.23147782329733396,-0.36420384431053643,PE
-0.03849983924756879,0.010730985949426085,0.05225145910740607,PE
-0.026918483781149926,0.13774547387135355,-0.19053010965309147,PE
-0.06487136827743713,-0.13989293625502092,0.2930470961103775,PE
-0.05157873904558163,-0.21732188893399135,0.03323616007789105,PE
-0.05242089199438674,0.38841231972544504,-0.14282214894039752,PE
-0.07183983449828596,0.19207773173931925,0.22036819341537184,AL
-0.051885881417899724,0.32684588821948174,0.07841474951420896,AL
-0.06835599820572184,-0.4256678154256838,0.2298305766717281,SE
-0.09523209464948083,0.1626257360415574,0.27262651042968666,MG
-0.05770412524905235,-0.020619287202735703,-0.14599511817823801,MG
-0.03360484188992122,0.08673169582433307,0.05446488684513504,MG
-0.04692998757716119,-0.0023068060979150595,0.24698794746430022,MG
-0.0430593892482731,0.08432536946553719,-0.020728326397461735,MG
-0.05240988753718721,-0.18091409702607486,0.17443694448659788,MG
-0.04808712819256402,0.28852631057706146,0.13201712824404113,MG
-0.06420853873665631,0.17034536574723894,-0.2973738345100906,MG
-0.05287933625197626,0.3805407860803893,-0.42252745245032436,MG
-0.03821301841395024,0.03223349457498423,0.003670063875894368,MG
-0.026601532396301773,0.008998935868569535,-0.7373070069086677,MG
-0.04725623722406503,0.1648658999826134,-0.25042481579910514,MG
-0.095453553029689,0.07849864648665218,-0.1710703166842264,MG
-0.059910798896675166,-0.27535861094734554,-0.008598497870548463,MG
-0.04464031701803483,0.20591317142700116,0.1966631838770873,MG
-0.14226099363383934,-0.06434379813043269,-0.28139434079566666,MG
-0.09323065361355354,-0.002463055432397637,-0.31455300479170223,MG
-0.03968051081086652,-0.01757989831710937,-0.2362538074267116,MG
-0.14669104427453203,0.04143547436437519,-0.6669717791317419,MG
-0.0029338376775739534,-0.21386469941862005,0.38234345368367884,MG
-0.027800241153340465,0.13571608385561496,-0.27931279421072996,MG
-0.09646026040205212,-0.009326975744093241,0.08735475301635091,MG
-0.049456359930043464,0.3987761199573678,-0.09642659416168683,MG
-0.0474040868766848,0.34998595578793584,-0.025134093018924827,MG
-0.05788680534626378,0.45792867764390527,0.00915888178689235,MG
-0.045745096708375954,0.3801609316235442,-0.42204820115380753,MG
-0.06362687011312466,0.2748969507671985,-0.07567545733525194,AL
-0.047259505835597584,0.10889408823913739,-0.061027751340133086,AL
-0.016559963837849176,0.12168668230028934,-0.3803973161126189,AL
-0.010992172349612745,-0.21151904189916423,-0.0827334567931912,AL
-0.044866744686265114,0.03321983788014383,0.38853832925233844,AL
-0.0619025958227205,0.11658454420198794,0.2519743222287403,AL
-0.03909887806926586,0.12588853628499366,0.11496686101265777,AL
-0.07756849801925944,0.09814706113952446,-0.17978380023113108,AL
-0.05329624891807805,0.2888203765018413,0.14212628342572178,AL
-0.045562329067159554,0.30918827767274454,-0.029588921314756874,AL
-0.0001536988416575791,-0.12927490027969366,-0.22785851355676967,AL
-0.05075879702821154,-0.061634824953158314,0.15488435230375638,AL
-0.05154610779235688,0.25754497803154214,0.25966020483489666,AL
-0.07030560121292995,-0.0005839416224324902,-0.1713968352533579,AL
-0.05068435595287345,0.059514127532407715,0.13808021773534507,AL
-0.045489344556031895,-0.14442798384873587,0.0007937421865865891,AL
-0.05514662607154334,0.0,-0.28019744924151546,AL
-0.06267749293577068,-0.4739574373305567,0.1815953936293201,AL
-0.10726095631093134,0.19664451991775075,-0.25660571478228633,AL
-0.05800126730838697,0.20998922952311722,-0.06511929171051545,AL
-0.050455132274309346,-0.11778303565638351,-0.18927049508124064,AL
-0.047325199966080804,0.20141253525878355,-0.008276463735441402,AL
-0.04381310987183627,-0.26681861481687125,-0.23087801414162898,AL
-0.055534656700077234,0.09311189358162728,-0.050325140632573824,AL
-0.04594844046259505,-0.1532353479555701,-0.17171994776916866,AL
-0.07094642890388173,-0.2676814057451114,-0.20077926730080642,AL
-0.0548311948547105,0.15058278704335656,0.034917979405460486,AL
-0.049805085716618125,-0.047067510857985856,0.15531127727381533,AL
-0.07952652922391312,-0.595333870537502,-0.12222596088324059,AL
-0.03663622302654766,0.5575499086284349,0.3044177983027379,AL
-0.05132233228543483,0.36593426935152906,-0.052959987964248285,AL
-0.042407983406246894,0.3952209691096003,-0.25005885908654774,AL
-0.05012783928377514,-0.018538120998911112,0.08381082698840632,AL
-0.05469230835428922,0.13005312824819776,-0.05086187112696204,AL
-0.03735997580267764,0.20089294237939007,-0.04324875438161912,AL
-0.04869908760938975,0.4278712283333838,-0.1584319824643511,AL
-0.05392750344063868,-0.07058781720125606,-0.5414361666294734,AL
-0.043772679171261354,0.09234135031052301,0.011303287090676361,AL
-0.026782909096878416,0.28826806719459713,-0.024657504509561168,AL
-0.05254192065324676,-0.18873025509023325,0.4291865414642046,AL
-0.04719481435861531,0.16563731937305717,-0.0017730936391007633,AL
-0.04968328728703235,0.11864974777650908,-0.039219174693845504,AL
-0.05038382605146843,-0.04720640456979632,0.006033428083099001,AL
-0.047289503572181896,0.13527700919093466,-0.1840724111798727,AL
-0.007791814820654335,-0.20208216264868759,-0.1799222322944434,AL
-0.05453887086121403,-0.09643361764190504,-0.4366838107815815,AL
-0.04940801863024643,0.08917822507472001,0.1952937579257128,AL
-0.042266378604753824,0.062294350038730135,-0.06238982187854917,AL
-0.04503257023175803,-0.06972814106320695,-0.21035608191932015,AL
-0.036900302676379705,0.39541017878795065,-0.07934468208380983,AL
-0.0506555864319984,0.18881317003046205,0.17540616522713445,AL
-0.0523486026854828,0.06340151135049599,0.31454777325664035,AL
-0.05028560958271726,0.17896584894698236,0.04509116051935277,AL
-0.05120402704766738,0.30072315828104523,0.2058663024409948,AL
-0.052274923718682774,-0.15154989812720093,-0.1390723603466063,AL
-0.006158713176558871,0.29423642118890386,0.0774611770100301,AL
-0.018135049419658582,0.4412373369592754,-0.1271143227276885,AL
-0.06375479929499467,-0.10689363585711513,-0.2641692681916155,AL
-0.05421597937040311,0.0940785442127223,-0.0968822562733192,AL
-0.0063982790627125485,-0.20217129598383507,0.06004782044519201,AL
-0.09790141878032693,-0.10950286765524754,0.22561744451268725,AL
-0.06408597913389939,-0.050331546831418945,-0.011493751121136625,AL
-0.0491343738560119,0.17548482230224957,-0.31794681768199207,AL
-0.04370415360420641,0.7934590017577924,-0.0057370945112286366,AL
-0.05131123400423544,0.44183275227903923,0.028048688478269572,AL
0.006394471427662746,0.12219415882135967,0.2497337374403693,AL
-0.03740824975316689,0.2604469118441787,0.0854335932021263,AL
-0.06611226388575282,-0.08548209086806222,0.10628290891428589,AL
-0.04982600505795276,0.0903444912013625,0.11279009210435192,AL
0.008657683652986008,-0.30357143289008853,0.0406545741859038,AL
-0.02528650895503305,0.12881995870320295,-0.19930233770401348,AL
0.0025622052262577323,0.2616171594644923,0.01031605127446749,AL
-0.0894487522038247,-0.09301396754397462,0.03775601412497521,AL
-0.047071488693379175,-0.0223611801581573,-0.2525703949934433,AL
-0.12345508872294592,-0.08792670886131804,0.1412674331425931,AL
-0.0019669650704903256,0.1586696484442453,0.07288634647325734,AL
-0.03218967812683793,0.47350684410550636,-0.06481078111790257,AL
-0.04431838121464276,-0.08669686212621001,-0.05134255701679028,AL
-0.05908502673928876,0.16979042968152475,-0.02455087251168001,AL
-0.051873633828504406,0.22884157242884745,-0.12175527477830518,AL
-0.04888438052031432,0.04879016416943205,-0.09014649413099465,AL
-0.05194546336769613,0.15694397773287097,-0.2605748401303992,AL
-0.005592706176689274,-0.35738959319548613,-0.0438971346866794,AL
-0.030843372565386502,0.2228691652513001,-0.02463339741527788,AL
-0.052720889938712524,0.3263965846324714,-0.20684226048880877,AL
-0.05265397217431314,0.04710446918747347,0.026347888805108285,AL
-0.03845315127205276,0.0385115198453254,0.20589612858129708,MG
-0.06579908759948028,0.6179237593223578,-0.2813924775845982,MG
-0.0265821442883303,0.08429097547640695,-0.2806752694838063,MG
-0.02492487175836995,0.20763936477824455,-0.3929865189921293,MG
-0.03750485806541048,0.44380125685171146,-0.3030941088849612,MG
-0.021843090581488013,0.01550953025749321,-0.34455030571477113,MG
-0.037234901445882006,0.16606571440512943,-0.08878061620118967,MG
-0.0258530169380517,0.14339578539181597,0.13936483990886028,RJ
-0.04758965174625961,-0.0022035580625066123,0.11720158188634643,RJ
-0.0523146302221338,0.26086938328708337,-0.08586495381716196,RJ
-0.056402303205986284,0.08905177761590227,-0.21996035026310656,RJ
-0.04151271117710651,0.026327807060149137,-0.05017716622135599,RJ
-0.09619449695049274,0.09258524497999669,-0.31111984656242914,RJ
0.0012256480500259243,-0.4305831358500557,0.19724232068229924,RJ
-0.07316764314423164,-0.3030714418339373,-0.020250223738610372,RJ
-0.033391353143338215,-0.34298256760347373,-0.03821666183896839,RJ
-0.06710768867844377,0.2473738116111007,-0.26611383681717543,ES
-0.03979923972759973,0.0524740714759744,-0.17735294988766237,ES
-0.08104615578713113,0.28553691610539267,-0.22461904491046217,ES
-0.09068909830098588,-0.3190045435808221,-0.5238037584393944,ES
-0.03593400998696299,-0.10064352577968741,0.3455200002684769,SP
-0.04376272639244153,-0.05756985182147782,0.1164982167395537,SP
0.00916649789105886,-0.11744193663203044,-0.3591368351647366,SP
-0.03573564051818857,0.13324854719766163,-0.6491731903457758,SP
-0.05547877995361183,-0.534082485930258,-0.016837649624498456,SP
-0.03546983356864512,0.22879979348125318,-0.2179508061783718,SP
-0.07488828610618851,0.007788894155077525,0.026328280321776542,SP
-0.024758469200857405,0.35098018324535196,-0.9755111527477351,SP
-0.0828914599896542,0.024654561563940365,-0.49197340729522077,SP
-0.04359421078537389,-0.17197068807029847,-0.5844650440672479,SP
-0.05691201512812556,0.16441826530142745,-0.05446421828762024,SP
-0.03776099880441951,-0.04834778415779372,-0.15105150761349742,SP
-0.0406468137349511,0.17544867750619267,-0.7546266316358692,SP
-0.02899637719197739,0.07438203593399387,0.19578263910829224,SP
-0.07269970453141436,0.1612192692599312,-0.39502192641176,SP
-0.054378917872264024,0.12590895759476728,-0.19152399651015145,SP
-0.11734052196168102,-0.037840558513150435,-0.550648832537694,SP
-0.025448572170223286,-0.10265415406008334,0.2401554792516025,SP
-0.07687901382782351,0.11685924806181966,0.21197193572037204,SP
-0.041026466806473344,0.3949638182875011,0.385700887114501,SP
-0.05667145661342181,-0.06010392406970544,0.1997322250998515,SP
-0.043922617806660375,0.04879016416943205,-0.5695332245927687,SP
-0.04674937176045855,0.08974628785627548,-0.26609428133624635,SP
-0.04590598544222138,-0.10746910895358545,-0.3741750013178131,SP
-0.04865579347950477,0.01774444529907191,-0.2787402057729761,SP
-0.06729180535937364,-0.0368938768831186,-0.22279951508726095,SP
-0.06766810820640552,0.2109034964197078,-0.354088829612023,SP
-0.05053104476989534,0.20519879149673323,-0.23895304652948798,SP
-0.05588056649475381,0.0,-0.4874574663755873,SP
-0.06334973704385523,0.2554663453455248,-0.16060484531093103,RN
-0.06572266114526498,0.01438873745209967,0.13036444424212126,BA
-0.044128304553476876,0.14114858461259538,-0.09822698155208422,BA
-0.05255456962973112,0.24719071109704405,-0.023375704697490066,BA
-0.052068408854284626,0.09278173345096627,-0.26297372746191533,BA
-0.1057242220927586,0.22191580407588726,0.02065962283122947,BA
-0.04608470577705371,0.24340924877379277,-0.14901170478537262,BA
-0.04298024385201265,-0.31728869984458147,0.33358786379704664,BA
-0.07524590795870865,0.1866924660318509,0.11145912884380192,BA
-0.06689178229046781,-0.020690393257446166,0.1381848657050395,BA
-0.045829334500434256,-0.013072081567352775,0.23546161496147533,BA
-0.048521025108504465,-0.08055200231148657,0.23001288949292945,BA
-0.0345215604434347,0.6553260477610873,0.08281680850348135,BA
-0.05134826617112355,0.16339727825868078,0.15391106384619477,BA
-0.0477975687524396,0.12646422540143026,0.3853882254241362,BA
-0.05487902581119909,-0.198532651422037,0.37437379898753853,BA
-0.05190141652027047,0.05358424613410626,-0.14048106932093837,BA
-0.05010497144610591,-0.00255102179160533,-0.023575486552149832,BA
-0.05454585258955626,-0.05778344176332783,0.25263775220421114,BA
-0.0510771367710294,0.18486673505770537,0.028762488048535165,BA
-0.057410569816568446,0.9527439155857347,-0.15485844667617232,BA
-0.020130806811484565,-0.15594440228128517,0.13821776158298826,BA
-0.04679899187793124,0.20820100478177528,-0.09989214820578576,BA
-0.07643318623798626,-0.056264838586137705,0.03052881644015421,SP
-0.06841147464381901,0.09687935456619945,-0.12785106646248245,SP
-0.12668478740892142,-0.5108256237659907,-0.451259475514151,SP
-0.06646976782223263,0.21279608278878512,-0.21110298663245528,SP
-0.08204030379209137,-0.06351340572232586,-0.17568254560869245,SP
-0.03225581945122992,-0.04782332017273029,0.3026109601664536,SP
-0.1456668047192323,-0.10126639192573794,-0.25493322702567195,SP
-0.06595064887927989,0.17362105463310257,0.15050472939129647,SP
-0.046532167995279546,-0.07566633307373757,0.34656132175706905,BA
-0.06675357762570348,-0.16772275737280196,-0.21720482883139522,BA
-0.032855811283424026,0.15997542491612943,0.15887629955858684,BA
-0.04977249138981926,-0.10444266336759739,0.011452921382784304,BA
-0.05091109667213053,0.030352931912048853,0.15951677695375827,BA
-0.04366564827516576,0.05961570967435445,-0.12763017669294668,BA
-0.05520946773467875,0.22791221165186124,-0.18262025003694707,BA
-0.049294344767254035,0.14269976071140203,0.1635242040757437,BA
-0.11026888586502907,0.05728910503318176,0.16414644746981322,BA
-0.05191970613047721,-0.08229994306830998,0.08279263180162923,BA
-0.07851596524695227,-0.11062187973355553,0.20877346622103976,BA
-0.05038065940961404,0.11882873270869289,-0.009382233905534443,BA
-0.059638325528716146,0.13921489640965637,-0.16059061114050543,BA
-0.05606561609316367,0.05279818556697083,-0.1589933565354401,BA
-0.03324656913200774,-0.056397585587389706,-0.15735627773266878,SE
-0.0357172905596647,-0.21113799388692658,-0.36548905940778514,SE
-0.04327276052922558,-0.2256719976675684,-0.040367741782459166,SE
-0.05370470594936909,0.15223680364497422,-0.2099614686784104,SE
-0.06930585754089337,0.01944669414950327,-0.29346774200013925,SE
-0.04300323984546778,0.09815976447224412,0.06645966322954604,SE
-0.032691537144455045,0.17127172060736964,-0.024305587048137126,SE
-0.03155546414527821,0.1055334085264261,-0.019751609840581615,BA
-0.12450036380353416,-0.09413176155398556,-0.07218545381643138,SE
-0.04799890296737731,-0.01286191364240781,0.28610942811461876,SE
-0.05410563629846411,-0.3038483540698664,0.019648028877791733,SE
-0.03579183634926997,0.07916878395771743,0.15911801460682104,SE
-0.08039175955322796,-0.48397185873227827,0.11936303521245083,SE
-0.12375402661680932,-0.30159050249791297,0.1621422958727783,SE
-0.018489174277864753,0.8324827746020629,-0.32392609684475154,SE
-0.030163423086061788,0.3179842108031559,0.10455387642155889,SE
-0.11246651935270775,0.07222389206839788,-0.13733592270131242,SE
-0.050319765237809955,0.26056176623258703,0.13504237646107253,SE
-0.049485301327669984,0.08718791507818086,-6.347429090282807e-05,SE
-0.049055019025035604,-0.026093478874473757,-0.0002500217374555121,SE
-0.047912319125095186,-0.1127601265880011,0.0997631994529416,SE
-0.1238368916345164,-0.15050299849487628,0.3438727647390448,SE
-0.09046453915167779,-0.6337929379107625,-0.11271223193177021,SE
-0.05115295092818353,-0.06336961393258926,0.06881041037095499,SE
-0.050979250043604395,0.07585334251825945,0.03120020920514257,SE
-0.04359008110142835,0.1557789027107195,-0.161875526919583,SE
-0.05620526127974601,0.19781630741816064,-0.1255043044279241,SE
-0.10805340427353159,-0.11337429638137991,0.0653863754300516,SE
-0.048168689152722335,0.05758787487296118,-0.03902258584096805,SE
-0.03548416266237972,-0.24030267738536668,-0.07334845188574819,SE
-0.1311469108898028,-0.5086021653735937,-0.06211872508401173,SE
-0.029242685588484148,0.1299803188994452,0.39272771528206574,SE
-0.059397351916975615,-0.06735455946868045,0.12998848670789734,SE
-0.05609915558890862,0.12499089250142272,-0.287792418869144,SE
-0.04350442045982477,-0.05561669065925737,0.2435208350963747,SE
-0.049307016494177534,0.09968405765302116,-0.07754631498982494,SE
-0.04217773078475061,-0.09684982598991766,0.1792754449673585,SE
-0.0427913520450629,0.4408044745534733,-0.2798990454809175,SE
-0.06890939457632123,0.08567652539179237,-0.0689290777947793,SE
-0.045583187425027934,0.3547793033431388,0.15662574510918917,SE
-0.07874327061410921,-0.4388416434537113,0.12923503054224741,SE
-0.05144524388445522,0.0502086955827462,-0.0999143710129357,SE
-0.08538714886420326,0.07882469607364687,0.06986727539137487,SE
-0.06014669191536781,-0.20786855611581517,-0.2123973170990353,SE
-0.050613829421858186,-0.0986993752910441,0.2232335862125802,SE
-0.039810169681069464,-0.0051546505886645375,-0.04394786592848693,SE
-0.0558526632818896,0.04465027373773893,0.024255196030579473,SE
-0.05975763693455088,-0.41596227149367554,0.06771941340877934,SE
-0.0857501462489138,-0.06509269128198351,0.03415361939164694,SE
-0.05571812996896141,0.1235985034797122,0.024334926768438087,SE
-0.04878325647680588,-0.25166570605741717,-0.04405374074553923,SE
-0.04050212253088388,0.1351575109389408,-0.049559338521570795,SE
-0.0571539788553589,-0.4441067725881482,-0.024564515796988894,SE
-0.11900424505674177,-0.12030847709369955,0.22355510742324886,SE
-0.09640132324001273,-0.1533340199207024,-0.20483990957105833,SE
-0.09079167205252096,-0.37732594143621795,0.14405600806331914,SE
-0.0685952224181907,0.07960305059896708,0.06900252637298068,SE
0.000378738536233025,-0.068654404738078,-0.027529816107046867,SE
-0.04853644421684659,-0.008658062743114541,-0.3120223424786349,SP
-0.04332240014638989,-0.04528070453315662,-0.05079067437860879,SE
-0.06025644262833361,-0.030023699021702495,0.24726537345221042,SE
-0.03079055965509051,-0.27763401450520186,0.18715856332220332,SE
-0.09739738989194767,-0.14218945536763727,-0.08572766651545075,SE
-0.05025518354369911,-0.09502693380328095,-0.14415614910226265,SE
-0.04475464878191688,-0.16547086644209894,0.1954077236769577,SE
-0.12479822563268875,-0.2613574966661391,0.4935404535877514,SE
-0.1086475261555215,-0.09383887007348231,-0.05061424502477522,SE
-0.0587025951457473,0.07302513501488982,0.22143369419932166,SE
-0.08331887687922226,-0.02884924660175243,0.023388440370582516,SE
-0.05969867278661591,-0.15143106977461615,-0.1527589292098987,SE
-0.05745792346695113,-0.013876263355766368,-0.046481961919284,SE
-0.04717876542988025,0.24937865996855546,-0.035018331879273855,BA
-0.024811388425435475,0.06483751949530767,-0.06435986559334136,BA
-0.04999444472583647,-0.15060247977116095,0.12333683120490557,BA
-0.06095590619025182,-0.07352977034518779,0.1416330514991273,BA
-0.05445871770440475,0.06080900459560579,0.00659797400529186,BA
-0.0502320208196583,-0.08773891430800675,0.050272443184765286,BA
-0.03960081878395971,0.1508767240862964,-0.038428853051703404,BA
-0.05486425367143541,0.1469369425035666,0.03392445689009541,BA
-0.058681237021638674,0.6106709587357068,0.34028470617291334,BA
-0.04687566590446468,-0.169805748862124,-0.05939536195494164,BA
-0.022788062150241328,-0.38560629945856106,-0.11474397892508308,BA
-0.060906817082422314,-0.055508143709787926,0.21728950739883315,BA
-0.041259862730297976,0.1819302439343341,0.04344215121704877,BA
-0.04721505798824128,0.15462360487745364,0.04492054962526964,BA
-0.046888197044976924,-0.019293202934678896,-0.27845599976826013,BA
-0.05661669738801383,-0.12583904700136692,-0.05523861136408741,BA
-0.08496542445698022,0.04873731144354028,-0.02101427398840102,BA
-0.05350752915555424,0.08046296403609915,0.1813327103737081,BA
-0.05200329190927988,0.16763084138395107,-0.006971143702795471,BA
-0.04985618619711534,0.0125314923119136,0.22543121276632846,BA
-0.12884215214181116,-0.35736754468210624,0.2370964477262478,BA
-0.04892899110157746,-0.06899287148695143,0.11164971516929445,BA
-0.04229796631765223,0.06677704961866973,0.19311040699244808,BA
-0.03255853955276034,-0.09909090264423089,-0.038534728996502295,BA
-0.05031950410951337,0.10494289193072916,-0.18225213551225805,BA
-0.04618561477202245,-0.1412033098644819,-0.07434649037798245,BA
-0.04723820966377201,0.15297903353036757,0.27686958415625723,BA
-0.030099712220477273,0.16340919648315896,0.034148512399995175,BA
-0.04694971848201353,-0.07777770104268426,0.1732689366084299,BA
-0.06542458883287305,0.0820217806819591,-0.0886576075767722,BA
-0.032406790499419455,-0.3152320242200115,-0.006223570346813512,BA
-0.047452863087618785,0.2951170509392991,-0.06748336683267438,BA
-0.046873214341614365,0.5922163509937072,0.13247759553160374,BA
-0.05333594758048321,-0.0534478344434129,0.1714587732803456,BA
-0.059797298010785774,0.2055538582872232,-0.04271622325667705,BA
-0.04117890091256607,0.12348790025038298,-0.2701974196800858,BA
-0.04539474720636251,-0.026020548701896185,0.07639857983309453,BA
-0.04945861117748535,0.07712600319522882,-0.017471421526666944,BA
-0.04683126350777796,-0.5065755334852245,0.2340900203284647,BA
-0.04418173084485207,0.07109970405372548,-0.09692256419184249,BA
-0.09648343903561345,-0.09333193979221911,0.18423541394655132,BA
-0.04724485422172093,0.11400944627274401,0.1993102162356079,BA
-0.049266484416421515,-0.017544309650909508,0.10288186994405811,BA
-0.04227932041132995,0.13059357428827936,0.06977001144503686,BA
-0.05119304689027767,0.13994852694515605,0.06205662155366264,BA
-0.04161284736930454,-0.049648656138026125,-0.10795556374321756,BA
-0.03749397392883915,0.014983798463410563,0.07789834981307552,BA
-0.05573312564811917,-0.087443579400068,0.10722316520776333,BA
-0.04099212466295021,0.07495363816606523,0.02537382328959086,BA
-0.06854363503813773,-0.12495708484489029,-0.06777852641850816,BA
-0.03806804273543356,0.10164035746899917,-0.2973312709779336,BA
-0.0361527984889424,-0.08952145162808016,0.3904084683857932,BA
-0.040733750427019544,0.06735472444007824,-0.17298873816204968,BA
-0.06118811926419755,0.06082582231340811,0.17513260608457726,BA
-0.054718017816765364,-0.038068762175798576,0.19294953523343708,BA
-0.05130412812674627,-0.05696300592530625,0.11997359476526916,BA
-0.06758796053848003,-0.19541377306245883,0.10607237174866285,BA
-0.04260767911871241,0.14395580196495827,-0.10827185452552586,BA
-0.05463649916795179,0.10623578923668144,0.04411734905857238,BA
-0.04891637835603152,0.15030174555918321,-0.01770629466879396,BA
-0.04040497206838194,-0.09180754925312286,-0.0029259790435932583,BA
-0.039310857993124025,-0.16109515218006928,-0.09553135337161628,BA
-0.05190542121014696,0.09214617646166831,-0.39539647739337574,BA
-0.05465981988222806,0.07363998992850516,0.07254321000851728,BA
-0.1373514184748103,0.1093739399571163,-0.35399146142609855,BA
-0.033475242424322496,0.11832313828901063,-0.1936199958520103,BA
-0.04563846933721155,-0.005319161477599933,0.06951088527206746,BA
-0.029197804911521148,-0.18043221060934228,0.14157525076312405,BA
-0.06726507232850967,0.22257405205137015,-0.37495800891661957,BA
-0.059798399681547876,-0.3841070795733521,0.23982221194923617,BA
-0.06176389190131884,0.043519045328499886,-0.17352036054573172,BA
-0.04995048148234853,-0.1371393340007217,0.04602831615591942,BA
-0.018677102942217156,0.4395109495178815,-0.14831113797335294,BA
-0.07664030498440125,0.08888368609303451,0.22418589956738538,BA
-0.0734851510100887,-0.32176018846471277,-0.24595811221466723,BA
-0.09758189513967976,-0.027475297551969383,0.014888640428874552,BA
-0.05398296035975868,0.04711615230245182,-0.046871761985209315,BA
-0.07204214999978184,0.08596216904530439,-0.06620827412836715,BA
-0.033845497775871716,0.1476605267053248,0.03524554678731237,BA
-0.05157639257927582,0.08475014424986692,-0.096221186245547,BA
-0.04755558853881758,-0.03126507161405133,0.0030431347941028775,BA
-0.036773635755889156,0.17327172127403678,0.14880595122930743,BA
-0.05084775087788597,-0.04749230545383208,0.05594509469054116,BA
-0.051680554887470954,-0.03971641121250548,0.026416761018910783,BA
-0.11805569569782397,-0.12959282904559424,0.11403815633784853,BA
-0.045083841740084785,-0.06812918926829979,-0.011715350374314636,BA
-0.05115182361622284,0.11021826289261069,0.09669349042974769,BA
-0.04370572281742263,0.1809355551860774,-0.15161592974903493,BA
-0.052923903322100875,0.36152932240353053,0.0631481269962169,BA
-0.05325990525194466,0.03659419605222454,0.08403067438975705,BA
-0.03956901710716022,0.3462102852580843,0.18951951332248576,BA
-0.07132559437612072,0.09922552709031031,0.14066068226068926,BA
-0.043510418848391956,0.05511036271051867,0.22884315029268013,BA
-0.08713391717017914,0.06692069311917896,0.16514828061458234,BA
-0.049373507015422126,0.14599869642926297,-0.3281044194708912,BA
-0.061320608969230535,-0.1338247768132194,0.07042118117763392,BA
-0.0454752408523153,0.29123447405614866,0.00827122584052774,BA
-0.04658026185972162,-0.04188501313074433,0.17424282216196624,BA
-0.02634452803523652,0.05179680498589699,0.23273532856493898,BA
-0.03843406173606586,0.36531804009475244,0.05312936939300579,BA
-0.03163610327527674,0.1923505977018107,-0.018096512957946054,BA
-0.076839071205317,-0.15611605955129035,0.13856982328431933,BA
-0.09256426331213306,-0.04369708784837425,-0.000791813820647679,BA
-0.05938315375335608,0.2812403753413166,0.16404823956510284,BA
-0.055317060714565915,-0.05668577617543302,0.10745956781785974,BA
-0.09128321648601914,0.18647956694261839,0.0005571596089101571,BA
-0.049390086504121175,-0.08081940674170866,0.06980230181773384,BA
-0.0681890196979414,0.17336524477188373,-0.10229649421347796,BA
-0.05056817215900914,0.22427926977813714,0.10888071226446275,BA
-0.04969978187831875,0.2945335474008827,0.30912434676911194,BA
-0.02432752422617758,0.00424301504451576,-0.03013242186947219,BA
-0.044184520625385956,0.25106071776324423,0.0070265633873946385,BA
-0.05163677792116419,-0.060168521466452844,-0.13442552765585797,BA
-0.048923392220928334,-0.10012631906745782,-0.004967490865500224,BA
-0.05012919749437293,0.11021596549705313,-0.13179686544865066,BA
-0.032481026058089044,-0.03330117440567264,0.04743519862741443,BA
-0.05937322988962857,0.062326946332731004,0.10402392834751638,BA
-0.04544646112885181,0.13402019100492676,0.19158178133867312,BA
-0.04667514906153206,0.42420101916563424,-0.0052165846170201605,BA
-0.04688609955279965,0.08937984366947631,0.10454154418633842,BA
-0.043214262960886554,0.0,-0.08553028212081222,BA
-0.02397326099556751,0.892697678750258,0.15566340127089262,BA
-0.047614918042056045,-0.0817096998487436,-0.14687884117639535,BA
-0.04825380314097058,0.08588967188042973,-0.32383208913449807,BA
-0.059992414374429,0.0825267401786499,0.044234697156833994,BA
-0.05614313183290491,-0.038044198254814476,-0.47464585838868406,BA
-0.03977308371425064,0.7241307260799126,0.394819998605214,BA
-0.043763778431362706,-0.16086662179269512,-0.03616241303902756,BA
-0.03791330278842402,0.02260266990771658,0.07017420238417804,BA
-0.0249455566227839,0.09465639170177302,0.022923798333617792,BA
-0.05096073467100476,0.23004138225813925,-0.1685739614814967,BA
-0.05048794518974421,0.11982094139530404,-0.06522357021146055,BA
-0.0325324866257254,1.1837700970084166,0.2493245375957331,BA
-0.02224655036930698,0.12780071791553765,-0.07297473586689006,BA
-0.05844418097162471,0.06299095649715764,0.09543252415681168,BA
-0.040046674040188524,-0.08463590623254912,-0.1211622435075879,BA
-0.0699688186945884,-0.0928859361928185,0.08812510706041822,BA
-0.11306227589278917,-0.007547205635382966,0.0844107155313157,BA
-0.056734982506246506,-0.2144098713454552,0.04473815247518983,BA
-0.01481402618812047,-0.14695729645884967,-0.05157089481579754,BA
-0.039938243038055904,0.1370264134211442,0.011742495790040029,BA
-0.0446135915328688,0.08831261334760154,-0.008806156767818162,BA
-0.05630717812645832,-0.07975499584371848,0.23305067214776096,BA
-0.0737332726965741,0.23001643060197177,-0.2690845347519632,BA
-0.05028989530277307,0.027398974188114347,0.38991808049280346,BA
-0.04777651009807236,0.11094907368877971,-0.1808052621689793,BA
-0.013694014061790346,0.14565445199817278,0.08238376282955981,BA
-0.024127277129039164,0.1379531426055158,0.13041711342132226,BA
-0.056270020629868765,0.02294156924240675,-0.12092241784214511,BA
-0.05523272161402592,0.00401338331345852,0.10838683249135636,BA
-0.037914627019297265,0.05442398188768791,-0.1843814289788893,BA
-0.04735860952274461,-0.18964759688602756,0.28180973077351734,BA
-0.09104512383278737,1.1867195561783765,0.10023592207717048,BA
-0.03686715347128459,-0.12498753491070637,0.08882236082664124,BA
-0.042250973763417694,-0.17403075445928834,-0.044017755033590886,BA
-0.07371021679196123,-0.08175326933167294,-0.17268129073497845,BA
-0.05177636265719715,-0.07044521285296142,-0.04303528756035797,BA
-0.045791497615138475,-0.16734704920793525,0.20081233077089328,BA
-0.053658186939582846,0.2055074642627652,-0.040625604148287996,BA
-0.05062774902597828,-0.17147154076988888,-0.11615412849352576,BA
-0.045337593610828626,-0.06725222700916746,0.11788454938229767,BA
-0.04740714039267481,0.24683081720380948,-0.026892757276378146,BA
-0.04011769245987127,-0.22363123725413656,0.1701440590989574,BA
-0.017499304691608833,0.12469828920854312,0.1813609207616821,BA
-0.04962905744177101,0.185244518023195,0.037883228950010304,BA
-0.029576392141266745,0.03269973892637461,-0.23046560213283612,BA
-0.023041281476027322,0.21911044661921933,0.054478414912931795,BA
-0.04682166346596009,0.4306916710538399,0.276274535834691,BA
-0.04386931079770206,-0.11637952665406334,0.05361365927607077,BA
-0.05255237941629723,-0.28782508282027636,0.08948760867265601,BA
-0.05023812408203921,0.17271269768731792,-0.0030369485522699414,BA
-0.04701091118744419,0.21245865121419336,0.1130935508115287,BA
-0.09212964204358716,-0.26479347331168757,0.04218982276113491,BA
-0.04174132485213815,0.16503389221016085,0.0016028705642347676,BA
-0.04818861812399809,-0.21511137961694557,0.19964504472000832,BA
-0.04729188040139155,0.03807194794940797,0.17958375298495707,BA
-0.04854291000275099,0.22202142664063926,0.35983410891898104,BA
-0.03799739328637843,0.03079535113847194,-0.18910805084354898,BA
-0.06519325993630565,-0.13663783642001304,0.25396642244496626,BA
-0.037716986725025256,-0.08347324277032568,0.10682766226803683,BA
-0.04312354041252815,0.2008813548267389,0.060993015471162905,BA
-0.10383413332590025,-0.07782454578486171,-0.2677316703970434,BA
-0.060860473288475714,-0.012356732688905492,0.07860092272676597,BA
-0.03876773593764718,0.041109722906645246,-0.2476578851384711,BA
-0.044733621238956446,-0.0840494443424517,0.10347024027064804,BA
-0.038437688047928346,0.4087296333309375,-0.09481345884750131,BA
-0.034231623997489434,-0.04834082693428243,0.07695375258289607,BA
-0.04284875618527444,0.065000850217414,-0.034550469307252384,BA
-0.046190458260334515,0.3122878832539811,9.275723628044748e-05,BA
-0.13034747444668396,-0.27552744330148266,-0.08906809002484818,BA
-0.03050132177165494,-0.09386486077964032,0.10418243426504664,BA
-0.05102006360552208,0.06211146354348769,0.015351980871534394,BA
-0.05028561389679434,0.11458808908251304,-0.048692812651287054,BA
-0.04179354414572093,0.07125996692664466,-0.5758969666799096,BA
-0.03929978553368928,0.11989777618045849,-0.12831428627853944,BA
-0.04447191906152001,0.2795848622191615,0.14321098756766218,BA
-0.0621987417813692,0.2803987190606729,-0.07539198165097766,BA
-0.07720802568464694,0.02354105814184173,-0.340647043403363,BA
-0.046860770141917724,0.2455004584154862,0.059528743290506676,BA
-0.06397843017858981,-0.10961244871794829,-0.004709263006593441,BA
-0.04043873332937589,-0.015142980102563638,0.19982151750036034,BA
-0.025668579701419045,0.12859966721194488,0.09115968653430467,BA
-0.04793254171349687,0.26337148295116475,0.07506103966804831,BA
-0.056442968787438416,0.12694900267046358,-0.21330284994991688,BA
-0.038808138587759305,0.2589847411428386,-0.041581574986875744,BA
-0.037053231697608977,-0.003466207976486284,-0.11102541206009939,BA
-0.050218860146752906,0.08149303425118301,0.289173338290454,BA
-0.03172563425984645,-0.2366705404900564,-0.15600306493952204,BA
-0.032626647157529304,0.13642742708417474,-0.18263208205715156,BA
-0.05321283383882355,0.30104843395504444,-0.12269106038283517,BA
-0.05856924697223363,0.09340316740007014,-0.08315291245099395,BA
-0.04920457470959923,0.20331970363372806,-0.04472509092605957,BA
-0.04602146217869927,0.21515088657017442,0.146320397608165,BA
-0.03946512508055541,0.08682048993691881,-0.3221179986875397,BA
-0.053362046345253725,0.1596535980244886,0.2528229490246994,BA
-0.06082494635037944,0.25131442828090617,0.10796798857038885,BA
-0.052761235287064424,-0.24902675213307238,0.1859317475854472,BA
-0.04354539521752264,0.25103380529604213,0.06115004528927312,BA
-0.06649659199421075,0.19549201998369964,-0.19169990157141636,BA
-0.046222120935720534,0.29853565704319185,0.04360787054521523,BA
-0.04216572377001487,0.4530809620498277,-0.06866482108480491,BA
-0.03031742434380685,0.17331487339245275,0.2194941571883291,BA
-0.06435675301374123,-0.13353139262452263,0.15083143347673614,BA
-0.04203500137880956,-0.034182509744538056,-0.03317830141726697,BA
-0.09997619781610263,0.07741464612075975,-0.027887219939755643,BA
-0.06225029384028773,0.22468145278693688,-0.25439457842255025,BA
-0.027364757642488066,-0.009733830074628877,-0.0710561381700809,BA
-0.03739533348427422,-0.06196672374919974,0.18478685747773402,BA
-0.06808558617760985,0.03346769047108493,-0.008668429215361042,BA
-0.057588181968876884,0.04770018539923718,0.07634567895646667,BA
-0.054350921543407316,-0.04714677842570196,0.16126736192272473,BA
-0.044945270151958115,0.09969936022308797,-0.0017182112521229738,BA
-0.05423627497148333,0.05475051477140831,-0.2970523338086481,BA
-0.02712068137050431,0.22051747384335102,0.16315809487093796,BA
-0.05093039898331265,0.050393239659039434,0.18908147497706207,BA
-0.03969005627621005,0.02713134405136386,0.008256529237945811,BA
-0.04995872028406067,0.3121884826396034,0.07366285626056857,BA
-0.050688107120097164,0.009778890498932291,0.4353686555149482,BA
-0.02901093490522233,0.1603941964669434,-0.11539537512483186,BA
-0.0692861688069088,-0.1699252859258966,-0.09246125053664246,BA
-0.0336827451852896,0.16862271243579272,0.037900737158858555,BA
-0.03599267311359115,-0.07943271244744124,0.08825231972076104,BA
-0.048489145441107356,0.30622565016395004,0.11458695561894455,BA
-0.06605437175150902,-0.14171806529337777,0.054746861769878606,BA
-0.03572262661067575,-0.03989991054528675,0.00679255605591356,BA
-0.08402222144725056,0.007111843487717374,-0.10448470913380657,BA
-0.06727240772173276,-0.3156559244941871,0.20971647703107346,BA
-0.050664755835304595,0.07202409539023444,0.010662526276862016,BA
-0.0558984371314132,0.18891602251923542,0.18576997600153453,BA
-0.043572511698699794,0.29156795524316287,-0.07577765719995593,BA
-0.054068535560067715,0.3820055150834362,0.4538092087723003,BA
-0.020961762507758552,0.041248630056484256,-0.08977840189047151,BA
-0.04735493853522249,-0.018171305564095602,0.3791957631502091,BA
-0.027267951268110414,0.06817970879277341,-0.0309405337437165,BA
-0.05085422264905489,0.5640243182201886,0.228217351852944,BA
-0.05140387984656418,0.061164141656875615,-0.12354601549333638,BA
-0.055330309031780045,0.16413279505523048,-0.15418573863293186,BA
-0.05935565064974263,0.40021023526980576,0.08999749110003552,BA
-0.048199895309739026,0.3813675565291038,-0.007758508846015931,BA
-0.05309396244737815,0.3242396681855786,-0.054519586863608784,BA
-0.05680668533548361,0.3834862013893892,-0.0033209077481755863,BA
-0.04378723908769935,-0.10735851832049939,0.08380151016414271,BA
-0.049602517142150936,-0.2347851263296955,-0.20648575482812795,BA
-0.03768948968534643,-0.1444095107717057,-0.15770936864861,BA
-0.030266892722877296,0.27191734579049126,-0.06681163868052087,BA
-0.09520061806072928,-0.15697190218301604,0.16382125876892256,BA
-0.02728255390923775,0.2561216853893544,-0.4219032839109131,BA
-0.03029201884726038,0.26247139393355307,0.15567038097750963,BA
-0.07860430678156509,0.3031603149490362,0.018196510862784298,BA
-0.07793969152699978,0.3384543978252041,-0.008660579839864959,BA
-0.04162053617745582,-0.18921813585301506,0.10318861629425356,BA
-0.06538255611942471,0.122839418141052,0.08858568664069831,BA
-0.02270477372405418,-0.5276258550063144,0.1180791208378194,BA
-0.09580048969415281,-0.03672602624257515,0.13398515717096698,BA
-0.03769446346571547,-0.04112862877370355,0.1851318178952479,BA
-0.055042655407253525,0.08794043246339785,-0.13035746513854324,BA
-0.06683713441943523,-0.12312440626415772,-0.026539075440363238,BA
-0.040632683820755765,0.24630283441496337,0.18748997231932626,BA
-0.04494633253257443,0.058167769878901876,-0.11172507709088449,BA
-0.05111212639975122,0.3054637547279594,-0.027449535426325652,BA
-0.05355385149304379,0.14977430522745946,-0.0978650316688404,BA
-0.05788795719319692,0.22314355131420976,-0.31669070493513346,BA
-0.04625759480520148,0.004147037046089338,-0.117541070137664,BA
-0.08180176082457545,0.04629717440834401,0.2001608627343954,BA
-0.10644566114251607,-0.2335336579659656,0.1344349591106295,BA
-0.057774049460791684,0.21932154283963448,0.31583110503485334,BA
-0.03409364009872501,-0.1842017428062167,-0.16185005825820367,BA
-0.04565603018697154,0.11826727371727176,0.07090100145840733,BA
-0.058333809099736574,0.18626715427062676,-0.04348183705648715,BA
-0.04834213587800439,0.2364927876332045,-0.21637820448234624,BA
-0.04138896344198353,-0.0035842332278151613,0.1321120118687571,BA
-0.04306575856928025,-0.15415067982725836,0.28375017959107746,BA
-0.07603506175855664,-0.014255683531802172,0.2087539230743075,BA
-0.03176844116798548,0.15840771898935105,0.005239259891404061,BA
-0.030448522031597126,0.009888832129247195,-0.037381146257108436,BA
-0.05606115253469142,0.2659488357993439,0.5125958624751019,BA
-0.062259353175113184,-0.20876331729962475,0.28506631647649644,BA
-0.03932911035795324,0.047227739023235314,-0.09256446184813605,BA
-0.11632955736591706,0.12281296560905242,-0.05422123707985874,BA
-0.02658224104742079,-0.19596420743657963,0.32553034645848833,BA
-0.053225304697356146,0.7251238038260424,-0.115924196388298,BA
-0.045119451919239176,-0.1543704358989041,-0.0791289795786711,BA
-0.12765282169304248,0.6176105933117316,0.3655891273575271,BA
-0.03149153965366872,0.4275749290247713,-0.3000484507587594,BA
-0.03991352220020975,0.12678827873963253,-0.16247846338514663,BA
-0.06982638774181864,-0.4399008640112557,0.05906589163491187,BA
-0.07137544512898372,-0.128448566853803,0.228069328292453,BA
-0.04700186283527572,0.07042802369735365,-0.03831041379084655,BA
-0.04881302773477408,0.0554886856176532,0.057399855930151296,BA
-0.02831125164226757,0.4602459432139072,0.0014923435052423763,BA
-0.04939226334187491,0.08015942783707708,-0.023817289116928927,BA
-0.06073834857756124,-0.014001052291606865,-0.09372905897115348,BA
-0.045323742281224995,0.2861823107690698,0.10352766135413499,BA
-0.045455317498677844,0.06760564634488356,-0.07824815831559813,BA
-0.0943408640345084,-0.20849127452733937,0.05531126793737563,BA
-0.05677642851932202,-0.1801502119173251,0.26297929460720487,BA
-0.0722016161734879,0.017602214648126918,-0.17146231276557553,BA
-0.0829833864469074,0.029604330935329864,0.09379583067154872,BA
-0.051494971965224554,-0.11148788433590671,0.0819241571675606,BA
-0.048753161966785016,0.20359895524123955,-0.16049534366783905,BA
-0.14464868010135967,-0.43107938807802343,0.03695312091489909,BA
-0.04151231767177292,-0.07442328037011316,0.3041000217524387,BA
-0.03229441439561478,-0.28236067633481265,-0.008761533902494924,BA
-0.07914227741586725,0.08042156731057422,0.03317570380394473,BA
-0.035486774064744486,0.48460242866688824,0.14845112760159265,BA
-0.06294202500489961,-0.2031246844237179,-0.024596856915898087,BA
-0.05069293017322203,0.19785511406198758,0.09957371373396377,BA
-0.07490461666788059,-0.06076280380232989,0.5156477383740513,BA
-0.05264551555366886,-0.05876530922625151,0.06897993244922755,BA
-0.053405529676583505,-0.02679586158444652,0.14588630549123704,BA
-0.07845446685418835,-0.24649603497043635,0.1359905573377005,BA
-0.054381467896023744,-0.14163246146985492,0.12817154452064794,BA
-0.023989833233468184,-0.09647156824058029,-0.4585957417667019,BA
-0.030517332172564065,-0.4235322032952623,-0.43491672577012114,BA
-0.05004039348936394,-0.17578093913596318,0.02258487078764388,BA
-0.02731971426589305,0.05461182654965036,0.1092604013290676,BA
-0.08039873298206948,-0.02382199357235684,0.02230253841762707,BA
-0.01562028401783499,0.039621796082552674,0.3002696099157696,BA
-0.047805007376265966,0.05463205802575047,-0.06922240701599885,BA
-0.02591687047512234,-0.04395480873807873,-0.2900314077887777,BA
-0.08751721514415285,-0.0263546572874799,-0.06842697396814915,BA
-0.04229446345560194,0.2659132277020588,-0.11451855353580506,BA
-0.04055232367620119,-0.01595594031632992,0.26138768974896703,BA
-0.06031278412308926,0.06643634704568185,-0.39566453561841364,BA
-0.04769556524708207,0.09256346432426754,-0.1415649178482329,BA
-0.03681892879511518,0.03221361998365506,0.2584879080012141,BA
-0.04851432745142771,-0.09161071288798706,0.3197285272762372,BA
-0.06802622485681235,0.18088991732251689,-0.07781753193869413,BA
-0.05206385546971617,0.02093320966646572,0.13508505869679804,BA
-0.05468279425478121,0.4587847456409473,-0.03452201136644017,BA
-0.06119615750827375,0.14666590980516958,0.20382996864543054,BA
-0.04916169550191041,-0.03927573529970909,0.0032105511883817207,BA
-0.04727258403010628,0.20551331993793906,0.013600465063511162,BA
-0.05915416667772571,0.022393393020756196,0.11696127632565873,BA
-0.05300149950738165,0.22417394810810615,0.037873682516141156,BA
-0.046924783949917975,0.1618286034482072,-0.10477087964604222,BA
-0.04198343924939942,-0.060678990460568356,-0.18715143583828392,BA
-0.041325126295928716,0.17535288747786126,0.03191441241456742,BA
-0.051353321327454175,0.026262739547067013,0.032447251814060454,BA
-0.04982444290382154,0.22517194957560252,-0.010787909351553581,BA
-0.09752626835374244,0.26345477711645665,-0.6066877903172683,MG
-0.04710265307668085,-0.13538840337173538,-1.0139806222743157,MG
-0.036436531703401456,0.08588461630703918,-0.25817044449300586,MG
-0.05516625316697293,0.25982511794881474,-0.110238523858894,MG
-0.03938316569741083,-0.14900649628884302,-0.3196051281557554,MG
-0.03986368740146565,0.002232143783940856,0.10766117446143747,MG
-0.02925970052326634,-0.025434897147821604,0.2902482435678591,MG
-0.10767649579796423,-0.6724020802900986,-0.27739486074800707,MG
-0.013512375240097891,0.1256304578788432,-0.012427656036808277,MG
-0.027185704340642918,0.31733628771250416,0.08800116746454845,MG
-0.023923940906499887,-0.003901175298818253,-0.20499853874984456,MG
-0.014627164501109633,0.13595563623602894,-0.0526950604911373,MG
-0.04667893902450122,0.21469371228290057,-0.12030460301767217,MG
-0.04974831001948543,0.32742240110129506,0.10901197199709138,MG
-0.0034794349872161756,-0.11273656054875722,-0.14459678235098758,MG
-0.010494268019972358,0.07032578409791906,-0.45142055770407974,MG
-0.032715924977559104,0.1475179948629683,-0.06780867986443703,MG
-0.055570376552684764,0.06389148132204973,-0.11777716902394665,MG
-0.048685315572001626,-0.01598871269577148,-0.45361700722482534,MG
-0.028653814831264956,0.04278375428300899,-0.251493894015284,MG
-0.051493525660643594,0.16296130950941323,0.02503529030533729,MG
-0.05300420586074494,0.2468600779315258,-0.02045262341661042,MG
-0.07668504741742733,-0.013821358231619086,-0.1502413560147199,MG
-0.1156524590539277,-0.20430046351272993,-0.055861682358192506,MG
-0.0427716861202618,0.08997559681834678,-0.04517664679989647,MG
-0.065069303035928,0.0641630944034147,-0.6720718505737543,MG
-0.024155010460300694,-0.31463589173887563,0.09916030318533406,MG
-0.0315963624638501,0.1400268391405522,-0.0036294500000348686,MG
-0.006446519910653077,0.0566313252392134,-0.30175158342780967,MG
-0.051487227418213134,0.7966797679366457,-0.45495704536893683,MG
-0.04714278291693234,0.09811785595852342,-0.32330539206279846,MG
-0.09173852253901106,0.21944668943288353,0.19182719331399287,MG
-0.04964673621322093,-0.1514768814428561,-0.44123683826498167,MG
-0.051359272880062555,0.11993791455751882,-0.40010145428565486,MG
-0.04085278713257202,0.0819745949885465,-0.10210546632409076,MG
-0.07118373092630188,-0.03764559961636688,-0.15183916210445292,MG
-0.04792687322071531,-0.08256160069302032,-0.6204500702828305,MG
-0.007672848210905622,0.11859373695737231,-0.5186910944440788,MG
-0.11613447979252266,0.0038620737659435626,-0.6527557838271871,MG
-0.06399853972611579,0.020272702788633228,0.03614634668123054,MG
-0.051060884011460216,-0.12181145200209433,-0.23039761610597187,MG
-0.07564364873481294,0.0883290476383578,-0.33770379814542184,MG
-0.04979612847145417,0.006543098588935887,-0.12303357529032968,MG
-0.08956562075874733,-0.051043886729442635,0.06082180727977917,MG
-0.056575193469015704,-0.09190136228382152,0.0034425583691504204,MG
-0.13507258298556563,-0.08759638139384647,-0.4185423413046579,MG
-0.037109302253253804,0.09814706113952446,0.03949859505528349,MG
-0.062015594129834546,-0.08806377128355766,-0.18793347415057846,MG
-0.03870245699510539,-0.11948284908623295,-0.28521200759126164,MG
-0.034704755232492626,-0.06480721967861935,-0.18139150789733804,MG
-0.019786165294411937,0.048027877956636135,-0.4603617550679254,MG
-0.04799151684027306,-0.04985456022521868,-0.29163396539224923,MG
-0.137037070710207,-0.10018380978636933,-0.24526367675075197,MG
-0.05031339579954632,0.23867449334508636,-0.23041211871227782,MG
-0.015803658156365148,0.07570282393604964,-0.5844120844005268,MG
-0.06473346837782194,0.04428057366345686,-0.15033038988487007,MG
-0.05881176837117993,0.05675281659244942,-0.3689213712498471,MG
-0.0775727952170767,-0.21328487397644771,0.06221916336333278,MG
-0.03682415154300791,0.1065997828784819,-0.2514670679616468,MG
0.010478783400451877,0.3085034002653666,-0.3162636967164453,MG
-0.033298259889880125,-0.1741793319871715,-0.2765668250430649,MG
-0.060434089236646955,0.17779672277090752,-0.08567580106929652,MG
-0.03834946744503899,0.11625980611586202,-0.36596092444468514,MG
-0.04999996255914997,-0.1257693872890334,0.05343076262480949,MG
-0.09981409983599641,-0.12121651191988055,0.18189610115905558,MG
-0.0812267042303147,-0.14808298326483324,0.10816805351970395,MG
-0.0813108584387492,0.01727524011955474,0.0711531695534917,MG
-0.02759539453332071,-0.08216540004349016,0.2603991416411917,MG
-0.029420300101809353,-0.07379595967069147,-0.7030448214509398,MG
-0.028944919112095326,-0.11642946298525146,0.04710163981908162,MG
-0.07293824634742573,-0.07118108368597739,0.08175265213351907,MG
-0.03968430885827142,0.07613483705101512,-0.2478316599965968,MG
-0.04132813904038467,0.10023872600547395,-0.5557773542587068,MG
-0.04593481978901502,0.14660347419187544,0.018936513189621418,MG
-0.021582382302296678,0.13994852694515605,0.12029419431659623,MG
-0.033724338953367905,-0.15206299639677429,0.11588862507100994,MG
-0.03827052464246625,0.3889998450926485,-0.21153137281586984,MG
-0.024154642861508487,0.005954930400413035,-1.0182094425152524,MG
-0.03508464152225672,0.11255479129185336,-0.20344009986112185,MG
-0.026124537855646147,-0.009235571033081837,-0.6563441663379771,MG
-0.09153839160189688,-0.020877585021555255,-0.17463496467884235,MG
-0.03236341843837504,0.20878812998211796,-0.4470342023366472,MG
-0.07044153331045912,-0.2526784988784472,-0.03039783436156055,MG
-0.044331586639278726,0.09798579120132116,-0.21005462688859297,MG
-0.06193624975473208,0.035401927050916,-0.06409243248159155,MG
-0.044541016333767836,0.1042037775300025,-0.10376514430575619,MG
-0.06019323046587676,0.08391124360307763,-0.4295524605999202,MG
-0.015300053460675929,0.1649863447924088,-0.9042022623450857,MG
-0.03320319157979391,0.010482276273510447,-0.14719028017061814,MG
-0.027333693667851055,0.1496777087175919,-0.14076480042607178,MG
-0.051292771198075175,-0.0011976049335586637,0.004494729640024555,MG
-0.031287991309616285,-0.029888656401875605,-0.2890823882925758,MG
-0.07278136969049484,-0.432803345559645,0.11367475482328655,MG
-0.08117953640465966,0.06786721549198613,-0.4467620296884927,MG
-0.04677990266145108,0.06104530248394892,-0.024061311160117206,MG
-0.08951245248964912,0.06188493201952498,-0.20908112536401607,MG
-0.03592449509464865,0.02042991119610972,-0.3455530737649759,MG
-0.048129014391071874,0.03174869831458027,-0.058704613955570396,MG
-0.019076480528002548,0.09787287569705369,-0.3009192317522877,MG
-0.04747200319955361,-0.0260144735180242,-0.27040757506122504,MG
-0.05500295777280595,0.010434877292579494,-0.6699573388711019,MG
-0.06093049462976122,0.22522111438835588,-0.101329961005054,MG
-0.06867001708432761,0.029352833680967378,0.20512466611922348,MG
-0.0642768246849221,-0.0982213900117833,0.03341160031050914,MG
-0.03499544698787313,-0.07226619683192065,0.33646789033207464,MG
-0.054566758218494014,-0.0016450077734894424,-0.15572076375604674,MG
-0.04910303239674701,0.10508148111552591,-1.0400067082895401,MG
-0.01752847374832822,-0.12457989559573397,-0.438145690830234,MG
-0.0748227975420639,-0.03536052621212907,-0.3982639256912799,MG
-0.051460152039805515,-0.020137088366742904,-0.09172851528515713,MG
0.008911397157896787,-0.17461425812925171,0.16327657701287707,MG
-0.03655228096447523,0.05252243461699172,-0.22333150380427924,MG
-0.03424963371717282,0.07530296117861082,-0.6858643135085176,MG
-0.054878241171035506,0.0,0.045465898634704356,MG
-0.005272622947377598,-0.3104575001669649,0.05060225095508007,MG
-0.09483188396921707,-0.020067563050809256,-0.3085498280740547,MG
-0.0793821990681083,-0.07629884005750198,-0.45355998297021144,MG
-0.03811784411043016,0.05877643647186896,-0.004053810600305115,MG
-0.04518418851034245,0.13954121618510015,-0.07704546553075405,MG
-0.06071667811791295,-0.05430735057182218,-0.4794076672435907,MG
-0.051427116739672256,0.10348651411726902,-0.22714502265598147,MG
-0.09960949433946523,-0.554172116354246,-0.13279509683149632,MG
-0.03593479455310594,-0.3187450639683737,-0.15446366160976543,MG
-0.1144708522976321,0.29917645187751607,-0.13592032505614593,MG
-0.06636361727778252,0.26730130641892985,-0.9054504777063713,MG
-0.0461019380555447,-0.18603213619049025,-0.1790230478666769,MG
-0.05473884776697589,-0.024391453124159124,-0.11922619832504566,MG
-0.046648698587416895,-0.3393540829961018,0.014923323036020121,MG
-0.06397422188156805,0.09406674728317968,-0.4444395788706864,MG
-0.0025420451413719,-0.020074018982939416,-0.09229408259946009,MG
-0.0324287117443004,0.11886377636725443,-0.6465533074499508,MG
-0.06976300078768896,0.17062551703076345,-0.24554671433573608,MG
-0.062190131344353514,-0.20969186988520688,-0.22780586502859734,MG
-0.02213522727362092,-0.058256470390379435,0.08304606833497218,MG
-0.04644448626927147,0.08907963005368885,-0.4182311647877298,MG
-0.025139056225458988,0.06453852113757116,-0.21773642162942725,MG
-0.12019205465937977,-0.050021691418678654,-0.34299484648886885,MG
-0.028164201330848286,-0.11467454698611605,-0.34629585707655147,MG
-0.11520758531948248,0.10949299689155594,-0.9616096901298373,MG
-0.035888111495927,0.09405671021590592,-0.284213724908971,MG
-0.023866258440957792,0.0633722107112854,-0.12544657904066342,MG
-0.06552665601948605,0.021481564968646064,-0.5943493989576716,MG
-0.026080710776178635,0.2688272716881513,-0.2962942184562587,MG
-0.07530498688047003,-0.12853138220781687,-0.6819522227608199,MG
-0.051603610303485,-0.02505350244555025,0.07837983999317145,MG
-0.03462259345643731,-0.1759924217423071,-0.26049353399471914,MG
-0.05885286125166177,0.10449621136893111,0.11605259676829643,MG
-0.05417846890909342,-0.02298951822469872,-0.05960589651062459,MG
-0.04987603829038354,-0.04921398278141267,-0.023829677075544956,MG
-0.05085385622988112,-0.09489874182279567,-0.6906569390913949,MG
-0.06363175913700618,-0.145081532577395,-0.3850558145879196,MG
-0.02738370041222659,-0.07771704796554921,-0.2460886479404185,MG
-0.04688723112242471,0.15164126822183255,-0.3212566246292651,MG
-0.04802167003099571,-0.13590199823885896,-0.12645258207720264,MG
-0.04352437172563009,0.06850613504511993,-0.1061477078304603,MG
-0.06503479291580483,0.8163356347832367,-0.04396208437487142,MG
-0.050374337641161455,-0.005911347263057237,-0.5568124019801475,MG
-0.053783254293494974,-0.005797117684325958,0.39843628629743727,MG
-0.06301256443566267,0.28939293685541034,-0.13835149658326706,MG
-0.11941286794175374,0.3561993950671248,-0.8265945153251921,MG
-0.018644074956691462,-0.21331462961679012,0.011999579431198336,MG
-0.1176951677350573,0.0678991157644318,-0.3050507545046847,MG
-0.024171895383045438,0.11228714373145461,-0.25090959936552326,MG
-0.0403934373401994,0.18911380272789838,-0.19685570326057825,MG
-0.017660251050572756,0.734480553255497,0.3513771427361349,MG
-0.0537791661447213,-0.12853138220781687,0.2072326116730155,MG
-0.040062283260525376,-0.031425876260095915,-0.09754359973828815,MG
-0.05233993333015496,0.017953803616595845,-0.4566172866447145,MG
-0.00017266343151708867,-0.12208302963490507,-0.5883819113653908,MG
-0.04431372365883619,0.1550900880691942,0.02067053353025728,MG
-0.1556822547911249,0.13601425674882864,-0.13870493627879926,MG
-0.042205111555239615,0.27492987482785564,-0.3491772016329555,MG
-0.05912540571992784,-0.03913349497695806,-0.28285904580143223,MG
-0.1429403261253142,-0.07616756827094176,-0.1834650940203174,MG
-0.07463638538461843,0.028170876966696224,0.01777619883304474,MG
-0.042730979650498276,0.1583479265267173,-0.33255466183829807,MG
-0.04790827972977102,0.0033057881344994103,-0.5131390727462016,MG
0.0010410191157570682,-0.17570145170434853,0.27195397863387977,MG
-0.035142287739504535,-0.01827195694628382,-0.6337710272294613,MG
-0.01922094294043727,0.03493805136128044,0.13110474671588346,MG
-0.0402254796757034,0.11990392722552105,0.007020798477787271,MG
-0.053467823405380484,-0.098444291611145,-0.13817476753782776,MG
-0.03501536250627374,0.07668135997083157,-0.25412258966021545,MG
-0.04738616317167581,0.3393983542906018,-0.18006045376520896,MG
-0.037619002652840905,0.12445417447340605,0.287762805068573,MG
-0.027299900306700927,-0.3637576454239348,0.0880716414850324,MG
-0.036071365067750265,0.07171026446345144,-0.2416463822205085,MG
-0.03861431518392365,0.11394425934921769,-0.24515655386211863,MG
-0.04434166107583473,0.13442661534070213,-0.11370576994925395,MG
-0.03215512036582209,-0.20076009851800708,-0.12591825302763657,MG
-0.06552562250664051,0.1629483905307875,-0.33080262771439395,MG
-0.08184240764971724,-0.07672154885860949,0.37055184462837365,MG
-0.04828562798981116,0.008620743043906955,-0.2285145396298467,MG
-0.035141715239667345,0.16977599773033905,-1.1483749317627674,MG
-0.0581534195410033,0.08367247572411504,-0.40306069361541447,MG
-0.046918827699483155,0.03977797145691903,-0.11481320052899521,MG
-0.06494895469429034,0.4386173154250649,-0.3252706589390551,MG
-0.15153498285034653,0.06583670595524531,-0.011652447105570004,MG
-0.06776448373848155,-0.13688320702980283,0.31746760682268016,MG
-0.04001617484516028,0.634266383142233,-0.43417361232495094,MG
-0.025646633593401632,0.06201447610548918,-0.5615288379205403,MG
-0.04760496261600959,0.16156361221638385,-0.39255079619187866,MG
-0.03152950005167012,0.39068982252601003,0.19504726510953457,MG
-0.06642984030102557,0.08674980230856731,-0.03323471572244885,MG
-0.050094604230630786,0.08831820725490679,-0.3781575107835492,MG
-0.04943225409251754,0.45815358932823974,-0.059904094670722524,MG
-0.06064954191730611,0.01611082027269827,-0.12539690953706134,MG
-0.040017397990305015,0.16616832193754522,-0.1421193300522139,MG
-0.14311667544921386,-0.16731189414338934,0.046941459997855955,MG
-0.04613337734645861,0.6501179282233455,-0.50228321222739,MG
-0.04786679994657468,0.03677925150329649,-0.20464121035469524,MG
0.00426353669014982,0.1710612607518101,-0.1979881966705662,MG
-0.06359313733464196,0.16705408466316624,-0.2812378033378932,MG
-0.03584485764808273,0.10371982620036631,-0.19430268535449333,MG
-0.07028015751999958,0.12044615307586706,-0.4005510933057354,MG
-0.03616987550971656,0.14981825871433532,-0.23757563521281902,MG
-0.05286892747849685,0.11833023129247207,0.20405287404619585,MG
-0.040152935671821426,0.10798863806409573,-0.14869599495920927,MG
-0.0515107793752824,-0.03327643618906204,-0.5933507736977582,MG
-0.0430429640133678,-0.10217362472930723,-0.47748476647458754,MG
-0.03951374627440059,0.21610855437133786,-0.5838012364381888,MG
-0.035133858400779414,0.055290463013019896,-0.19143000640140037,MG
-0.073643319538547,-0.025164891094321473,-0.18886617692156532,MG
-0.057603182459892245,-0.16448668915792045,-0.3630818907817938,MG
-0.04118773278087919,-0.06078968825605144,-0.6178077028404898,MG
-0.05240924350422526,-0.13270596954835515,-0.22197234933657786,MG
-0.08089500036646355,-0.013559529785632362,-0.5238261450522423,MG
-0.04317266722175375,0.10358903600944434,-0.5988907311797224,MG
-0.07146065051398372,0.08672162813168457,-0.6787686761559041,MG
-0.09533827659153228,-0.04000533461369913,-0.42088229016615075,MG
-0.041741064092468604,0.11605083359498797,0.40365514600947017,MG
-0.02108756432674241,0.14041215371674498,-0.6499641565258218,MG
-0.07056864991803088,0.13294847217665529,-0.5197464264444998,MG
-0.05151588649809092,-0.0016184804533494201,-0.0815592741687438,MG
-0.03250896066244767,0.13794679685585234,-0.30666728616059374,MG
-0.08370926790673892,0.22348831946104847,-0.0213208571129162,MG
-0.10707485740596219,-0.06936112779750236,0.43760256391621677,MG
-0.03628240161496961,0.15843871651847977,0.08921448532528957,MG
-0.04133348252925562,-0.2859199574583817,-0.17380172839466154,MG
-0.056713029584096894,-0.06716664354384068,-0.354638482849102,MG
-0.07292190528142613,-0.03548335459208182,-0.28379338216551536,MG
-0.11979166374934253,-0.04445176257083381,-0.3114222799746337,MG
-0.07070993642818389,0.2181449294093733,0.44979593429899223,MG
-0.09649797091295387,0.4197414777240343,0.22591146746381233,MG
-0.04499252683750941,-0.23151180098472637,-0.9087260194774899,MG
-0.028918244980963206,-0.005612736904957436,0.16405022137450473,MG
-0.047204567563304024,0.2136872160721744,-0.2251512499855259,MG
-0.0621826212149599,0.010178204915756052,-0.11851322393406617,MG
-0.014055324783378828,0.3841228346263918,-0.01332198768743478,MG
-0.05182640290427129,0.09960834273856638,-0.4347792696897173,MG
-0.0588055862130851,0.4186355712979094,-0.3644110322036626,MG
-0.035298102665608365,0.0071611559228280065,-0.02916650437298586,MG
-0.016441099550271756,0.055591015399935745,-0.4564871722339886,MG
-0.0800027906023864,0.047747622669370056,-0.6371031016698824,MG
-0.0283741450106198,0.13214539101664546,0.08472566715727514,MG
-0.026430989277654422,-0.5762493804972545,-0.7007994892152833,MG
-0.07923092273557426,0.05058549678810624,-0.3573985723191205,MG
-0.05097226863606798,0.05348868495098622,-0.1207280868631366,MG
-0.06606363112459035,0.3479118275306074,-0.1745640757803919,MG
-0.0438397487578315,-0.14962470101421385,-0.19449349725332749,MG
-0.03732604215674687,0.1864421844637818,0.01876719470351563,MG
-0.04810644288889984,-0.11778303565638351,0.31712258604703303,MG
-0.03603250145041492,0.2894025702563381,-0.1498746835244351,MG
-0.019081213889325883,-0.015519749406070094,-0.4141402260395239,MG
-0.023639318467553058,0.10058010619569872,0.012479384748237867,MG
-0.06339427909615972,0.31557559537426405,-0.19806412397566128,MG
-0.047283575537265206,0.3367485178772872,-0.7666777958169914,MG
-0.05583341813481665,0.0728373239522663,-0.3066095750008384,MG
-0.097005816270235,-0.05212906543494668,-0.461223369473118,MG
-0.026831245890991343,-0.07951496054908748,-0.5173646554442286,MG
-0.07135253155596315,-0.1219625131601011,-0.17321014579373528,MG
-0.049703204418855756,0.06703540133615829,-0.5377292924529798,MG
-0.03537366121799911,0.08484276676050356,-0.3217596556689874,MG
-0.0570012074094857,-0.1817796982057848,-0.7274589289216502,MG
-0.022077610286940406,-0.03878602503515642,-0.2984839473879211,MG
-0.10688955372845653,-0.019582739438100894,-0.3721326517257686,MG
-0.06592901974310222,-0.08594242980072477,-0.22821345334680992,MG
-0.10475859666787904,0.3707486711503944,0.09105530294998072,MG
-0.03387820578584361,0.1378393690310594,-0.40132387033668604,MG
-0.04545426656171059,0.01421358525540576,-0.492740738472544,MG
-0.14212346892933692,-0.21597506183559723,0.21072835144717283,MG
-0.041580302022697684,0.24051751925026277,0.18222187748215374,MG
-0.07426116644586989,0.0452286746132024,-0.2296307238236334,MG
-0.03101515663797925,0.09613131027334458,-0.2700332194007962,MG
-0.09890195889870468,-0.13127060304531887,-0.38158133458146315,MG
-0.03452555716125948,0.38478490287062567,-0.3728712557424321,MG
-0.019118185047207456,0.14262538897820426,-0.1613533107935849,MG
-0.017168246062403896,0.1071546142552587,-0.44099383887189897,MG
-0.0468853402495096,0.291462795291687,-0.1293788761983768,MG
-0.03432728912355683,0.09773795472827301,0.0959008509099945,MG
-0.0841934648783543,-0.01131850272207851,0.00031407673338679383,MG
-0.04574300902522207,0.11184830013656885,-0.2523002472131333,MG
-0.037979702335052115,-0.05420681783642689,-0.28832692042469366,MG
-0.08316801595079346,-0.06743778631419221,0.17849362778884714,MG
-0.10026207612187367,0.029989209561258737,-0.787059672505762,MG
-0.03519465459689491,-0.06198325614525677,-0.05867340329539029,MG
-0.14646592288723984,-0.07882264545816588,-0.09359103297021887,MG
-0.09606237445921607,-0.07710947515747844,-0.5155074583955632,MG
-0.09050595000673985,-0.041773922245637245,-0.2859477693649028,MG
-0.05005464846526271,0.2760321512846639,-0.18754805641004393,MG
-0.004919774236202852,-0.29933993355520216,-0.6141217472581394,MG
-0.02524303965391944,0.21843083641100888,-0.11327145247865175,MG
-0.036707883988954665,-0.10490337279272226,0.3363251693412908,MG
-0.08598299638096414,-0.0324805922891656,-0.19885587037950148,MG
-0.06763782170803564,-0.06654533366539571,-0.11836402682924946,MG
-0.09664755451302208,-0.06680067897328376,-0.023792730772340454,MG
-0.05143056569999621,0.3930425881096072,-0.2808351563158171,MG
-0.026498423452584033,0.07763199788459073,-0.35336321127042136,MG
-0.022884006557414432,0.29295515434993896,0.025739167402360656,MG
-0.029961233229528275,-0.3320817877269193,0.06793740405789786,MG
-0.06136104097572266,0.12303838877780172,-0.5264488096152926,MG
-0.13839873936343014,-0.27326256236885677,-0.093704387833835,MG
-0.08388803734508525,-0.37425857228735115,-0.07963658522120211,MG
-0.032079022397843215,-0.0765517083428566,-0.21582908855465674,MG
-0.06422597754262023,0.1603283056512153,-0.19804243227089038,MG
-0.043762704234836663,0.20522858849404943,0.12316349474067642,MG
-0.07298628505856214,-0.14642281291282672,-0.17322182006306755,MG
-0.06164987131974412,0.16929205650362072,-0.5121768759528765,MG
-0.058383435570297695,-0.11874208435365773,-0.14367882578606325,MG
-0.020626490151536017,-0.09539365574243415,-0.045980573074636384,MG
-0.03939946101233785,-0.003898640415657309,-0.33162592848556294,MG
-0.0414589693758291,0.027908788117076658,-0.23934583475405616,MG
-0.0717413884338889,0.12522525668426596,-0.8177475832693342,MG
-0.058755550419749385,-0.056971520408708676,-0.5109932715188301,MG
-0.046916794238247995,0.17814182239124673,-0.3705320561565426,MG
-0.034314352827319046,0.097033040177994,-0.19139389666450105,MG
0.0021633514135241862,-0.11068900053622995,-0.36563095985143096,MG
-0.09060829384534887,0.0677741459794481,-0.630032636089746,MG
-0.035934889205962876,0.18105493217876176,-0.3012190371723862,MG
-0.025700736693180345,-0.11324038898448763,-0.11889299538090062,MG
-0.07948943793360522,-0.010866959200125608,0.005570747375745692,MG
-0.06906578828666694,0.056005675960140215,-0.1666178334859864,MG
-0.07512246941635395,-0.08711117240910289,-0.06589481780046447,MG
-0.06045895040887186,0.11886120287672883,-0.05092009042725687,MG
-0.0201385185366442,-0.02689495346677525,-0.7780482875081973,MG
-0.04098873132853735,0.020834086902842053,-0.34605159438934996,MG
-0.017316954416098203,0.07180352121193838,0.23429074334539832,MG
-0.05992426163258665,0.27239954676797734,-0.3946924975241432,MG
-0.05894178903988034,0.16195086694622324,-0.47216506694310256,MG
-0.0531704538980568,-0.029750477881848682,-0.2920365991558906,MG
-0.06284265630949488,-0.06447138676810552,-0.8903420815617685,MG
-0.1047593217620892,0.0721962912044892,-0.5410092563502471,MG
-0.014790778250666317,0.22681777467609418,-0.5158254034524304,MG
-0.024787228391213976,0.08450956925616586,-0.47975665736855544,MG
-0.05244966206486167,-0.1097623022078831,-0.11291475745413497,MG
-0.05091497620767454,-0.12575628791059879,-0.00592556752681057,MG
-0.13726886112766293,0.1060739351073619,-0.43876633174238266,MG
-0.0377025337644248,0.15382521196433638,-0.24319589381312898,MG
-0.08218596893626753,0.14400914641564241,0.31098085109754203,MG
-0.05943057738356166,-0.05286643203601801,-0.1226212206998819,MG
-0.011833090286270666,-0.016018017154446944,-0.3179816557464601,MG
-0.005061107778738095,-0.0030303053491790963,-0.1086420853850576,MG
-0.038095789082956744,0.07321471617650684,0.04121461295695825,MG
-0.048673492186886366,-0.22933552156213083,0.001276312693666456,MG
-0.07320157272377807,0.03273544692237664,-0.17095810546635615,MG
-0.06295136529866865,0.14630504096409475,0.05171518003599484,MG
-0.07998370599456665,-0.06363976008329886,-0.34301656822317844,MG
-0.040724442488554946,0.05988183302315294,-0.4531694261702009,MG
-0.07978637105183048,0.1908247600590423,-0.15937889826573157,MG
-0.025428457918808992,-0.05056210863703726,-0.36464725139198645,MG
-0.038484966574998,-0.08399997441273842,-0.057201165395205894,MG
-0.13786498243658332,0.12316430827501207,-0.4389977939413778,MG
-0.05010384986271822,0.13157635778871926,-0.28469036586333574,MG
-0.055076097314469226,-0.0656502499902617,0.03883431315364511,MG
-0.018560308080845234,0.03842771508766659,-0.25687426744246233,MG
-0.04120298391055874,0.34228620648663277,0.12013472841494065,MG
-0.0466770325672813,0.20935022918187396,-0.36189892533831625,MG
-0.04043237135057435,0.23680878227044666,-0.20435469182515803,MG
-0.07017884252256845,0.17917129607444002,-0.3376814813778119,MG
-0.05096998023650931,0.07352147199028472,0.08239714991187663,MG
-0.07363724805978074,0.09111815894228309,-0.43556658324678493,MG
-0.061749847142173825,-0.016103407566578735,-0.44374324479429356,MG
-0.06194151081706317,-0.03382246590712416,-0.16119683775357418,MG
-0.04352616634575247,0.18473410319933856,0.10797443749831648,MG
-0.05559405898867265,-0.05321400742968944,-0.12463413273501105,MG
-0.06438189242703429,0.1389254722301926,-0.4780932304010852,MG
-0.04451916768987293,-0.026901727152293164,-0.7104597663329709,MG
-0.056066091258988274,0.06103589058636909,-0.4409763633491703,MG
-0.027425125359434713,0.060133721003603084,-0.244204605742756,MG
-0.04481267318317214,-0.14088436692978143,-0.5470271093806386,MG
-0.015148906818051429,0.05199028929553564,-0.6456159360915917,MG
-0.018350700687412597,0.09038406146826894,-0.07474976995755199,MG
-0.02895996314409169,-0.023953241022492872,-0.6387550211423592,MG
-0.041577748278985735,0.3439156001849724,-0.9005252530311838,MG
-0.03444167342261049,0.10512295775196984,-0.33440705705842794,MG
-0.024456013211639954,-0.13467612507295357,-0.18321314717906031,MG
-0.058084372710682446,0.1462461901461088,-0.9708983232832905,MG
-0.03709303170091893,-0.10493624751399924,0.12812320108673458,MG
-0.08283486768050391,-0.07615966461128375,-0.3763346300995191,MG
-0.05617561147213419,0.036238423500556664,0.08696526056871702,MG
-0.15404776358214745,0.07742793647026944,-0.33966632043901696,MG
-0.02855501262394578,0.17988080794273495,-0.6082285762000943,MG
-0.09634774576193567,-0.01747629242849074,0.1698995457383404,MG
-0.043144725095516936,0.2402798335571971,0.3104221512404721,MG
-0.09600192274208018,-0.022250608934819806,-0.6860518896866357,MG
-0.043721258123966794,0.08582261910148606,-0.24571283736884517,MG
-0.062373639958071776,0.09867152750702962,-0.3653222725711362,MG
-0.056382805554215425,0.03946194827828512,-0.13051303015201404,MG
-0.0361432404011328,0.2628510009093225,-0.10511799409924061,MG
-0.11271989655908572,-0.1309335222607887,0.06805632034025458,MG
-0.03908838382360006,-0.4099843863514555,-0.21996916454811613,MG
-0.05944400026969389,-0.005129412039302827,0.14495604162641812,MG
-0.0565632138108796,0.131028262406404,-0.06468192824254171,MG
-0.11413057398282989,-0.010578038821173766,0.0529012901189954,MG
-0.015106434528187293,0.038540415307776604,-0.9539758442016307,MG
-0.03478059632239676,0.032643848076362884,0.2262609063242498,MG
-0.06728665365532709,-0.15289012249407158,-0.4220662940471348,MG
-0.03762713899377013,0.04768213081507015,-0.2716602426204305,MG
-0.04445086653819042,-0.04367506350266153,-0.6155393191036996,MG
-0.052571178478735985,0.054724899689246466,-0.15827651568427387,MG
-0.050311649940643126,-0.03542735261123303,-0.37510000203788,MG
-0.07370924404941288,0.14631111927092152,-0.47670358725301687,MG
-0.0424339379813261,0.256813479806684,-0.16852745569576066,MG
-0.03319656755348638,0.07020425867324856,-0.2957497539609043,MG
-0.060538794662746455,0.10252248415634126,-0.6995843769920449,MG
-0.022308174274253703,0.1817175096599129,0.14506152748875167,MG
-0.03993016489859171,0.038505263383107426,-0.37033232512207165,MG
-0.0430182785359403,0.09560434071246164,-0.7040168527968491,MG
-0.14814141196305047,-0.3741913153610635,-0.1510644977879329,MG
-0.03447521058337772,0.0443058517221034,0.04745996172370659,MG
-0.037100738315104624,0.050826036354646276,-0.012750502026632849,MG
-0.041089457408853974,0.22534538706615106,-0.18605510139902087,MG
-0.05893166861118751,-0.07807688394085989,-0.7290920809674022,MG
-0.04757403796674506,-0.006614117218039977,-0.1636162370849089,MG
-0.03629429358677113,0.013300853196406942,-0.7796929783214772,MG
-0.10895294114159662,0.01868816333256515,-0.37439241226104586,MG
-0.04368464630906376,0.11127997702959444,-1.2244364323616699,MG
-0.0327498102903816,-0.0873651714387474,-0.30411597824530334,MG
-0.040953390676398076,-0.15578200155934244,0.11856413207772752,MG
-0.04933128747184576,0.6020471561212759,-0.6844665001199898,MG
-0.058469082341800094,-0.0433652806412233,-0.5673552834297175,MG
-0.028461534173984494,0.3384082285139371,-0.6019502381540378,MG
-0.08383573225944072,0.07100864260883301,-0.26182903505404864,MG
-0.0503741398179891,0.4304664103135816,-0.09177633457865589,MG
-0.025620776837065942,-0.2185142381439825,-0.16019493488266773,MG
-0.052804652835472074,0.16512513373552562,-0.1695699751911939,MG
-0.04055826858749505,0.2387018902300623,-0.25077533209465264,MG
-0.026371069837506395,0.009304865752006378,-0.6538525213390177,MG
-0.05855358155159352,-0.1410474548288312,0.12476066128240051,MG
-0.052017666285329806,0.21313429820191007,-0.21291112320460834,MG
-0.0410198536777456,-0.18599803152326325,-0.11730655652650278,MG
-0.06597565356919119,0.08661298194722426,-0.4112398022640468,MG
-0.05661700693173232,0.041878040480963066,0.06898408048325876,MG
-0.14636286370593624,-0.002957529812413836,-0.4953931310172664,MG
-0.031992592606335926,0.6455318745636376,-0.2786729550113598,MG
-0.04871331710128334,0.11736366051918222,-0.3180635948498304,MG
-0.03806935744999244,-0.09140975040149371,0.08545690520872455,MG
-0.06488806545563088,-0.011925633395815583,-0.48468816305440776,MG
-0.06191578099635005,0.09869937529104415,-0.5416814013496606,MG
-0.03085671148300817,0.44183275227903923,-0.5414739870178193,MG
-0.10168826712024404,-0.26894644327815775,0.3856142184109034,MG
-0.06002692202351301,-0.0052718408752523835,-1.0909772176570978,MG
-0.08354258734520162,-0.19211176608876418,-0.15694261510223703,MG
-0.0489060266555513,0.012307847674596773,0.30467424702972484,MG
-0.0398257376283791,0.20734839925560597,0.04932280159705891,MG
-0.05009848775726115,-0.18366474034042224,0.011030358502782027,MG
-0.14665333647665532,0.012477521511112543,-0.6371440440051895,MG
-0.04981032161600112,0.06955768370191019,0.022170530971441563,MG
-0.025197520671614005,-0.037905412589082504,-0.04851605360861568,MG
-0.049179946160051176,0.3638223361483856,0.09898438648734677,MG
-0.11933137900557722,0.09087089548180766,-0.5970370981491521,MG
-0.0373635687810944,0.06957553067023285,-0.27257762674183333,MG
-0.05385541319954334,0.03794611385925394,-0.11985660604598927,MG
-0.09984001944591445,0.030778282257998717,-0.7236341410103452,MG
-0.11437323998385754,-0.08977226371892814,-0.6716262373855635,MG
-0.07283159962765039,0.32444411236059867,-0.26146410749889726,MG
-0.06185465899699524,0.15040395382564958,-0.17457205520959101,MG
-0.06821137144260805,-0.05067581983875587,-0.4055082981226396,MG
-0.040459356313151625,0.35742842884189313,-0.4054130367421855,MG
-0.06166387899500168,0.10830819649516875,0.06372087655927187,MG
-0.03900869213125492,-0.05321853196053097,-0.5190234856813554,MG
-0.03943233529594935,0.07534435433706937,-0.6556375000479203,MG
-0.02816017642680704,0.09994164212068489,-0.5204102566096486,MG
-0.04795530180245097,-0.42020080676191734,0.2553671544368926,MG
-0.027196155206366528,0.21924958203861422,-0.2890780057343374,MG
-0.03618359988382171,0.3272129112084162,-0.19925080068505685,MG
-0.04565595478904498,-0.06567611886095749,0.05853465199956081,MG
-0.028627938160922586,0.21896438651446862,-0.16936492469836828,MG
-0.04728011582907363,-0.07949212266306872,-0.04701798618631651,MG
-0.05432291694788265,0.03603993648319687,-0.05342692752753512,MG
-0.04365848808292525,0.10939372470807833,-0.27915858139108063,MG
-0.08407338735835926,-0.08058048665933931,0.003388820147342221,MG
-0.025213422700911783,0.16678295336617543,0.025962523484290366,MG
-0.036391843855136906,-0.05480823649499503,-0.10601967759366367,MG
-0.07157391844390561,-0.12381724773065089,-0.2897242178038972,MG
-0.051656155538451196,0.0595920972022456,-0.34070066448886066,MG
-0.11970149752633516,-0.07400820660268384,0.2879741072059919,MG
-0.08176102185973262,-0.2023404236844465,0.26144529515142123,MG
-0.13457637143059778,0.1687301295904155,0.11098323311980896,MG
-0.03436568538484745,0.26853140649565627,-0.5613990437131184,MG
-0.03948477953929245,0.1566424204588756,-0.7330053615419255,MG
-0.0286254080421629,0.010256500167189061,-0.03533066493748245,MG
-0.03447912687071511,-0.5700870878027181,-0.487798405762669,MG
-0.029717313369369346,0.11092194527643821,-0.19862341357321267,MG
-0.053387855946870656,0.22618460788998876,-0.7419134552143265,MG
-0.05676962834379469,0.04866517198128101,-0.3631816304568566,MG
-0.037474675397681664,0.16315888640673076,-0.08695140542979791,MG
-0.057452793322957316,0.045341099480604614,-0.9367045195742401,MG
-0.03276244983265357,0.13675893711538914,-0.43515737028153945,MG
-0.05768464905476815,0.07554831808569701,-0.5842241645079378,MG
-0.03776399174881786,0.17078832098028157,-0.3058756567762529,MG
-0.04898050505318513,-0.026046708938100724,-0.1789750941061882,MG
-0.07260450775944989,0.12158422262877548,-0.041604479856590874,MG
-0.13306616030111817,0.0835789578855193,-0.22562242741451002,MG
-0.05263742862186017,-0.0013404827744519531,0.210754408494367,MG
-0.02591097145225968,0.14166057454151657,-0.0893024522604554,MG
-0.04015522288723577,0.15281239871018953,-0.01338444905672741,MG
-0.05636473789905599,0.1251986423416452,-0.7239356778038708,MG
-0.040952022571925165,-0.0004814057139548193,-0.6047193236613655,MG
-0.05329179619890291,-0.038839833316263894,-0.023854455142116936,MG
-0.059393136206361996,-0.004483910301559225,-0.4969017524028658,MG
-0.020565907879758916,0.0521157567233917,-0.2851902000398453,MG
-0.038532673710394115,0.21007146974685706,-0.6108429777832055,MG
-0.0983613515080602,-0.08770558041910557,0.3808812370562326,MG
-0.02279266411127032,-0.06925478872260281,-0.5116901032605548,MG
-0.038786736234565085,0.04350514824901654,0.029998594375642985,MG
-0.03819665600001785,0.25925491665231337,-0.19419257348927327,MG
-0.042783204031523414,0.09933253159627226,-0.48308930434948527,MG
-0.0746253573461837,-0.12870787965481742,-0.43179917406446133,MG
-0.02740826234823152,0.14095787634269497,-0.018954856321624212,MG
-0.03942385138970271,0.6212207630224845,-0.24749765513172242,MG
-0.060711056238422816,0.028479471321868705,-0.45141131477011076,MG
-0.06501624208767937,-0.09453728268997669,-0.8535635654898874,MG
-0.050863522474769,0.03671223411225842,-0.4008606500385525,MG
-0.04690749266274767,-0.03846628082779605,-0.33344476211252927,MG
-0.08978182405352472,0.02017251818258677,-0.24990912632266282,MG
-0.06602112515540785,0.08291421000555955,-0.5385001581541662,MG
-0.03758626367087278,0.15524059819128397,-0.5296022889153836,MG
-0.03274423657224522,0.22025476740831879,-0.11215815086015223,MG
-0.016700190692991883,0.15994208286666373,-0.24258072778571804,MG
-0.05176480967681766,-0.11014357909842584,-0.41105846541867064,MG
-0.03769800564822952,0.13426641654589094,-0.4454580922434332,MG
-0.011170600808563004,-0.23815977505323652,-0.23044312754351678,MG
-0.04454268054825887,-0.05203485912305412,-0.06510697355241091,MG
-0.0522345671120531,0.3206507294390767,-0.1360827197130985,MG
-0.06909285366601384,0.041732305046896206,-0.17208567662473614,MG
-0.054390823436236066,0.03750439545845427,-0.010719284989458948,MG
-0.05968846421621734,-0.23719654673512103,-0.3719826638571123,MG
-0.027824745054665898,-0.11101789146513438,-0.43514038889721546,MG
-0.09785207902233355,0.4296523337221682,-0.3985569236958599,MG
-0.04195055925467066,-0.13240123616593777,-0.07031118959267894,MG
-0.005079381794459631,-0.05681647504366085,-0.15107266693189192,MG
-0.07090509206637612,0.20048552742162587,-0.19799523207047628,MG
-0.07899419250746091,-0.21419676532440354,-0.2685509409814061,MG
-0.02533674638512607,0.13877475311240708,-0.35283965818957347,MG
-0.05102692729557569,-0.24440709925006426,-0.20877865793403497,MG
-0.033804363834525626,0.4950835697624509,-0.2445719894199499,MG
-0.0331685989067816,0.058541646212959944,-0.32146934446655856,MG
-0.04614743506049611,0.07273340149055538,-0.44406411238347154,MG
-0.03411646215692347,-0.024377295335605544,-0.32460103676506474,MG
-0.0507611104173097,-0.10206218786943519,-0.29983631955131784,MG
-0.1059456501265286,0.26329061932762177,0.0984688508615588,MG
-0.04383480658290649,-0.010810916104215617,-0.20742664709376166,MG
-0.05694823645612147,0.3318318570647108,0.031517776948837097,MG
-0.028869815198321276,0.12036368224987509,-0.1868634298992374,MG
-0.051688794943046054,0.1604201889900612,-0.02151587813516429,MG
-0.027534344259876345,0.11886822295767038,-0.23347735569787978,MG
-0.04258319672025341,0.02957673694130304,-0.3266294034763814,MG
-0.07220131267669326,-0.05636851190469262,-0.3082986960256461,MG
-0.067307406712273,0.03223349457498423,-0.14824634278875545,MG
-0.054245833643890594,-0.028658171488542716,0.13475401953821806,MG
-0.047573992472562825,-0.2660040986272419,-0.6081709837608077,MG
-0.04158235154999768,0.36259562434846,-0.3339280856549463,MG
-0.07218104954594025,0.13246850501338628,-0.073212997190767,MG
-0.09144968832955898,0.456502942026833,0.16269721196972894,MG
-0.06083736410902677,-0.20529668796371417,-0.9114547739061896,MG
-0.06198578639702023,0.04049043056760286,0.14319407278291488,MG
-0.04856703955529248,0.09467803999007461,-0.11504434237333255,MG
0.0011171152314197808,0.05047225035241676,-0.6941023876897526,MG
-0.05269085781080849,0.4889668299534916,0.056154406671375785,MG
-0.025018833266917128,0.29376111852816317,-0.27902902153715986,MG
-0.038977070889145635,0.05216306328458592,-0.49992223022457105,MG
-0.03190550143752454,1.0868057760811207,-0.1959667941854298,MG
-0.042873436104541335,0.10748591497013972,-0.3458823771040765,MG
-0.09044010070773723,-0.39768296766610944,-0.3898879475144442,MG
-0.04677190537770639,-0.11625980611586197,-0.02763100613456666,MG
-0.046126317994971654,0.011541760440171548,-0.7892423057401727,MG
-0.03606316918033811,0.1963163090810655,-0.04135405738437564,MG
-0.035347258791792374,0.4525176523790556,0.006167971295646797,MG
-0.04337830700367846,0.11283253049652732,-0.21598796844455684,MG
-0.03944864981262618,0.0063205628025894585,-0.5181544764313849,MG
-0.032285256133690286,0.09918765655074542,-0.24185411778328125,MG
-0.025853032390427973,0.2833247670828252,-0.4092539939457549,MG
-0.05955219958890026,0.3534087461521113,-0.028264709078337606,MG
-0.1458458353539296,-0.07376401039887752,-0.45860236284340783,MG
-0.046299808505128416,0.19022673630106784,-0.06564345300194366,MG
-0.025675387472730335,-0.12702201243900574,-0.07233200084194427,MG
-0.01893901232212885,0.056003968553324186,-0.05560533611928582,MG
-0.049471668426214796,0.059339439786308734,-0.31633509332030524,MG
-0.049613168450309914,0.10607454639148337,0.4534457230122741,MG
-0.042686269725319054,0.09771547260557416,-0.18111332399969113,MG
-0.04820006324839938,0.03537346297258083,-0.15635054284443287,MG
-0.0437771096520834,-0.15324442393454257,-0.5847128045515273,MG
-0.03977006392729336,-0.15556410762440526,-0.1303259595037596,MG
-0.04592189764232257,-0.0027434859457508326,-0.21567986977412007,MG
-0.04258796015188567,-0.07787041211946054,-0.31899300571986894,MG
-0.020462084917048068,-0.1674434927677755,-0.5612483876569618,MG
-0.031726514377807595,0.08994823666293958,-0.2894756576794827,MG
-0.025380357824109336,0.018314670172398195,-0.31165401456920483,MG
-0.0416826683382104,-0.027598731626176144,-0.0434174110709371,MG
-0.030713987476131313,0.13384819921674948,-0.4897530635335231,MG
-0.045471111777423225,0.07768857845450526,-0.07527361715121489,MG
-0.036149647940408806,-0.010810916104215617,-0.17568944286762767,MG
-0.12827103513182228,0.20215989901361894,-0.21985064200104085,MG
-0.04944866450649449,0.019355442952956072,-0.12811427346724966,MG
-0.06842016337210215,0.1042037775300025,-0.2990483393919036,MG
-0.12307386526241171,-0.10046026083998633,-1.0460681425316922,MG
-0.036328062264169916,0.685802307290809,-0.08558987331150508,MG
-0.03823190610105932,0.04011400573320228,-0.6846247058421163,MG
-0.02756943947811715,0.2458370918136017,-0.619391653970618,MG
-0.06986087209487082,-0.05078772337322338,-0.689669117409882,MG
-0.05557686696935195,0.1218353528613314,-0.04565895784957412,MG
-0.046166928804268786,0.7840900114353374,-0.036781113754119694,MG
-0.024428968127196554,0.10704134526262439,-0.5269412776899254,MG
-0.08793253605400408,0.021639175103481248,-0.14524477900773225,MG
-0.048755956735550686,0.17324973044421194,-0.5190059804054128,MG
-0.052186259200336975,0.08133253114656247,-0.3850299563694402,MG
-0.12065232526177615,-0.20444371278991902,-0.14438503498460722,MG
-0.06092446262071804,-0.08238388145758162,-0.09815379220017606,MG
-0.06240086141396619,-0.09480075544282403,-0.34578425267159707,MG
-0.052127587184398916,0.19455072532036655,0.27827919083999714,MG
-0.04674759399071629,0.0,0.089018376499239,MG
-0.04036906833624187,-0.012422519998557209,-0.0841004533790473,MG
-0.032810350922066814,0.20017917419396103,-0.19898593717048624,MG
-0.04828739707971359,0.24419696051204215,-0.09235990588502592,MG
-0.01859349036660872,0.08033721511197779,-0.2631078749090957,MG
-0.061748771663162276,0.015238390104932446,0.05592863625309782,MG
-0.03422469086060217,0.05175106505244543,-0.24324641151212248,MG
-0.027514546753340807,-0.09824867217010891,-0.6536895552620423,MG
-0.04415403600171109,0.125163142954006,-0.0637737577637202,MG
-0.016962625754672184,0.737234279073497,-0.16586469452681057,MG
-0.016292443733465698,0.2507131053523838,-0.854284396619272,MG
-0.0778890916371196,0.3606388337358315,-0.4626020235577577,MG
-0.04666824486570181,-0.004000005333346128,-0.13309078488434672,MG
0.008023442676254716,0.16658763411012784,0.3540863565831429,MG
-0.04570719363607725,-0.011632016202499072,-0.24796306904005225,MG
-0.048068612996344066,-0.13071210685524073,-0.13764116974475707,MG
-0.09291882413523467,0.018945086242449203,-0.30057839430702876,MG
-0.015591616961992214,0.08458941005922331,-0.36513582068351436,MG
-0.03493519606050934,0.11778303565638346,-0.34910460201922366,MG
-0.022894884324273064,0.2408816856035674,-0.35267666356911337,MG
-0.10977051514762205,0.19158624379206493,-0.3814967047156412,MG
-0.05549848318525261,0.21811299812549362,-0.04656763581633473,MG
-0.09228157841697068,0.004464293128685528,-0.8007379452989279,MG
-0.03412557349734942,0.044967691899961595,-0.37643482719949495,MG
-0.07755897167138637,-0.08321630602107817,0.08968281028766548,MG
-0.048969710909079915,0.06808912086059463,-0.15189327002417388,MG
-0.07616350232692054,-0.5101285167318348,-0.30597713349551475,MG
-0.037172102524351394,0.049854560225218676,-0.2539244566547672,MG
-0.08415485538352079,0.2709392752263076,0.025485868699889502,MG
-0.14275004278489709,-0.12011383007777636,-0.08506469770828333,MG
-0.056515885253326764,0.06378973787533,-0.4632045872211953,MG
-0.050254211318535295,-0.15175890638378786,-0.04446256361268158,MG
-0.04759284357370646,0.11595988109486838,-1.013032393506361,MG
-0.06871817749997386,-0.48099739747794523,-0.15393490899520937,MG
-0.024575466782304663,0.6807508108470816,0.14878018014265657,MG
-0.05111786775051997,-0.12125561600227594,-0.20988124624368926,MG
-0.03149755975946541,0.048202101817877686,0.06311536595403047,MG
-0.05629791118579718,0.07215006648666447,-0.16210703388560865,MG
-0.0596772876146688,0.024553567158105895,-0.05135519111600784,MG
-0.07324797291811778,0.1361321743245799,-0.05900875660990753,MG
-0.037342032719145976,-0.18200910561190944,0.35607177756856756,MG
-0.03360895419386759,-0.06240556618742963,-0.4859513109595713,MG
-0.03642451749919677,0.550046336919272,-0.28573046860545626,MG
-0.08174810245415984,-0.111669684851091,0.15069236555367818,MG
-0.034131364894174586,-0.08451482487497829,-0.6517515115375909,MG
-0.035048359442828934,0.07525246441026572,-0.4352598187709272,MG
-0.054449392605483926,-0.03655641710632104,-0.342411359484029,MG
-0.13970743098533372,-0.13722377233967492,-0.2138462419107561,MG
-0.09097231360863668,-0.17327172127403667,-5.442495378022271e-05,MG
-0.0698449327638223,0.2765253929508147,-0.24057401123479563,MG
-0.04040759322001056,0.06110587693905885,-0.46135644369369533,MG
-0.029786928758034948,0.059678100212404016,-0.34388709676640594,MG
-0.09905939397165581,-0.19135986405357744,-0.14173148248963166,MG
-0.040232962063770396,0.16387571100320317,-0.2481066858138553,MG
-0.01764478016925804,0.3033913661569607,-0.42994504888699764,MG
-0.10959388297702266,-0.10627398232711324,-0.28635700600870456,MG
-0.08238073023406742,0.11499140871878763,-1.0271193705883275,MG
-0.03977035993509433,-0.04445176257083381,-0.2414551546325366,MG
-0.04329714711554981,-0.043402096565882516,-0.9091963192915452,MG
-0.042223755380887844,0.11577200147045541,-0.32358858242347016,MG
-0.0948107924309362,0.05141891463769998,0.17696194713252292,MG
-0.03853326840660415,0.12269560923446368,0.23958388137781314,MG
-0.07016339067997394,0.056969045005705356,-0.2732649789358349,MG
-0.07238679870433307,0.17871632530899403,-0.6910001892316836,MG
-0.09531283103298024,-0.075777421623263,-0.7514369354525684,MG
-0.06824703884121801,0.3530393107683146,-0.24110023723324076,MG
-0.03732086962003605,-0.011109218792542189,-0.3132695323982443,MG
-0.0221997755266413,0.011307367181514719,-0.06630627421322938,MG
-0.04452155153888591,-0.1339683600774008,-0.018771857583317227,MG
-0.03329320100942124,0.04593929790054844,-0.23982781373633755,MG
-0.043970893803610925,0.09903138060617876,-0.19959768838610867,MG
-0.04642975969159233,0.015465303011557654,-0.4104881083892946,MG
-0.09373031957900496,-0.09643265435470667,-0.37924867768259884,MG
-0.06019941482364551,0.04116577496253396,-0.0507763143693976,MG
-0.050272416088394015,-0.035411091903705574,-0.5275873759015867,MG
-0.052255574988577594,-0.0036036075032985443,-0.7529267016217969,MG
-0.00319645628000694,-0.31732678903677786,-0.33264672097737213,MG
-0.07425022676774952,0.008830079448271995,-0.028517577362444826,MG
-0.002797641303669695,-0.1828879631528484,-0.48677926266948174,MG
-0.049280688653950196,-0.13049648892936863,-0.09784100106253892,MG
-0.0531181424295098,0.3665140215237209,-0.07688607228598575,MG
-0.07022343402506986,-0.004878058453432855,-0.39376057951668286,MG
-0.0909512858696134,0.04332512473837371,-0.5299651709342567,MG
-0.0050726770336203915,0.09617928323404869,-0.5008642340763307,MG
-0.048338870570608296,0.06080900459560579,-0.3178442602757426,MG
-0.04700866945255668,-0.003681953839636501,-0.33427123361020383,MG
-0.024670031450429102,-0.23414662465854072,0.16696185776720776,MG
-0.09152359534369255,-0.17166837591271678,-0.07275944186261625,SP
0.002607500114046899,0.20870740854882752,0.1946386571911049,SP
-0.06252600597175671,0.08974628785627548,-0.08343161728347713,PR
-0.13634353280194053,0.12228712154337514,0.012927189672936275,PR
-0.0880337519663872,-0.06634330098324827,-0.057960544075482213,PR
-0.10831589707504093,-0.5076666505917693,-0.4646515949991479,PR
-0.07257759389746389,0.23810642399092222,-0.461271935898225,PR
-0.03134330429807539,0.03155478085816969,-0.1428772946932388,PR
-0.06497761616253263,0.0,-0.0427693026254171,PR
-0.04052099658776398,0.33982357098113836,-0.36078053654053954,PR
-0.047571541619340865,0.21539850217239456,-0.469805916893303,PR
-0.07234441377890276,0.1904848674331156,-0.5547211177649307,PR
-0.09090096105971712,0.21706450523782758,-0.6064885429495503,PR
-0.048638689715538246,0.182688596621896,-0.6278428391069466,PR
-0.0818779167070094,0.07109592168373026,-0.25094831339603924,PR
-0.11858876028738591,0.23021905253041,-0.5072431803854366,PR
-0.0934012108264465,0.27428474287995963,-0.8656328855017883,PR
-0.05500620694550482,0.3789565016069777,-0.31637507066966364,PR
-0.06525754407801876,0.16208329455296341,-0.17195494443906104,PR
-0.06311084854384846,0.21340465185234314,-0.174491244892324,PR
-0.03882971444699359,0.06695941113194995,-0.3144141345371151,PR
-0.031806483331329065,0.17226242977030448,-0.19077904835467388,PR
-0.035377167030594514,0.11437089488544697,0.03252759505131935,PR
-0.09170724644618167,0.05853650245257287,-0.22186781468681133,PR
-0.05066089295884147,-0.08236222161576975,-0.17576276876501773,PR
-0.1333741843436614,0.11216225709564913,-0.5591380997584964,PR
-0.10042239302136663,0.012329290460708301,-0.4600880726923897,PR
-0.0347154787287932,0.2157678575564447,-0.5810102119383713,PR
-0.04319539957514994,0.2187671767144108,-0.24493503417337906,PR
-0.04788679682789074,-0.5778052969440896,-0.3557078639343219,PR
-0.039345789024624045,0.12129840384411732,-0.4905587491629057,PR
-0.03638499339101825,1.1702682775745448,0.14229991875634335,PR
-0.06806762851555517,0.2208314115558302,0.08500194897568697,PR
-0.030997343088968003,0.18090412211298115,-0.3753428966586189,PR
-0.03214560401906133,0.09692811613322863,-0.6789517116778621,PR
-0.09365667793265561,-0.03989132902730197,-0.017359960862480716,PR
-0.09446250763100336,0.29144652970722357,-0.08786778783836538,PR
-0.057305822076368515,0.054239768936996655,-0.47789342969758386,PR
-0.033859190374229624,0.1551779012837884,-0.018574780399139335,PR
-0.06718765410199697,-0.01939118931465044,0.12642851796333407,PR
-0.08352783732374955,0.12094168867739222,-0.3094351335044961,PR
-0.056813983347692026,0.07280504037330583,-0.6266110364209257,PR
-0.04929682997603518,0.16719547738167667,-0.906868836617216,PR
-0.05474385720130675,0.036710004405654285,-0.3808768834015724,PR
-0.10067780395117829,0.06422972258205903,-1.093278942692747,PR
-0.062085512415927135,0.07114543521331224,-1.2241263052852271,PR
-0.04898330658405744,0.2517232590306725,0.10768842991574419,SC
-0.07744261880844656,0.24407676098067557,-0.31768087355713454,SC
-0.13611543890663605,0.14697613966204412,-0.7928867508844659,SC
-0.05336271247610542,0.01250537347223651,0.2487420136117707,SC
-0.0493113637801122,0.42008637666234644,0.08892778721516732,SC
-0.060980841596145315,0.17088648587908842,-0.5410624241162435,SC
-0.0699715193826676,-0.25976902712245464,-0.04415663088704584,SC
-0.05376015693949629,0.08767293778829313,-0.3752345367070127,SC
-0.07119644920869218,0.13517477836825254,-0.2157654260769589,SC
-0.10792219883617012,0.18123871965512253,-0.7202520239183143,SC
-0.08303696506150858,0.2802286217972,-0.26112908220686676,SC
-0.0634313067959301,0.14505350542162718,0.22097425284511693,SC
-0.014873631913113153,0.05868350182809021,-0.512306008936425,SC
-0.009590436214130846,0.13947773035107694,-0.47388526682239973,SC
-0.03713931656889268,-0.0035398267051240623,-0.7150342158151852,SC
-0.006966266830051258,0.11202644081204677,0.1926714248508754,SC
-0.05909304733317455,0.17494144949633206,-0.8823980120792079,SC
-0.08319770309908986,-0.03149866705937105,-0.5575146600323667,SC
-0.06445810689892882,-0.001624695727001922,-0.39244752583815967,SC
-0.08572916967331082,0.7630741950386938,-0.29035263790644933,SC
-0.04883596414127111,0.338525625433055,-0.8041869389630838,SC
-0.1190625318878962,-0.025389234004819464,-0.8974700103264724,SC
-0.0486450520960089,0.36756873736928575,-0.9686977341534333,SC
-0.04176513658430292,0.8118139988633366,-0.3027696426447987,SC
-0.049779935406427174,0.016479362219376608,-0.18155304750701132,ES
-0.041550736204862306,-0.27923798973801345,-0.5425949253961398,ES
-0.062622544480532,0.21130909366720696,-0.5840064624820193,ES
-0.10911422880392588,-0.5085706195218783,0.19572214367947596,ES
-0.04860435186497863,-0.06705741415705511,0.025649047986409948,ES
-0.0489655337776232,0.05283674516322759,-0.3612686204378509,ES
-0.08727964508054639,-0.05259463035410544,-0.46525300473029557,ES
-0.08962265091870285,-0.03244421358161908,-0.1835968545861044,ES
-0.09850989203501112,-0.13052077698571815,-0.5286517950022265,ES
-0.04016619559663679,0.041162651992464536,-0.06415345437449244,ES
-0.06436943691766786,0.17706493935013418,-0.2769048505494868,ES
-0.0632208328942183,-0.16976562191494646,-0.1501092171506136,ES
-0.04038279303606273,-0.005694131764201243,0.008777789688318566,ES
-0.06211723624287982,0.010029902461251218,-0.23255868077904968,ES
-0.05717446296190931,-0.06691559311275935,-0.625944047824542,ES
-0.04829978730192173,-0.19735597359764206,-0.3276718145290485,ES
-0.06903834733525296,0.03201386824586396,-0.4061141747688838,ES
-0.07809152423097043,-0.11607217125275401,-0.4129499912023806,ES
-0.032682140865138674,0.16487767808699438,-0.6796864097054867,ES
-0.05147376687359405,-0.12310605814529808,-0.34294263542084463,ES
-0.08473633662439573,-0.11253595612156723,-0.3299144636530894,ES
-0.03936135375183643,-0.17090001356010587,-0.20223558837463174,ES
-0.02892914696786317,-0.0958120828639219,-0.2111370344301398,ES
-0.040651785774162626,-0.26183537100603643,0.07846178840674538,ES
-0.029300978211024738,0.04827334655247667,-0.12750280844763096,ES
-0.03742792366308977,-0.2892820727931144,-0.6350958326244686,ES
-0.04666017799446959,-0.02530095012136074,-0.08759931842581983,ES
-0.0440498071538332,0.059949591173342254,-0.4367532092020039,ES
-0.11964086538693741,-0.008846056881036304,-0.5285983288209752,ES
-0.013659571870036514,-0.05224140370993104,-0.7516469692443554,ES
-0.060016730573339644,0.03317202401246723,-0.41055146509800955,ES
-0.06157786333577587,-0.04483334718705775,-0.3595295650708176,ES
-0.052030316310437794,0.1459374735012573,-0.3272997001027531,ES
-0.05600531742861242,-0.04808939900300561,-0.11778585447700435,ES
-0.02570646255592759,0.07722673107753143,0.11717542709058537,ES
-0.04518472396671749,0.05514593580109646,-0.1774407671390899,ES
-0.05732297273290534,-0.022301393741467525,-0.43727082230325304,ES
-0.05322278426145004,-0.09901536766772412,-0.0015473469196720664,ES
-0.03273369549012721,0.0803343166279976,-0.2743895449588129,ES
-0.03399538930086957,0.08250831373547497,-0.6031252477463257,ES
-0.030806643326188574,0.037013530945257514,-0.1623540222698858,ES
-0.047795606989706876,0.4719177580767575,0.03615358992567212,ES
-0.08639390862214516,-0.05047382371971389,-0.1322456030515642,ES
-0.03318743210260443,0.05292240145434253,-0.33050153673183136,ES
-0.03916251872877133,0.056315736592047486,-0.7758957147089712,ES
-0.10178142809356025,-0.09718801529180128,-0.09795221541056101,ES
-0.04286462479821621,-0.04874611227629472,-0.24440746418033943,ES
-0.044351776692854214,0.01921135274693028,-0.19918133170174207,ES
-0.07656946060709319,-0.057860133080812684,-0.19404706644194153,ES
-0.04180591274725053,0.12326930374727302,0.2595164770606453,ES
-0.033945028391904906,-0.11054364087727526,-0.41857512486681053,ES
-0.02389473697855617,-0.1187310067048785,0.02211751004301632,ES
-0.0988503154762393,0.17831213801747947,-0.7496155608411023,ES
-0.03529737134723677,0.10394908281941861,-0.6528115863389791,ES
-0.046261443923457345,0.11239137209498692,-0.48133176357623253,ES
-0.03928096001335995,-0.005104107790154331,-0.24780109258636704,ES
-0.04670317470747452,-0.11210523473970209,-0.43418512510806156,ES
-0.07419383472498665,0.08682472276603609,0.12627501889417664,ES
-0.05826424027378969,-0.11760524207426343,-0.04339064976158488,ES
-0.049604202231874735,0.24444899932735367,-0.19816945136943134,ES
-0.050642773748758856,0.1454954992981452,-0.14944915085479057,ES
-0.03827598148349452,0.3039605054645104,-0.20945243333559144,ES
-0.11337798477656677,-0.03305606856938606,-0.2802177945755289,ES
-0.0599324192855298,0.053373720469321644,-0.6512374473991767,ES
-0.09911169941198843,-0.09173215843245805,-0.6852831981681902,MG
-0.08177932922850843,0.01616368665879388,-0.4698791814825235,ES
-0.0955778909682198,-0.28983492581288195,-0.8128029890708246,SC
0.007391276678778656,0.4022424175974403,0.11157684754080179,SC
-0.059041237212100514,0.3022808718729337,-0.4080582727627973,SC
-0.038144917892412804,-0.0409506036130952,-0.4270165160147492,SC
-0.09532974072158672,0.106595846265819,-0.5891553368189228,SC
-0.045004883881689946,-0.07683243204328824,-0.7512566999804028,SC
-0.020862177789746094,0.10745256663005034,-0.7931084269564656,SC
-0.07365935322415615,0.07648987085825555,-0.702138744053541,SC
-0.0799090635585249,0.1260031262037311,-1.1665170577660902,SC
-0.028401867835724848,0.3845396061351328,-0.8743007716962474,SC
-0.07638453348581623,-0.21996389839683,-0.5601427971702816,SC
-0.11291143129093169,0.375337354271305,-0.35100379098272505,RS
-0.03945759663273808,0.22914556999920813,-0.17354661017483758,RS
-0.03120647848960567,0.24696186428206401,-1.0898685273029685,RS
-0.0552186034427303,0.2813328447731222,0.13891483053088735,RS
-0.06220372950947349,0.04048171792071004,-0.4815378499337464,RS
-0.04763057886003847,0.09172112256450761,0.06342758797360971,RS
-0.03479245548888141,-0.0026666682469152284,-1.0853724048169622,RS
-0.06478070286235178,0.08119015473001322,-0.6292627549179604,RS
-0.05956686055136332,-0.053182265460309144,0.18150052403146463,RS
-0.03974223542820782,0.17095779814363948,-0.6113432328909177,RS
-0.0559097351395333,-0.011696039763191298,-0.756616301783011,RS
-0.039077810060614664,0.19457017887015376,-0.14831347480390275,RS
-0.11970797626728373,-0.06548984513511494,-0.5078993752132221,RS
-0.06684351474630924,0.3052295235905933,-0.14592669185983953,RS
-0.08000990825517379,0.3107384939061294,0.13924552878687937,RS
-0.042524316233105465,0.0510916611577113,-0.5579860185995298,RS
-0.04322333214272962,-0.45694053527101114,-0.6395240763943784,RS
-0.05611137831483008,0.23345488957195026,-0.08861338208076013,RS
-0.03320707532212254,0.3298477017055882,-0.17788986073887272,RS
-0.06190229616590932,0.08525687218703713,-0.08707085199527616,RS
-0.0554819884249144,0.23192323896625558,-0.5438589641294164,RS
-0.07579279531456094,0.00529101763441568,-0.32994203622737645,RS
-0.11562361348556607,-0.24729370743914286,-0.19333154245559123,RJ
-0.0493423419536451,-0.06776948636735147,0.08123100581009952,RJ
-0.050244847231751356,-0.06845236351296557,-0.109384925134525,RJ
-0.040222887900590254,-0.015053897013061375,-0.13855600813797786,RJ
-0.07744722413180649,-0.14554457982980812,-0.46523637734012796,RJ
-0.028678338225296376,-0.18917955154848298,-0.43439354596327395,RJ
-0.03393746524842877,-0.01630958082269463,-0.3464469450178525,RJ
-0.054999815978157895,-0.1287389697410573,0.07558518101773701,RJ
-0.04170639712440965,-0.09558151341065652,-0.12215418339878087,RJ
-0.04884496710317118,-0.0685675321633722,0.18028427822280657,RJ
-0.06893570866512337,0.01646648985357998,-0.3082858445317255,RJ
-0.030565527587296026,0.28150163538876466,0.1599902214701666,RJ
-0.05981269435792043,-0.04724167641283347,-0.16059428941470755,RJ
0.0018852671499905603,0.028475522818252788,0.15704277948729375,RJ
-0.06310695219545455,-0.2680819562944059,-0.1012899836067774,RJ
-0.06947957435076957,-0.09365591970829835,0.010745058584474837,RJ
-0.018775893554546244,-0.1359688815322934,-0.3968413746231509,RJ
-0.039979204377312436,0.17267925930171998,-0.18213539097746476,RJ
-0.12114379527600616,-0.339267569058156,-0.17966477867186315,RJ
-0.02561910927506616,-0.0076128698287219404,-0.4508224994530503,RJ
-0.025559039158668122,0.13843149114780648,-0.5268949173165638,RJ
-0.0678357815751029,0.12047069325427545,-0.061044969486177825,RJ
-0.09271872194751228,-0.17412853180597704,0.25390607402838716,RJ
-0.04912377396307862,0.027064608916313338,-0.10364635339084936,RJ
-0.060799373024325754,-0.21471202523454755,-0.24755548002834646,RJ
-0.026568334855633112,0.4376117062091495,-0.17171044637455563,RJ
-0.044454702255136334,-0.018858413354541113,-0.1978855214170313,RJ
-0.028558665295245252,0.008741933994655787,0.10055084968042906,RJ
-0.05314651006390286,0.0891140734201869,0.2608108211646862,RJ
-0.02547215520782886,0.05398007909776624,-0.1627523029797477,RJ
-0.018081387123431818,-0.13720705760551818,-0.15867860310356793,RJ
-0.02622992885503735,-0.11414883313432087,-0.10776755368167117,RJ
-0.0815377232008626,0.03709903844898594,-0.16735644954622145,RJ
-0.025739947549328342,-0.03983080634303268,0.07243637994055227,RJ
-0.06995249275684524,0.15248257556564937,0.13097262364546433,RJ
-0.043119655819469936,0.14017040837604378,-0.19941765048295138,RJ
-0.027409604531835816,-0.05142464235512958,-0.24461407684464975,RJ
-0.07884946478682468,0.1645067347027814,0.22044471290067133,RJ
-0.029750331284241704,-0.04781242976862309,-0.33116428928592245,RJ
-0.04143212998202509,0.048440850250166305,0.08359020092351423,RJ
-0.06222863617054444,-0.17171560821086368,0.1902545799600968,RJ
-0.03713832209424022,0.10701636160677597,0.00012278366410855648,RJ
-0.05231326164372674,-0.012143440055427957,-0.4205951099657083,RJ
-0.057233726085507974,0.03100595925510513,-0.22607658385144716,RJ
-0.059600091970584496,0.10595618780928087,-0.0027604888151837865,RJ
-0.023717818397329126,-0.07542767158831912,-0.18332161924935395,RJ
-0.15646017680419652,0.3777534176962371,0.13264693744300185,RJ
-0.0223727982399558,0.01048199088096401,-0.4718856343691714,RJ
-0.04225150911174542,0.36516568302336766,-0.3053202373675556,RJ
-0.036578290586865785,0.17019154720154633,-0.29694600001270716,RJ
-0.02824818034617709,0.22963771956748666,-0.4005381101455052,RJ
-0.02683688831485527,-0.2561942865702346,-0.49109181550840575,RJ
-0.06796306813038805,0.10720967745802423,-0.19074081001482562,RJ
-0.07128152776867543,0.10442549922691975,-0.19376598416412041,RJ
-0.02831630648562166,0.017984574683680987,-0.3628239730526053,RJ
-0.060804726250246195,-0.07981453931037165,-0.028316621120403725,RJ
-0.04086509919500224,0.009605590871108223,-0.07241782897183613,RJ
-0.006710519395029453,0.05838525032530146,-0.2366576780480686,RJ
-0.05466259967179071,0.0421685369955242,0.038720760458076826,RJ
-0.04189794230840377,-0.08280196092002626,-0.2407347963981619,RJ
-0.057333594435790426,0.12653933505167192,-0.10568516815455019,RJ
-0.03573778210652008,0.41468176321308836,-0.3141311479802556,RS
-0.03237364468772808,0.05348868495098622,-0.7639711089557901,RS
-0.05714779455218504,0.12323264042394806,0.48824143377058243,RS
-0.025365327641731175,0.1376213778760477,0.0056481257021224526,RS
-0.023302712014244727,0.216807732865124,-0.9302750572538141,RS
-0.07504139222616385,-0.1345696346281518,-0.2721068606663097,RS
-0.03416569177693709,0.2176382287188545,-0.8183660037551895,RS
-0.06395072984523532,0.031416196233378914,0.0840063207738583,RS
-0.039526623632243275,0.0842932453895033,-0.30147283695759414,RS
-0.09043209205361634,0.3858740986309947,-0.8080049216010137,RS
-0.0607603905077802,0.10748591497013972,-0.2422566375915471,RS
-0.04100209525776463,0.2172244284750148,-0.8877564755210563,RS
-0.04976279970295653,0.30883827241909273,-0.44047043230515776,RS
-0.050559063995656336,0.21962860920676536,-1.074991700153225,RS
-0.0407343074953382,0.24645060546282765,-0.28696810491582464,RS
-0.04025379878384435,0.3765971241073122,-0.6750562349109063,RS
-0.0398572223033012,0.4026465034637875,-0.7612075846885492,RS
-0.03570336559170807,0.10590532634959142,-0.3313330907051815,RS
-0.03849864008410794,0.38441169891033206,-0.41651131635453054,RS
-0.08747593514402636,0.17372819175085932,-0.6751817291620282,RS
-0.04697288332845585,-0.5784382327839838,-0.8644652543320857,RS
-0.044223548119590596,0.10938466595755166,-0.22005871375863945,RS
-0.05765936932980183,0.4174824201121818,-0.5105634809746619,RS
-0.06473543517823595,0.055808471927881284,-0.493848231155911,RS
-0.08900789975631143,0.08374298941639235,-0.45786939753020606,RS
-0.06250700457126471,0.2320830663530185,-0.29732395836709774,RS
-0.06533576083981854,0.28944729797635005,-0.45512361199991797,RS
-0.15098843215919372,-0.6450473857655339,0.06532314259798915,RS
-0.08307885381022899,-0.10489957995019542,-0.5575935425546551,RS
-0.07889640933412019,0.06280090123903044,-0.17231974898100438,RS
-0.010076255222103501,-0.21041052788079218,-0.09743627221018812,RJ
-0.06291259489986803,0.2402591867911781,-0.3625240045746055,RJ
-0.05278879333541646,0.07268377206310944,-0.31373728841535026,RJ
-0.04529194556070766,-0.10030187070156597,-0.1287835153288048,RJ
-0.022338642964210165,0.2306987681709577,-0.4999596777319299,RJ
-0.0477378889133189,0.05406722127027579,-0.07402783704691078,ES
-0.06743151160798276,-0.028437935320533514,0.1392563911753585,RS
-0.09822067918341104,0.08521636663510597,-0.1333193654413671,RS
-0.11392612659653767,-0.01845872170485215,-0.930718130029033,RS
-0.06425812593495503,0.36314048370337426,-0.16384940496937297,RS
-0.11651912876456026,-0.05332303518941919,-0.1489211583616842,RS
-0.05678856089400929,0.2892631004490997,-0.6273318923474539,RS
-0.11804314618285086,0.09564393961161746,0.27140521246715965,RS
-0.065374153353442,0.11197367154954357,-0.37719866995834783,RS
-0.13668621054320754,-0.06175956689343141,-0.8592634689754025,RS
-0.03416793328147347,0.11492996667397702,0.08245337007514861,RS
-0.1314114925234306,-0.16407789199012024,0.21144689251868365,RS
-0.11678794540422066,0.05872528601278243,-0.21358925445370763,RS
-0.14490307712122813,0.2916772835190692,-0.7752354989971008,RS
-0.03719520238330581,0.0,-0.39534200782111323,RS
-0.03887266293409262,-0.03493805136128046,-0.49968569673489094,RS
-0.07756460664113136,0.13689399620394557,-0.26127221271890017,RS
-0.024164597497388224,0.4002431641270127,-0.20410444466714045,RS
-0.05286186265409387,0.13983062605250976,-0.9702741049705569,RS
-0.042141553606750246,0.229250989015938,-0.5276865968413287,RS
-0.03723290396127159,0.19388237919503062,-0.570712611753168,RS
-0.07419157485023412,0.17340619313600233,-0.5242121897629084,RS
-0.05812592551499277,0.2382893171222045,-0.7456078659614528,RS
-0.03664429487702865,0.37191655990734956,0.10428204078512077,RS
-0.04038144230265946,0.4259997105498721,-0.7866243569381758,RS
-0.058849043276969465,0.3539314579929815,0.04465568251380986,RS
-0.054584307263918753,0.173471941516972,-0.8857997247525957,RS
-0.03464375096790531,0.07186031251859681,-1.0203027913553073,RS
-0.03700140266809749,0.12451294787258252,-0.532596257545141,RS
-0.08242833677333684,0.12493061185192353,-0.35460299907937987,RS
-0.04523606240185242,0.21825356602001797,-1.1811809503076902,MT
-0.02884784677392103,0.1279766020755325,-0.7823294377153389,SP
-0.03457583976212535,0.15309970758128336,0.07268002815010345,SP
-0.03905438918218284,0.0658395507233611,-0.40703944990975965,SP
-0.06089802038510444,0.06675885771224839,-0.1792724042649378,SP
-0.04444031056866415,0.017643140187387992,-0.5131255675721493,SP
0.005320688864358861,-0.05957283253460876,-0.3210408670079328,SP
-0.051741689919394956,0.052193581847797724,-0.4004495000157094,SP
-0.1579021910426136,0.09212493904218393,-0.08895057677988533,SP
-0.03423365192355301,0.0619916760279678,-0.21527890695317192,SP
-0.02949681790228936,-0.023882515496442307,0.3992378259438716,SP
-0.02390490836127834,0.0397442581464795,-0.047505770450003086,SP
-0.03943209607866645,0.04360363748213193,-0.032182088832331895,SP
-0.05542954620507897,-0.1466034741918754,0.10679603707828114,SP
-0.05826473267153915,-0.13804238296917867,0.31740922251791237,SP
-0.045878295457557026,0.07748898443219808,-0.26107072199332315,SP
-0.049602725495330485,0.18165732561709189,-0.3720593480413337,SP
-0.052572795162935476,-0.07610316089140577,-0.4753740603456758,SP
-0.055405198240906096,0.003913899321136315,-0.0025861710025742767,SP
-0.014662113342738335,0.10574122412626599,-0.04045579864856166,SP
-0.036191388780123165,0.06874884008703372,-0.4563301085085331,SP
-0.04408917253968842,0.12032081530885337,0.3331537053805796,SP
-0.042008347544524975,-0.0472528848505455,-0.4366065715750558,SP
-0.057488804584597396,0.09976916717896071,-0.6390331998570473,SP
-0.015825335226170172,0.10648348040245013,0.06656154029145393,SP
-0.03906256305403803,-0.08942594957631538,-0.3303754517054885,SP
-0.03413228622974219,-0.043192554446255686,-0.2550855680086519,SP
-0.03059007043871607,0.17785393953423853,0.2008265808185575,SP
-0.06519994530343887,0.010985097649329574,-0.31870566647771903,SP
-0.03632468662780321,-0.005561187234355529,-0.031436920143477674,SP
-0.0407823580293987,-0.002817959233458159,0.4754895987337134,SP
-0.06029131525019472,-0.015544354437800344,-0.25075202622375636,SP
-0.03147349979330581,0.15584991558021816,-0.12709840161056465,SP
-0.045718226102547464,-0.4144337780909248,0.3516474940881558,SP
0.007529283051232411,-0.23054020052490495,-0.2053462597156977,SP
-0.07702999447635347,-0.18125319029698467,-0.3954474578166974,SP
-0.09168340910974507,0.13098546961996954,-0.214359218769291,SP
-0.0315128804236117,-0.08071223357957799,-0.37702971689269055,SP
-0.05416917019874292,0.050312095932591845,-0.21224668208241435,SP
0.008225987384390992,-0.24539416024902944,-0.12580230899791148,SP
-0.04122328220421773,-0.0899664202994854,0.2616931562863655,SP
-0.03717331740667464,0.043219566727614414,-0.18637301325735076,SP
-0.1033064914062912,-0.12263949428010569,-0.2304185723589709,SP
-0.0344129702464318,-0.005194816877104023,-0.11824912748490994,SP
-0.09854955291894996,-0.054600867688831496,-0.16790995964309957,SP
-0.06587542764217794,-0.1267517056391439,-0.38331401180971536,SP
-0.09959300075011832,-0.3710792818931684,0.09156903946591917,SP
-0.10621497675277491,0.14686977395821768,0.026107637238109587,SP
-0.015483565030011541,-0.16908027574322046,0.2824795632120757,SP
-0.051075506336721185,0.004325889947122661,-0.11627579439315944,SP
-0.01698996248289474,-0.01534072377845833,-0.21233855121316583,SP
-0.07938640947473555,-0.039543020879370276,0.10035391102706386,SP
-0.0033711571694816757,0.04300020682374725,-0.13462831064568453,SP
-0.034985991634930456,0.07979958036045857,-0.46750914564573526,SP
-0.06913701058420026,-0.08335354732083779,0.0030556994694683104,SP
-0.008568035560175906,-0.03641811556220978,-0.16146717359368037,SP
-0.022511844172865374,0.14802014140451916,-0.12694398277838453,SP
-0.05827862118607613,0.12362408916810283,0.393423380118285,SP
-0.0662865443085048,-0.07435407753728875,-0.00628592077364337,SP
-0.11187505689164193,-0.23439174131147897,0.2610552952568886,SP
-0.015933650143144847,-0.18261571770209134,-0.15689873733929158,SP
-0.009125827217529312,-0.6912614549398621,0.12875662310086244,SP
-0.09376217927386343,-0.25969869921440125,-0.2546260659867935,SP
-0.04900195839940339,0.15337257059334214,0.3655232433938866,SP
-0.08392074860317034,-0.005220209272822391,-0.10302889734877908,SP
-0.10288058230227849,0.1737882307845306,-0.30478733055403623,SP
-0.06497910281215034,-0.09005551937085789,-0.537937512151817,SP
-0.05340544299394999,0.0221559437549128,-0.16519604565439006,SP
-0.044887754621161395,0.05267685465259085,-0.40908643008664847,SP
-0.09396185457752207,0.198035382779166,-0.11507599796201826,SP
-0.016630788265318296,-0.05751326285541763,-0.8830116739780214,SP
-0.04148036955930141,0.2130698512476723,-0.14953559901524022,SP
-0.04945479592630451,0.28429193627597876,0.37750936606821184,SP
-0.048762288555171486,-0.03410805658090668,0.005931034975279518,SP
-0.07474481146477702,0.004684485296871525,-0.010543673774367622,SP
-0.07526338517036116,-0.02506100456359286,-0.07956405111551147,SP
-0.014536587300711515,-0.06335451583268485,0.11697128997496686,SP
-0.03179369889578966,-0.04113444570230025,-0.13966826133348947,SP
-0.06612891745396389,0.06036994207483156,-0.1853121526936238,SP
-0.05136157406593729,0.008344971932180688,-0.3427752786328627,SP
-0.08740305883668176,-0.12907138922008998,-0.35615579237362444,SP
-0.045036790955402334,0.007366515816762646,-0.02674186784324921,SP
-0.05123203333789095,0.012902474734429141,0.08132059964735402,SP
-0.028883632936936684,0.09179477141500507,0.12398238684317477,SP
-0.06876276404679386,0.03829091299331481,-0.16240985023884572,SP
-0.014935077525623525,-0.08757357245369528,0.14440410584861793,SP
-0.08814992216104668,-0.1213846464203573,-0.002515659529946357,SP
-0.014436613065748111,0.052623177698042096,-0.9986920506392208,SP
-0.03180183656763458,0.03849590036484479,0.06404746403287287,SP
-0.02972015147607501,0.15110653744603006,-0.306677402095952,SP
-0.03960264587806133,0.1343883641398195,-0.5517761220252919,SP
-0.06559609217287876,0.0456296960883582,0.34885963709936785,SP
-0.02911600196082713,0.07528206399820293,-0.16406441845020206,SP
-0.031506416998944575,-0.07069780149810606,0.35183227482684465,SP
-0.07864260574329757,-0.010179040441997713,0.46893554910393864,SP
-0.015840132618126248,0.17240183802188408,0.0838124742975228,SP
-0.039618720911978246,-0.20214626475078865,0.46554198203024477,SP
-0.02757080561791203,0.018598533231375173,-0.9147318827861547,SP
-0.022175099131899266,0.035086080053032626,-0.14099897270116044,SP
-0.040227182176483994,0.11641035184441137,-0.5760154241783378,SP
-0.0033103519235639783,-0.09560917816206145,-0.49113746284795284,SP
-0.028283665932612813,-0.10019625624133946,0.03652439837521137,SP
-0.038843801114357354,-0.3211748212328952,0.16613247056213096,SP
-0.04922567125539132,0.7407250863904712,-0.7152056293459393,SP
-0.024776156663659635,-0.10940667399800239,-0.37342338251843255,SP
-0.09277947336418342,0.031183641704800574,-0.000855848370371116,SP
-0.05386098432737301,0.06448325877951223,-0.5525188502887038,SP
-0.1100252440638595,-0.22824097476690863,0.27628064117941664,SP
-0.06442610546616327,-0.19637781980196423,0.08409900618930125,SP
-0.013039743755398805,0.031996777181305294,-0.18833700582121857,SP
-0.06079427258708032,-0.005073577600701227,0.18954345224681043,SP
-0.09491621174984002,0.0036003639251777665,-0.24462098260559664,SP
-0.10415173164583605,0.06184820954015006,0.21345403191722342,SP
-0.07613739022022628,0.09480779345866662,-0.034609928921793195,SP
-0.08185687295324384,0.16206769988945688,-0.4794995235827131,SP
-0.04613787016432932,0.05900328693522523,0.15176394563800366,SP
-0.03105511472665137,-0.09303834722092803,-0.3755397454900755,SP
-0.04269514035531757,-0.021954561517734877,-0.06451434950025467,SP
-0.0627921442422093,0.002381898704533674,0.13758972841386247,SP
-0.03739493315951829,-0.0006499837732899972,-0.15245331851969096,SP
-0.036772316559841485,0.045347819978459256,-0.5902498987781829,SP
-0.09165836018953297,-0.11571183402291331,-0.27757539649371327,SP
-0.1046160158280586,-0.5121214199450055,0.40841292705997323,SP
-0.021441886092681828,0.18310209540519704,-0.3891034311435809,SP
-0.0386758104080777,0.010345460367204535,-0.08109923050360984,SP
-0.09026173219629424,-0.24027064519053268,-0.20996247472979737,SP
-0.0600215781661123,0.1611666642477612,-0.09448401107650722,SP
-0.045858378453395444,-0.16995376384425503,-0.30468983777786846,SP
-0.08152100408774002,-0.12328403184673103,0.20308097804317538,SP
-0.023887540101591796,0.3170583087769138,0.25089362504152196,SP
-0.03758389192387244,0.10385829618789011,-0.6055321234207778,SP
-0.04048401802280572,0.05074991455168477,-0.30658668907862147,SP
-0.008446865548429352,0.12256035553966875,-0.006570829137199482,SP
-0.02880990544630717,0.07783098464466846,0.34564480376227247,SP
-0.04020300780884553,-0.04151175165456355,-0.5319029588834728,SP
-0.05592236444281573,0.05750695519790865,0.22258032537268055,SP
-0.05336959816098647,0.007661684954735282,0.36843320071651664,SP
-0.07283512986009671,0.003944306792956158,0.2856088683031233,SP
-0.04732118539144757,-0.11034805716886534,-0.3727990932967866,SP
-0.1031976568066843,-0.02018660844900124,-0.2476201723190286,SP
-0.04851169094298428,-0.010751212450270805,0.39952193965178434,SP
-0.012193694245224767,0.24169695920995754,0.21314652762814626,SP
-0.11251139191777569,-0.13402781966647584,0.29785864942842694,SP
-0.0468415574984369,0.0,-0.49548958923983805,SP
-0.07171750466700157,-0.07213325044658475,-0.13663874108420798,SP
-0.0282437520073644,0.09404689185642444,0.10755449666709853,SP
-0.04952054171382347,0.26845552158162844,0.32398586465634704,SP
-0.11508589986067101,0.05164658886216676,-0.03343572763907992,SP
-0.07493694992255719,-0.05073551804139854,-0.6626014985702229,SP
-0.05495648541708359,-0.16380874265370626,-0.07351430577598336,SP
-0.03908242703552185,-0.4086961286896108,-0.7570893894005211,SP
-0.03185163012231371,-0.09148891870254729,-0.13193687033445495,SP
-0.030765344995369728,0.08976121590309012,-0.12869042385277724,SP
-0.10835131262156457,-0.16136619161796661,0.2930227516438401,SP
-0.04428194192468063,-0.04587672194915109,0.03914881968274979,SP
-0.019580975100092338,0.04533868058906177,0.21800805251582392,SP
-0.011161093467571203,0.1725974328635522,-0.17011208575572867,SP
-0.07958253877466193,0.4046240651654006,-0.11098514826086316,SP
-0.07117535714029342,0.022516859284333432,-0.5604658417788118,SP
-0.03922294398189975,-0.2896701446771671,-0.4777015832191659,SP
-0.0093674345134232,0.05406722127027579,-0.45117511105319513,SP
-0.01184000339766031,0.11901229211111317,0.24519663739549546,SP
-0.07506136717562883,0.10956220251152624,-0.39785482692090485,SP
-0.02118869655582473,-0.14083262605352456,0.23154046018604066,SP
-0.040262817642236395,0.01100485968679848,-0.1990720345011136,SP
-0.05864532393917993,0.10401032092725794,0.19657900529840033,SP
-0.04379074972566803,0.005278735188293943,-0.23703961148174463,SP
-0.10075764139223693,0.06917417871254104,0.15635470901635495,SP
-0.02303534699297018,-0.07730101263410061,-0.3245068655983223,SP
-0.022121730516332837,-0.09266791832401709,-0.7839829089619358,SP
-0.05892221599207608,-0.05366819916689944,-0.22572253335003567,SP
-0.06361676806237195,0.18475612890333604,-0.35932990630572026,SP
-0.003307992470718458,0.04498750556987928,-0.4136937288400515,SP
-0.0856520779020803,-0.1176743459111539,0.24587300561476325,SP
-0.04433303807797695,0.13047047808284415,-0.3102953056824093,SP
-0.05497558444835249,-0.012679730107734205,0.13551101714883926,SP
-0.07977619168758858,0.06998003839831186,-0.07420218086396475,SP
-0.1045476769251421,-0.0393608455786524,0.16330672088755702,SP
-0.018599659128016453,0.20416831055814583,-0.12361059583018444,SP
-0.09479355578050071,-0.1781635466452909,0.08811415801461953,SP
-0.026560378519444188,0.057987257650349316,-0.14309976378187558,SP
-0.04363611053164522,-0.10344296952855452,0.299194454272003,SP
-0.011688618744423479,-0.03936995381060652,-0.4764072549674612,SP
-0.1105622591144243,0.10287701657075606,-0.0007727959799821649,SP
-0.03526489509675341,0.07940099018221503,-0.12671541607946946,SP
-0.004000032272091491,0.22196952908639953,-0.1489282536343656,SP
-0.09120115253796869,0.0568516968897458,-0.024847218129828236,SP
-0.08147907552018678,0.026579637804712102,0.004370455364622111,SP
-0.0076533848348954445,-0.6146021517645281,0.1089142615928008,SP
-0.05348981477727899,-0.017372858218870035,-0.23637796948949322,SP
-0.02286229286831395,-0.04783459792376336,-0.1728046281693893,SP
-0.10621593820329456,0.10894339061059147,0.3725424969791734,SP
-0.10400837444228224,-0.20844197168843395,0.11060275981427328,SP
-0.04860689372554332,0.15876696038507265,-0.2592795111062757,SP
-0.005911118296243587,-0.2988429025893095,-0.1862471390487608,SP
-0.07657001198453421,0.06659062293993633,-0.4061366019754971,SP
-0.05212344457368152,0.17831811993414542,0.23920908450024364,SP
-0.044611220306499486,-0.0821992263005617,-0.12545776883424514,SP
-0.04804009683109551,0.07365068172598724,-0.07492962944740506,SP
-0.02758633709521174,0.01542447032563173,-0.6746684243030863,SP
-0.06182814833908942,0.1781305782407938,-0.18198678442683858,SP
-0.04390385058680843,-0.07594663045153302,-0.3630194367914989,SP
-0.032217449386511846,0.023029535647674428,0.31136242895368177,SP
-0.028072476891564477,-0.011567834732260376,-0.5216150824067758,SP
-0.043016974169789675,0.02124022731225996,-0.46015471057860385,SP
-0.03556836453386531,0.03825900309676414,-0.4719618571795061,SP
-0.029799218368419724,-0.09634390860885564,-0.2520009354782881,SP
-0.04913111956083076,0.07497981587706481,0.21645884103895008,SP
-0.03324063802918069,-0.03497539319950467,-0.6631474068690035,SP
-0.04079903717455248,0.05551754784792217,-0.13858822644217333,SP
-0.031521182506737515,-0.013034537796365325,-0.01606986260773689,SP
-0.0524827324056586,0.09227527610917084,-0.22801712058256157,SP
-0.0758924345034432,-0.05180995676019068,-0.14260687187500953,SP
-0.03975425629015485,-0.04099219280166337,-0.21917729987770584,SP
-0.028661253758813506,0.16897814162027025,-0.4031937083916367,SP
-0.08405691904654534,-0.069839799407552,-0.3545272228317362,SP
-0.0496901949548111,-0.08001777281585079,0.2390122596222818,SP
-0.053910200564295734,0.06817030008250513,0.20310173696380124,SP
-0.024858972415756117,0.16126814759612232,-0.35199114732996917,SP
-0.06611381166304978,-0.06705191082661227,-0.056448792837776506,SP
-0.07796985880855334,0.20748833507904588,0.33177387061455776,SP
-0.014168527215677004,-0.06815852475862844,0.021842631576285448,SP
-0.02976017712052244,-0.030254408357802375,-0.5459723010978907,SP
-0.07027866824623219,-0.04019604223181614,-0.055548892110002676,SP
-0.05223800635350352,0.06657790756482135,-0.1479908900025249,SP
-0.001473154306010732,-0.0077329032088492315,-0.41949092608442057,SP
-0.03815052736708581,-0.08125556409874568,-0.36732641974860847,SP
-0.007578261872868881,0.06207658449516914,-0.20666231328100762,SP
-0.0239737628749247,0.0493786230898608,-0.43682547451097314,SP
-0.09013983011007622,-0.09880610080364115,-0.5720724324363393,SP
-0.041559484166125725,-0.012217889521860469,0.05118789338358778,SP
-0.0520517163551023,0.297697396751466,-0.24257635754997242,SP
-0.04454500907514452,-0.055897129367791794,-0.3395216406744029,SP
-0.027444599024476414,0.37335463313738787,-0.007100999679902971,SP
-0.06021730008332465,0.15708753950056809,-0.23384885112989232,SP
-0.02763093134393265,0.11573595203465857,0.10933624627596258,SP
-0.0384162807153042,-0.05478083510574291,-0.3883974285981938,SP
-0.03428058529238225,0.509454821632212,-0.03561923134188806,SP
-0.0584536551364478,-0.06766350582875542,-0.610758303654116,SP
-0.05466485367648739,0.037338632687152574,0.1878086752864972,SP
-0.018785223621637686,-0.013017189896052245,-0.44355609375801774,SP
-0.0479253751505964,0.11786511387697368,-0.2763974852756842,SP
-0.04820797593591994,-0.011188927917805852,-0.13410656806888527,SP
-0.04841904281174021,0.0802314250697965,0.11623675062310981,SP
-0.01759180603868479,-0.19297885126794267,-0.6369726189887189,SP
-0.062305129904625306,0.05986824934258641,0.0906113562499593,SP
-0.06586029363720594,-0.04351787342907901,-0.5994941358048674,SP
-0.04340375734875736,0.028802746490039225,-0.10859320003312105,SP
-0.0814656203536451,-0.0651046980985944,0.08112235395417752,SP
-0.08118538313244542,0.022449922439221726,-0.44869148972888057,SP
-0.021049455299167658,-0.0866612877132896,-0.22103418134356637,SP
-0.03367409255369079,0.006180195568192258,-0.2855728194520981,SP
-0.04357183797194348,-0.12991823682092996,0.30439557525294103,SP
-0.035643852303745865,0.21436953982031315,0.1196771524573838,SP
-0.03044776931000767,0.3404294808281972,-0.11380354212946552,SP
-0.011109060197316027,-0.00743497848751809,0.11472476946965332,SP
-0.046633647434078454,-0.17560914285605045,-0.3837702772136265,SP
-0.03501854602754055,0.10585667046830223,-0.37469012832425336,SP
-0.05876933413130382,-0.11676314775563797,0.21443661604060818,SP
-0.11031932967850182,-0.33851680899568914,0.2541242164555097,SP
-0.07131410107726496,0.05139470912319856,-0.2888065628557123,SP
-0.05447070722023938,-0.02519024882855852,-0.8539068445553633,SP
-0.07428743021021289,-0.012713593887042475,-0.21901474553099337,SP
-0.05938766489065461,0.02483182418891113,-0.5214190825388071,SP
-0.07079826215743014,-0.15849268858896098,0.13781660184818315,SP
-0.04149480556101902,-0.12892078006683938,0.023391727389186472,SP
-0.037616536541016085,0.06037133775700956,0.28876812652330697,SP
-0.03834550651350684,-0.03458557964978003,0.23145201523429992,SP
-0.016484938004328306,0.08247609231605034,-0.409878958572833,SP
-0.039082730968614275,-0.06809761627944014,-0.2959808752664761,SP
-0.03942136675527593,-0.10873706777803573,-0.02890368852868785,SP
-0.05991246230955108,0.030809996076168713,-0.14788144894267083,SP
-0.06506399468128188,-0.19287049972868078,-0.565530451225631,SP
-0.026319772429965225,0.1321939109608909,-0.3385304196899189,SP
-0.10784520765359408,-0.19620486082614594,-0.23399304484234373,SP
-0.0300582818848167,-0.4097847692526807,0.20944742161023477,SP
-0.06210619853838213,-0.1942389778956033,0.07806942730415363,SP
-0.027570128171634165,0.06077203834209425,-0.18359750167484748,SP
-0.066919153106515,-0.035638515447358736,-0.4676554338236635,SP
-0.01940418440968522,-0.08891505165553137,-0.5037881092765406,SP
-0.07605218821378991,0.007997909868364432,-0.5634319191474594,SP
-0.09769130350674744,-0.012607070107398326,-0.5452410236124713,SP
-0.07945953474306394,0.35704320024928327,0.21272257471179032,SP
-0.03633398888963502,-0.022356220512315703,-0.3140219056588758,SP
-0.046773691534135416,-0.0026961780995244156,0.14621853022894668,SP
-0.05355845907564672,-0.021647530753362756,-0.14610340965028135,SP
-0.06698636650146236,-0.026810887372579497,-0.30440845050507825,SP
-0.03399131551680657,0.2364959649446588,-0.0688081263291293,SP
-0.013284021445921739,-0.6506802660253409,0.23702665609338064,SP
-0.045048963786086166,0.13654677757824454,-0.09823287281874807,SP
-0.02709984739963656,-0.06468088002456514,-0.5776314460049149,SP
-0.074596135034363,-0.07625014558692199,-0.7058138496302094,SP
-0.04113335919755923,-0.11937746388825964,-0.25831998351428576,SP
-0.02277023571881316,-0.13821408756444573,0.033358650824452045,SP
-0.047196809967377164,-0.3081391194413016,-0.42838250913171927,SP
-0.09869010426291355,0.08068546471299923,0.4656764930454419,SP
0.0006959628960014026,0.0018347506828801704,0.06500314682925723,SP
-0.042925945956005185,-0.07696104113612832,0.2123264176885432,SP
-0.01617344595097663,0.2419136539962002,-1.0515100493214813,SP
-0.04331602665330262,-0.0317486983145803,-0.38274749165572736,SP
-0.10548973991508778,-0.029884452765982793,0.013572038419717943,SP
-0.0761143019624366,-0.048049697641708314,0.3424010434550981,SP
-0.040944516065112985,-0.04760168150563386,-0.08100337670203415,SP
-0.08494478738853996,0.04368869500233116,0.4596133747307776,SP
-0.008684937519021182,0.2029049766341929,-0.34290885285585326,SP
-0.0336938746534909,0.1303098347057748,-0.06159949309235108,SP
-0.04834329609037608,-0.20698584117367563,0.1670053148809138,SP
-0.11766382560259353,-0.017315344378026405,-0.22683078594660944,SP
-0.02667442825227238,-0.03402003219797057,-0.6287567781253638,SP
-0.04149639085642306,0.14562018994352663,0.0732402840499432,SP
-0.04538189212686316,-0.086759582955818,-0.1919372366892943,SP
-0.022013829272743833,0.09147210957596816,0.18123737551836658,SP
-0.10439598978450182,-0.08125745836521152,-0.20321276865703808,SP
-0.06365008380859398,-0.01547534160500101,0.17776978748397432,SP
-0.024885426802654504,-0.086860228728427,-0.23366572519189846,SP
-0.05043556759995467,0.07542376181724188,0.02145879562410792,SP
-0.05722897663794959,0.0012860084076880198,-0.15656236492611392,SP
-0.034711948456057386,0.006729452320318768,-0.036932564925296014,SP
-0.04938488038557033,0.03179458566115256,0.21275298966871553,SP
-0.028219931564044322,-0.029938087644305857,-0.21213499471589384,SP
-0.03258428630567816,0.29916138682897386,-0.07314717213524476,SP
-0.04665534710701642,0.01485175813602576,-0.514602931895892,SP
-0.030865118152087735,0.04101671752739356,-0.05985567859010183,SP
-0.032722773333115775,0.10107086606776056,-0.13412925282845564,SP
-0.1275231445421751,-0.08198716447251747,0.24614676026093446,SP
-0.017708911771451476,-0.15457843916287412,0.18134138053694956,SP
-0.02681920065748097,0.01655971603901834,-0.5869481198460094,SP
-0.019602425306244807,0.09253681446303086,-0.4640656098949552,SP
-0.02632435323991429,0.2533493933712756,-0.1906254526159224,SP
-0.07063284392491333,-0.2257356653373345,0.06100777356607183,SP
-0.006535489303134145,0.03093485736152641,-0.3934414458193249,SP
-0.021510703455601198,0.011444712096155996,-0.3759621869107876,SP
-0.017733680267254092,0.08326114999031127,-0.3472974899847817,SP
-0.010827131603452523,-0.14433157208780367,0.3402641268062065,SP
-0.03698694517154069,0.06102706913661851,0.2518105432317669,SP
-0.031033486005144592,0.10908573087846893,0.17286152220019652,SP
-0.09567392813114847,-0.15674642897807606,-0.03199240138524756,SP
-0.06466834116423946,0.1622539937431453,-0.3113586959586349,SP
-0.049411891071993536,-0.21233263520999412,0.42350250128411626,SP
-0.06750430282217448,-0.09083241509491646,-0.27124765311278026,SP
-0.060820011631267726,0.04789128770441485,-0.12681002458558605,SP
-0.002051586657871563,-0.1479899210526774,-0.38555326312683313,SP
-0.02923468941834106,0.22255340671165874,-0.4065212972661724,SP
-0.10481373329573494,0.05428468348707281,-0.8719520741112042,SP
-0.05497924289005524,-0.018827312556430418,-0.09516317879668253,SP
-0.05200235463510953,-0.17595210850847484,-0.16570460784241017,SP
-0.08908663394672788,-0.05474453954026701,-0.0389178745871082,SP
-0.07896334786945756,-0.04524581253182719,-0.39551658311094723,SP
-0.09328564709475723,-0.08584821046107183,-0.028622329236479047,SP
-0.05718608746001312,0.10130308989169608,-0.21305008484044324,SP
-0.056203623786147586,-0.10499144386917482,-0.33189845079735497,SP
-0.04250537232639254,-0.07548163368589501,-0.5154265427474487,SP
-0.08240266151481093,0.06909919225681405,-0.18752604434200412,SP
-0.06143497577389784,-0.08471539496401846,-0.037901166737313106,SP
-0.04500537103486942,-0.0474852230031748,0.20770348009764478,SP
-0.04160336795865818,0.1497849416331581,-0.016969813658350423,SP
-0.015322255585852516,0.2032394554556354,-0.29766550633462824,SP
-0.04407096441754629,-0.3029004563956317,0.3293258596046798,SP
-0.024160203718471353,0.08770403233683112,-0.47612306157939055,SP
-0.01861474172591643,0.04566586498473822,-0.16323245258668284,SP
-0.02465811994035435,0.043306301031797105,-0.29641148735131595,SP
-0.009015320151271461,0.05235981895205088,-0.29410201824293575,SP
-0.014832126436274882,-0.33339681656948356,-0.1236193840288205,SP
-0.04059562114952069,-0.13473259397015672,0.15578018911309283,SP
-0.038010784116990604,-0.27018459742151013,0.09312912042402194,SP
-0.11555749509361542,-0.06788412479349341,-0.2482695345698415,SP
-0.04177648721652179,-0.09997692257435362,-0.11585164059046973,SP
-0.0058724367866281315,-0.05462865615994045,-0.56746318655736,SP
-0.045108304270630326,0.3249927548855912,0.30663729453174676,SP
-0.06666196259731273,0.12195544172723631,-0.40787631894090476,SP
-0.07181642932170214,0.17470520561008046,-0.6340330776339612,SP
-0.08449533290723121,-0.016229473166979404,-0.15698835528917177,SP
-0.03275312221214905,-0.08673238248401184,-0.3142731325062166,SP
0.0029886825042367616,-0.022657440489412428,0.21135811155241815,SP
-0.03457223518989712,0.17105209098802063,-0.5392131878457469,SP
-0.027382227349833324,-0.2206887017559655,-0.73414136290652,SP
-0.017139683921131143,0.1902762811553685,-0.5199798973712543,SP
-0.022818461996216784,-0.22250798051494686,-1.0626705427375547,SP
-0.014441689345324693,-0.019677552147681614,-0.3294814954959942,SP
-0.05586520003455326,-0.06589402939996825,-0.5055358003735373,SP
-0.011465670000683622,-0.309077269413258,-0.29187795440064923,SP
-0.009575148857535735,-0.10119601198158613,0.2930013035738355,SP
0.0038135728498599735,-0.027722211738202284,-0.4618025104680327,SP
-0.09748552128239853,-0.023095714794649395,-0.021329136315101437,SP
-0.054206775376923824,-0.3008362819539702,0.34991138352173184,SP
-0.005118441112019146,-0.06727622949171111,-0.20168306552219112,SP
-0.04188077913865807,0.5598817807551848,0.10072057351363373,SP
-0.07100908183500272,0.21287534928700988,-0.6492156007560126,SP
-0.02165101774340238,0.028849910296284434,-0.291490944622069,SP
-0.08264071714087926,0.034786116085415604,-0.31693029170990644,SP
-0.06711734487343987,0.2835166394727177,-0.07879826283162411,SP
-0.00770498974096182,-0.24874316851552591,-0.0944959232147346,SP
-0.035627301356732186,0.0478258641555017,-0.4084258730588057,SP
-0.05090475055067896,0.12733942237660148,-0.14774198153097964,SP
-0.06373519366500656,-0.14607654429899536,0.17045673057922242,SP
-0.0752387984177737,-0.12341876362931206,-0.2943758954743651,SP
-0.018601481731640834,0.010010162730764131,-0.3700240377894062,SP
-0.06698893305930763,0.08794902356559321,0.10026518864950787,SP
-0.03478193279789295,0.5968805205296637,-0.4103740325663148,SP
-0.05232478417002366,-0.1412687231725455,-0.10542355543278611,SP
-0.09250386130564013,-0.10176515306609225,-0.24812002046599832,SP
-0.05791039074546029,-0.053220264339033374,-0.2991834223205414,SP
-0.07060581382132665,-0.0807494714318418,-0.29167614258148644,SP
-0.05187809071591326,-0.15621433640533083,-0.29607150295032647,SP
-0.017591656865984944,0.1432454463449958,0.181655656475547,SP
-0.06837612963243918,0.017588393100887435,0.2783199613153267,SP
-0.08356165037300191,0.19127875039797151,0.20836519669975692,SP
-0.040557822447137785,0.2371297932889497,-0.4479694784863973,SP
-0.032212664637407795,-0.08557850670578815,0.2681289707002359,SP
-0.08471629885787352,-0.05199529511838033,-0.1471576443362877,SP
-0.05783425583808218,0.1667438628520851,0.4648514158107366,SP
-0.04576427105266681,0.03216477397070106,0.18176672368398716,SP
-0.032545745052074596,-0.007490671729157626,-0.2384788024437316,SP
-0.07490816287035938,-0.2006706954621511,0.19308485872249795,SP
-0.06384889773003197,-0.01823028017521904,0.1994196829961117,SP
-0.0514008597660803,0.06449635462199498,-0.220670803787213,SP
-0.054248500727338216,0.05368520651986081,-0.1613749787239228,SP
-0.08501229780435494,0.08011955095170849,-0.054367938368661065,SP
-0.0164044977666611,-0.012595171932687646,0.5189259291303495,SP
-0.008811916429551392,0.3848746057530869,-0.27801893251845494,SP
-0.08266071636215888,0.0037119801029119872,-0.3776067742736573,SP
-0.048343518206123155,0.16045775467661294,0.38126809339142337,SP
-0.042338918694446774,-0.3494724867226736,-0.06498318464777628,SP
-0.026060020094343883,0.07635286109609571,-0.11294494584470142,SP
-0.10700566280888062,-0.19057854863605073,-0.048778962260626633,SP
-0.011655184859030648,-0.11355863251338094,-0.8485589469796067,SP
-0.014783998331674535,0.12511076087914003,-0.5207548015563412,SP
-0.04395324148508972,0.03774032798284711,0.40137756991363943,SP
-0.03390806037797826,0.10074308918776051,-0.0044091944002042915,SP
-0.15570853674432178,0.11853778685075508,-0.44950185819231664,SP
-0.08644797598117526,-0.11283052452072541,-0.29413011846622916,SP
-0.05249790455905661,-0.3246130114790694,-0.5767942244826398,SP
-0.040408450285535906,-0.03265596297405257,-0.38805716594869616,SP
-0.03686375044242916,-0.36159433073855063,-0.15451485703721396,SP
-0.031232892695840727,-0.24873909850317352,0.21903903365177482,SP
-0.021483467971403165,-0.15432136795027404,-0.0975612491822195,SP
-0.04613187787239249,-0.00286944242795282,-0.7279049557898901,SP
-0.022099043730646955,-0.1209740285095255,-0.29081798715434737,SP
-0.026117909305241604,-0.20129390241925946,-0.45102981517615925,SP
-0.020649149592776615,0.06723415426119278,0.043944671610735085,SP
-0.007902796146333352,-0.0384491446777107,0.18796436715260084,SP
-0.04833044640593393,0.06950457675588859,0.21352364992305367,SP
-0.04770842255516877,-0.018627296885440042,-0.019564110732340354,SP
-0.062413381329145125,-0.04570483190760117,-0.5209848505317277,SP
-0.027079267472619153,0.0895853809848026,-0.656212939870036,SP
-0.0661438669019688,0.0030816665374081144,-0.2846477522521328,SP
-0.038762488702679065,-0.04533868058906178,0.02982683058217378,SP
-0.004600979344660533,-0.06557244834748328,0.04194609120879331,SP
-0.020974322429472662,0.2365081169270727,-0.37152414352668345,SP
-0.05662746179344341,-0.14543971940724856,-0.04342053239783801,SP
-0.04410483127201385,-0.09123374486080722,-0.3723402545924439,SP
-0.04410620123074997,-0.024274376992945705,0.1550170587193109,SP
-0.05094714921387005,-0.047525141862845295,-0.6215780525764535,SP
-0.03574164020282193,-0.052428727346168456,-0.36017347076822853,SP
-0.044288421520623955,0.1433785828453471,-0.8616182981936825,SP
-0.018996311280035205,-0.014750948883714862,-0.6637650788138084,SP
-0.03275583253790296,0.0480684030410224,0.15154895458810852,SP
-0.041582973403819,0.06515714163363738,-0.07757033246476026,SP
-0.03567026018581552,-0.06522278571147107,-0.16798858094123367,SP
-0.03154384718741439,0.00017764955474451147,0.10965184616525032,SP
-0.05315212130537378,-0.1580431042370154,0.09601441499471866,SP
-0.0180852785804716,-0.1295962327250398,-0.7313962767553625,SP
-0.04652840859336122,-0.03101710763505492,-0.0950536317804146,SP
-0.014259145305268,-0.06797396569151273,0.1021053778598055,SP
-0.03805943032415759,0.11205085310776326,-0.006759967398689052,SP
-0.02634500815354415,0.16016556489674602,-0.2550874881322876,SP
-0.04160584299031819,0.06514513322775314,0.007725801633264162,SP
-0.03630916150914374,-0.054686090527521186,0.04281062357896181,SP
-0.02464361138951965,-0.16967402095451725,-1.0329627156806367,SP
-0.07459508946610119,-0.06705741415705511,-0.46835339359683287,SP
-0.02737599306956736,-0.147397319701287,-0.0036842553847135544,SP
-0.05929546977429722,-0.053318624853532406,-1.063527174980836,SP
-0.07567390258679231,0.2402593939001738,-0.2850344445585014,SP
-0.02577202948377346,-0.026236807062852106,0.4054154894067601,SP
-0.039111162920823554,-0.013013351731668022,-0.29930954192089865,SP
-0.06792563090294071,-0.1383723196164587,0.1718218174654256,SP
-0.028205634263489866,0.09599824715621252,-0.4217652821396485,SP
-0.014498243732374736,-0.00844599615341087,0.3291100674824475,SP
-0.044637517076651444,0.10564256332575167,-0.1879486355917316,SP
-0.06493436660530469,0.12042022148340661,-0.1414816689609336,SP
-0.06716295050833379,-0.04542784186632684,0.3452511042300659,SP
-0.03002578983493983,0.14752265224884492,-0.030315706491166952,SP
-0.07052140209326513,0.06596679988054224,-0.36541257346731615,SP
-0.052448719199125866,0.19081579483171204,-0.27813691636388466,SP
-0.0423435873200001,-0.16161125962556494,0.2317196971904667,SP
-0.058636922844482124,-0.09778692862660221,-0.6384901464388045,SP
-0.06399580211519808,0.028019433191248687,-0.34169043209679134,SP
-0.04473546314116406,-0.0696677491909872,-0.035868933392640044,SP
-0.015425132375163396,0.13491931789937064,0.17986657970491246,SP
-0.04278351295710739,-0.1026884094338985,-0.08868716915123027,SP
-0.05237126587209381,0.0034602110648956526,-0.19893600613197204,SP
-0.0015128522855982296,-0.05371153924625216,-0.06998542739970302,SP
-0.04384573503824324,-0.012239373928688183,-0.04157814904780902,SP
-0.05544317996938266,0.03059436074770567,-0.3549327151061599,SP
-0.054599838759889205,0.22435201067577817,-0.42547541329890315,SP
-0.07892035946299064,-0.09594409818681228,-0.37952814633526505,SP
-0.0662242383295837,-0.0947905643080921,-0.3744842703869651,SP
-0.06500018242371634,0.44324021204691894,-0.43212723513160367,SP
-0.04568935372948662,-0.3452282989705584,0.058163439780625825,SP
-0.038414114059023355,0.05021975697902635,-0.30654771682110593,SP
-0.07721868311327373,-0.03600558350249984,-0.15302765886943676,SP
-0.04894215499296444,0.11421013093480877,-0.12450667881029805,SP
-0.03417862243101869,0.08273320221891982,-0.12328130006444475,SP
-0.044105516281906856,0.01849019126389335,0.16275997422985153,SP
-0.062464019954516795,-0.03660974561256093,-0.06850311361857993,SP
-0.012917077416434664,0.02207163238994376,-0.2754793529237229,SP
-0.010521040529503915,-0.026888003153807204,-0.26439924748479043,SP
-0.06043548224980581,-0.2025827419337766,-0.19368531544426965,SP
-0.016437790252595282,0.23687217469732894,-0.20838053620892805,SP
-0.028040542706320913,0.42178331341150943,0.11804706402423235,SP
-0.06410343769235313,-0.09981632886392888,-0.8168389012170909,SP
-0.04726361446505347,0.11142573516091707,-0.3779572612130737,SP
-0.07814838494859568,-0.06321098941373376,-0.034323565454939614,SP
-0.03876369596953581,-0.058410762156414484,-0.0020867864934788947,SP
-0.09725241161716446,0.010381999073041494,0.40765398163231276,SP
-0.15609831054306295,-0.1904311654200179,0.16520314136104547,SP
-0.03858437586571642,0.10419013093585106,-0.2846322996521946,SP
-0.025051894855538655,0.022106163355091395,-0.2233696491744372,SP
-0.06229253059523161,-0.1257161139852025,-0.40294411285364024,SP
-0.0917535865488707,-0.05503753626195586,-0.5513027682163613,SP
-0.025156087660314973,-0.01122706259378344,-0.20586312131325413,SP
-0.1120712998150815,-0.001417396774036027,0.19337141555997917,SP
-0.05396821938903499,-0.06432555127200205,-0.5052970272252997,SP
-0.07548502631721674,0.0013954572386194396,-0.00022603246013696483,SP
-0.05305058506449437,0.050241096704938884,-0.05158457804773457,SP
-0.02522276549693481,0.033508289561417194,0.16877939402122547,SP
-0.025868629201743317,-0.11365931847252136,-0.35504862219414846,SP
-0.05854416635055298,-0.056695343676545294,-0.10603022479806617,SP
-0.03328635278751883,0.03303052567648175,-0.7581690102994607,SP
-0.036220077509866534,0.0026666682469152977,-0.032978097458209565,SP
-0.053356479264982784,-0.18878617649001456,0.34561565945012124,SP
-0.03221340764401245,0.02863181267432708,-0.6541509020719712,SP
-0.09576096806939302,0.225053771570329,-0.3025977342294408,SP
-0.009288430379229138,-0.009740969288860177,-0.24130833582219674,SP
-0.023636708602819242,-0.29784695282839935,-0.22816212330668936,SP
-0.09713526294051007,0.03761391372315026,-0.18310282219961038,SP
-0.10916851728307338,0.06497031339052496,-0.26964067343826714,RS
-0.05124663259622021,-0.033011249550101436,-0.48980806342295097,RS
-0.04304329329441076,0.2528650565959481,-0.5265721893848548,RS
-0.03286330026199565,-0.22230871058115292,0.021334089988623763,RS
-0.061631277953512885,0.1827340129763331,-0.5214154367170606,RS
-0.052511576176946725,0.4201712554978598,0.033388928314462045,RS
-0.03178476628489708,0.37051807803093006,-0.6609118779877037,RS
-0.07148125249931088,0.20930781946155977,-0.22343360918438182,RS
-0.08537655768696109,0.09976453015370505,-0.7826301663883154,RS
-0.04711079272105617,0.1516587772170793,-0.6476382005595666,RS
-0.03636575827260111,0.3039425933235612,-0.41754545345790245,RS
-0.12082788449378153,0.6199692968316663,-0.9363678880946277,RS
-0.14323142942301376,0.1884599689256919,-0.2076687899573724,RS
-0.04731717740187202,0.16467709281424572,-0.24981709266955304,RS
-0.06685953831047936,1.0576858609588922,-0.6881860197369987,RS
-0.04843027018718116,0.10648348040245013,-0.1583030296437276,RS
-0.10044292252576668,0.13907778069084603,-0.7359404532882259,RS
-0.04334456381874366,0.12883287184296838,-1.0159205728229963,RS
-0.06904411792083587,0.11476857036499073,-0.19090689341391792,RS
-0.07415819111323117,0.1083533079882314,-0.66442670204053,RS
-0.1312879514019368,-0.11336501657551344,0.14844814576157925,RS
-0.03394452782836341,0.13111301176024096,-0.1355160918899171,RS
-0.02040958454529105,0.1614342130447423,-0.24203743201149897,RS
-0.14257256984077707,-0.19856130790887389,-1.0235355904111294,RS
-0.04729479819857416,0.09881092392078476,-0.08924876324648094,RS
-0.1140648962091848,0.06972200021046761,-1.0381543196309957,RS
-0.04754329340002874,0.0760697187367608,-0.8707040478586581,RS
-0.134947562940993,-0.17562136422413502,-0.20982108610558528,RS
-0.0693468419576969,0.33581671381832257,-0.1540759218561549,RS
-0.04567163097982268,0.21049243376065088,-0.6573065456239295,RS
-0.05695736138603434,-0.11778303565638351,-0.28589825583401424,RS
-0.06424548198103167,0.19838824083360174,-0.42009028285894146,RS
-0.05640441774617654,0.22764468419500142,-0.31242761322009754,RS
-0.04629254550467494,0.13739986940244298,-0.47302525175833293,RS
-0.08615607127505305,-0.10970902383024546,-0.3087148476278323,RS
-0.06785702547888872,0.1386069855576491,-0.07054273108725888,RS
-0.05072546041110883,0.2989373906837434,-0.330746345629173,RS
-0.09623406948205113,0.03837001127296839,-0.9223631663584327,RS
-0.15468277284609705,0.04657419121797079,-0.6105846129013692,RS
-0.024436075729384624,0.34875562805802274,-1.0909941223879227,RS
-0.055731682491537794,0.21428086405636443,-1.1024844590015759,RS
-0.054344059907752144,0.07942713363132183,-0.34890059328743633,RS
-0.10622542871732894,0.1406896193246931,-0.37167748470175344,RS
-0.01918211483701736,0.22371975415354564,-0.8302475171413772,RS
-0.030938819806077815,0.19563290143219395,-0.4548902906129947,RS
-0.04207877214121419,0.22803619494207825,-0.27402595211553177,RS
-0.042314398082774374,0.2797182791606427,-0.5540444683907092,PR
-0.0873140399108945,0.2391369762899473,-0.3563510189586157,PR
-0.03864771706216406,0.24484191377528855,0.044287331074958754,PR
-0.09153919940555348,0.01829107525301761,-0.2009302594874779,PR
-0.034373694125597765,-0.1075311072208063,-0.4238680446786493,PR
-0.06449402831499204,0.027923633171817994,0.0988852177671041,PR
-0.0708001788251598,-0.03374099293090581,-0.43842246813067326,PR
-0.04179682819139436,0.08820303552190879,0.12807887030175838,PR
-0.13477265237607547,0.08603148137805106,-1.0973665045224303,PR
-0.06986817068004136,0.027272078686389725,0.06664823921151034,PR
-0.011758746853895203,0.07563950398461554,-0.45871501210788473,PR
-0.056695853391027076,0.034540325252176075,0.09624181607953047,PR
-0.09058986359943533,-0.04287422595750888,-0.46006066842430493,PR
-0.07889257656061652,-0.05416763317746606,-0.4647361803430301,PR
-0.031684184828300974,0.07467828726827258,-0.45258216091553266,PR
-0.1266446039093962,-0.17776727718388877,-0.565135363815436,PR
-0.034538733132150695,0.1047563642563749,-0.010809269947292498,PR
-0.07737183996371456,0.001030278838773588,0.23508415042688502,PR
-0.10698923224553399,-0.22892165749702928,-0.20191356534570354,PR
-0.08628143324924599,-0.13024260164805274,-0.08567752945504137,PR
-0.06980108466084736,0.1314160228665391,-0.9404898761497116,PR
-0.051808308966674196,0.13719247357536954,-0.2084590909411983,PR
-0.024263759823391365,-0.03823782275164531,-0.5708752879614555,PR
-0.059748435985852756,0.1305253297547951,0.06911348245997613,PR
-0.05187854314206294,0.0811069474848039,-0.37630689517765364,PR
-0.039850404168756966,0.30116898850612467,-0.17681533805787725,PR
-0.055140475132621776,0.1576662959637892,-0.017318758320906475,PR
-0.0983516689071087,0.16961069209791232,-0.5760849190071593,PR
-0.029380162330538556,0.0900157551883605,-0.4117931848914758,PR
-0.1264081438566689,0.23276173012876702,0.05952576318605541,PR
-0.05911179696159872,0.017481164954817406,-0.5713248347259273,PR
-0.03221291760332423,0.1619891281608792,-0.024263608561954326,PR
-0.1021043755267828,-0.0457684184555807,0.12623768872371172,PR
-0.01928281337209319,0.028429565417699584,0.4607851943329252,PR
-0.08524367182768329,0.005578815027038934,-0.02235637969365314,PR
-0.034311420313827196,0.1989399495733233,0.06537532783139978,PR
-0.03772790607688932,0.2529663326182687,-0.6335851972349156,PR
-0.02347503504464693,0.10180528900997986,-0.030730796394641227,PR
-0.09136252057638383,-0.07778309573161309,-0.23748121238579734,PR
-0.07282636095780448,0.029078407559494868,-0.42282615387051986,PR
-0.043407251459277804,0.10454747743720133,-0.22427621448464546,PR
-0.07406579216064407,0.19825960327541914,-0.3030180815899268,PR
-0.11409169673935321,0.06771817405495086,-0.7938070989230792,PR
-0.1014018956810845,0.12469145934241829,-0.2975991726001905,PR
-0.11039825756289422,-0.04291526194351967,-0.5056637643339226,PR
-0.03174838953584111,0.08080375906589242,-0.6791224263492569,PR
-0.05161340368684643,0.19734991841469693,-0.3532562646867522,PR
-0.06594936153953129,0.09645124397035233,-0.35183621389999203,PR
-0.03214030594612078,-0.22594818818106038,-0.35394474007522575,PR
-0.06769228310483655,-0.10247468797121466,-0.2845895194523063,PR
-0.08424804381125599,0.14713213185430452,-0.1583231242782944,PR
-0.08051496585002893,0.04942152794626808,-0.044262292981833345,PR
-0.05956916203550412,0.1059170208198612,-0.6394677240564559,PR
-0.05234853429415954,0.051704028237793624,-0.4891276853174048,PR
-0.07983925912516171,-0.015470979811405172,-0.09526430649842356,PR
-0.004936517891610271,-0.10690102433024462,-0.08686235699783844,PR
-0.04876907490798227,0.11160381929042537,-0.3940486429915503,PR
-0.054340748175567576,0.24949127371939106,-0.4098080152361734,PR
-0.05081807728487518,0.16743991194594102,-0.5854462003420331,PR
-0.04765359665041723,0.10672477234964024,-0.6202958171408008,PR
0.002439678971604551,0.10910811182031707,-0.6004634549250442,PR
-0.06332503917104511,0.10543133467984529,-0.45237927495727126,PR
-0.0195993342084239,0.2107064326689468,0.04362343258954303,PR
-0.046013507827312596,-0.03562717764315116,0.004223192690733338,PR
-0.07928769259396298,-0.10039952780751268,-0.5603388913257347,PR
-0.025147575830555102,-0.18629865250520083,-0.23988284376406316,PR
-0.06695926077970021,0.07472889735218766,-0.254747486516034,PR
-0.0519502434403705,0.2439276727764711,-0.06328114822336517,PR
-0.023889728486492096,0.15026368267878182,-0.45922567220972976,PR
-0.06102390686882275,0.06871389254805173,-0.1679505169073674,PR
-0.05385382613366631,0.14970913104944572,-0.19138685248955287,PR
-0.07505218402407109,-0.3638309072428593,-0.09926754303658518,PR
-0.03245760115048427,0.07776987879543093,-0.05893604386877476,PR
-0.03238000621676646,0.053810448897572034,0.24264197553253328,PR
-0.08706786296503713,-0.3364722366212129,0.15633955584487644,PR
-0.07082387402431518,0.05705318944883758,-0.09711053217756989,PR
-0.0646790199720729,-0.04684697329678866,0.1146019941914096,PR
-0.05181430286142203,0.20486893107072823,-0.7586225952947904,PR
-0.023553607136067255,0.13055966466439578,-0.4530794340904379,PR
-0.04911517630193386,0.11077390898756126,-0.43010655117450614,PR
-0.06494574021196908,-0.06341345070200176,-0.30307952515281544,PR
-0.03535473825395591,0.07224264797921545,-0.08177062997206196,PR
-0.04627094637079337,0.021322769468821244,-0.7641836162123835,PR
-0.030085533786227952,0.18924199963852834,-0.27462223788465046,PR
-0.07463600632163644,0.12472406501061827,-0.3990978069226502,PR
-0.11121167085745189,-0.1664110667436789,0.3079828578841393,PR
-0.055690547540193196,-0.06366899023420161,0.1086639372900472,PR
-0.04509543243802403,0.10742823415105625,-0.5553434643336859,PR
-0.05118438980606701,0.05609747827379998,-0.611553112624838,PR
-0.037650556472729024,0.05406722127027579,0.12255536393080994,PR
-0.03322790307605409,0.22756006944945514,-0.27573253958352534,PR
-0.049222930013114355,0.1217595258984243,-0.8099136209216213,PR
-0.05637241463450787,0.14806372115618968,-0.04191423633459189,PR
-0.042949363778230824,0.13726506217657156,0.20059501815017308,PR
-0.07407081304229214,0.6100407126323976,-0.09753221982307275,PR
-0.12783750280141143,0.09120941248768674,-0.683996973168094,PR
-0.09431118094846892,0.22737546622078975,-0.4019070599470227,PR
-0.08795594254894482,-0.12921173148000623,0.09328490426740547,PR
-0.058128509081453755,0.19570375163465284,-0.7297862203297886,PR
-0.05361393689680838,-0.24205644229494178,-0.1789024642348433,PR
-0.07608023625947835,0.03533094822120058,0.5014075519787919,PR
-0.019510454301822307,0.20080111606879186,-0.5529718316326516,PR
-0.035648846154239376,0.24836496911094613,0.027492593631553028,PR
-0.018214318919574885,0.09078674721250754,-0.5692599799253107,PR
-0.03441455404246948,0.5410240522651418,-1.078457281596586,PR
-0.014378778823719384,0.3123366340157215,-0.45528164421043427,PR
-0.07660558189183159,0.21166351507796985,0.009391019075514347,PR
-0.06277376041437856,0.26750027491899603,-0.14055892833500414,PR
-0.0214898753645221,0.2367482055098993,-1.0714573019626867,PR
-0.0896250523880146,0.33279660647793885,-0.18800734952844608,PR
-0.04381557612922524,0.2631255892092507,-0.22325792263465963,PR
-0.015653689246371696,0.08635861178059424,-0.1819597522636183,PR
-0.08510048440696093,0.052079149044889694,-0.41555324987551523,PR
-0.07152640391959685,-0.07288147503728638,0.04580869406810412,PR
-0.0387367239491979,0.1852670670237115,-0.5787353749320983,PR
-0.09565415208778866,-0.08730373191058366,-0.2977133268346014,PR
-0.03344487879225082,0.20336067690936008,-0.43751202994885724,PR
-0.05833445897111439,0.4369283775639494,-0.4267570482379709,PR
-0.04715502737326481,-0.12639020540926946,-0.2540876694114016,PR
-0.037446679197980684,-0.004608303086194219,-0.32496884796006315,PR
-0.06578480123372592,0.029709129995891377,-0.41450468665582607,PR
-0.06950817881162283,0.06038051098890748,-0.0205402865367573,PR
-0.0180521568957378,0.15158182309345133,-0.3621307881052296,PR
-0.02948519572554472,0.2347190393211405,-0.4395366737665649,PR
-0.033535192695046366,0.1155461257251612,-0.3268262627298179,PR
-0.08633446570439589,0.025909130346113203,-0.465087128199128,PR
-0.02908298760120631,-0.029128272923023713,0.16781528127216258,PR
-0.03496007961776896,-0.027621436466436063,0.15387159533071335,PR
-0.041891578774480506,0.15073873472099913,0.33225980557147416,PR
-0.04645516360082272,0.2993717232346853,-0.5801301349999196,PR
-0.03371561922811994,0.07132652022915752,0.15911729475801942,PR
-0.06245718674692717,0.16431899173776854,-0.3016724155218928,PR
-0.09330685770799345,0.17271269768731792,-0.6690758202013013,PR
-0.07699756644065293,-0.0545017103121344,-0.14861991727390825,PR
-0.028865014479155526,0.31413821255331237,-0.06710297914621685,PR
-0.025559985154103976,0.16583045135261254,-0.2513829421254945,PR
-0.08971517324077606,0.17457134704101981,-0.1951205103049059,PR
-0.07535764250918121,0.10596319761067775,0.020303456576121537,PR
-0.05657626330048061,0.0,-0.16106258173873733,PR
-0.041052619489503984,0.06450006033873572,-0.18652987413624084,PR
-0.015006863873484745,0.13486739816726478,-0.9799138879208042,PR
-0.0830900296154253,0.3077214141531375,-0.14482754290905958,PR
-0.10048101914753531,-0.18969424434540663,-0.5318154456252749,PR
-0.021208031686144352,0.08141272884507691,-0.5572014453378777,PR
-0.032170141575911956,-0.06529124981443729,-0.0919590134277898,PR
-0.04607672670725399,0.1716262676772067,0.09001716500089077,PR
-0.0027979708035072923,-0.3104802373502998,0.00554884071066557,PR
-0.02787422303865335,0.12152577616253861,0.1499298308913356,PR
-0.11081838775957553,0.13493753300151246,0.4376069687494745,PR
-0.047424257846794764,-0.09121600827166168,-0.3028077838198907,PR
-0.07922354851281309,-0.11411330676742099,-0.326756453828856,PR
-0.054998474344725205,0.24135800077754246,-0.006575703141731418,PR
-0.07186060788003412,-0.06936112779750236,-0.20376507535502472,PR
-0.03997409380714552,0.2695546878592242,-0.7101251057664238,PR
-0.034432734707499926,0.12876144582243887,-0.16439495634801127,PR
-0.10849426246059402,0.8092012257732838,-0.3886866738425443,PR
-0.05107835029462081,0.22258317024042498,-0.33992087611598754,PR
-0.09829415560953864,0.40638102038553103,0.16174244898208517,PR
-0.07860409050002669,0.1027257261164746,-0.5884059760760013,PR
-0.052764928286356434,0.08005335735750714,-0.8234041036369615,PR
-0.03574253838582417,0.21283032934521448,-0.27214179560472973,PR
-0.00700961737767246,0.39047513284301305,-1.0714997622843918,PR
-0.041016415062367,0.3117998987533319,-0.0939475608568068,PR
-0.04026311230967415,0.0995613396918842,-0.542076787704422,PR
-0.09897708705989304,-0.0640520214928504,-0.4776296782178725,PR
-0.041141746483039844,0.07580697869201114,-0.17036265349607516,PR
-0.053118674756079,0.18211679324859614,-0.6384487815165499,PR
-0.06721200558826429,0.13815033848081718,-0.4318121082036745,PR
-0.05200081415411324,0.18929770528988116,-0.4637333804797348,PR
-0.061502780953956976,0.04142436230715979,-0.6413642089401148,PR
-0.05571103863122056,0.23073105434437158,-0.9622349638249783,PR
-0.13506530818905166,0.30185414313015707,-0.8472118661374038,PR
-0.09068334592947645,-0.2600481082496606,0.18421894002213146,PR
-0.06626617087013296,0.12369586146717686,-0.6920759315832504,PR
-0.043369914452906895,0.15415067982725836,-0.4501748175159592,PR
-0.05230512018068887,0.2531805356570598,0.01750398399071004,PR
-0.04992103800580913,0.2597136041488664,-0.21455001482040842,PR
-0.03728104946582436,-0.029022593226343447,0.3504908960830568,PR
-0.047998694538256954,0.3004664524144821,-0.461087215827234,PR
-0.05158081121306006,0.10032980927728564,-0.05271723997503291,PR
0.002619447906161975,-0.22499592570124646,0.4031509876521673,PR
-0.15223807501734643,-0.1671305460310973,-0.6931048695315695,PR
-0.041597353593287194,0.1938159362196897,-0.2632652703927504,PR
-0.054066259406137636,0.08715455116125373,-0.299297121334497,PR
-0.0493873276061157,-0.4517920921817976,-0.537109315918207,PR
-0.06410269443769563,0.03849272466109564,-0.2450631677644058,PR
-0.07749641447547702,0.15263747186720822,-0.4988759823641572,PR
-0.07495384317641661,0.20609554093532495,-0.2122435409753686,PR
-0.10390541908335522,-0.20590367510029894,-0.11053233253594302,PR
-0.04938594563265471,0.0631314028287837,-0.5892798661618811,PR
-0.05925696042353171,0.06595796779179737,-0.09653274196013843,PR
-0.05785506812953803,0.20737981552731732,-0.6169429340102182,PR
-0.0281395912729079,0.033475929196389545,0.13426063612296324,PR
-0.0671563591007589,0.1724495258365453,-0.8757833523123445,PR
-0.07787319784938417,0.2657228660905678,-0.18841948302629938,PR
-0.09419073391551085,0.06119155908197445,-0.9422797592781152,PR
-0.05363434593580081,0.09950273452637372,-0.21676042623095096,PR
-0.04810877205116502,0.07949957377768262,-0.22789122005381654,PR
-0.04203789947118958,0.07686401734096639,0.08072774071336175,PR
-0.08687950574299064,0.2207462250761567,-0.5478353120183735,PR
-0.0899803119831327,0.2320704493301311,-0.05362805250192019,PR
-0.11421408423740985,0.01933864655410359,-0.3253130020082399,PR
-0.08933639908480785,0.07021536552673258,-0.591186738681571,PR
-0.029013122704211636,0.009051991298644393,0.0829966225463839,PR
-0.027874971576129722,0.13377534464850127,-0.35943835880320624,PR
-0.03651404888257021,0.34989183234859583,0.14685289271968868,PR
-0.10520735952108334,0.3186101889143635,-0.9432339000514093,PR
-0.14267656183968372,0.03960913809504588,-0.5840945097115894,PR
-0.13226972217542407,0.07143090601438178,-0.7588447949162317,PR
-0.06419357719400418,-0.003984069014874459,-0.09496785841922512,PR
-0.0466145267360883,0.009049835519917856,-0.16966984061465554,PR
-0.07047240864937715,0.0873363371848658,-0.133188415128661,PR
-0.06532391872427452,-0.06398770867528374,-0.26082029532409456,PR
-0.06762281080974455,0.2212726433783981,-0.14218663161426734,PR
-0.07931991582560978,0.0908483404644806,-0.6686871587544989,PR
-0.08711001579904126,0.25875781870726766,-0.768691783791309,PR
-0.02625395195938204,0.24677515584748688,0.0011529566922632631,PR
-0.052715911102331175,0.21171881219631303,-0.8193875957458344,PR
-0.10039652594319079,0.1523407245820188,-1.039317652419053,PR
-0.06629217254772957,0.08120764699313966,-0.03795677855238092,PR
-0.04345249445289543,-0.12590278795814036,0.2461965271088028,PR
-0.06753046611980995,0.24921579162398483,-0.11591512317197886,PR
-0.09760991575872252,-0.3274258997516906,0.44694274381674043,PR
-0.03133805358858165,0.1738579083782927,-0.7473804919396774,PR
0.00483364966601438,0.2768277288859721,-0.44976032539109506,PR
-0.03593276811034897,0.22469755318094398,-0.4310342040185271,PR
-0.03470354134025205,0.33663237754556835,-1.195815956086265,PR
-0.037303924479620304,-0.007952328190495035,-0.14400511736963986,PR
-0.10741329865245597,0.10458200257841266,-0.45171196617648757,PR
-0.08558624195425894,0.025317054745078754,-0.09397813989658428,PR
-0.040512917122183675,-0.014074431506699583,-0.3296663046069399,PR
-0.06175345320338948,0.08873125868629159,-0.7708951835019701,PR
-0.01377328885219157,-0.678908042928605,0.1932838947743807,PR
-0.09485518681027534,0.10288597361278261,-0.5463133328366988,PR
-0.056463005600980797,-0.19729509858411715,-0.08957558036202108,PR
-0.09906217586356347,0.19993303801787968,-0.40040825202561364,PR
-0.10276913641886104,-0.046612086775259,-0.5191051374878042,PR
-0.04945746062006743,0.07130163975231583,-0.34439921728921585,PR
-0.05609470262321736,-0.06724614615200984,-0.16570043956116992,PR
-0.05564280194045617,0.055103759326284425,0.142506540374112,PR
0.0020108373296959664,-0.2876323298696332,0.20103583130269573,PR
-0.04654478348444418,0.1112689523439927,-0.14789797475453828,PR
-0.06523243099237723,0.236637649659085,-0.6337253522907671,PR
-0.10742886519634924,0.08493781053939746,-0.2838159942231904,PR
-0.004139587444017785,-0.393302796025593,-0.16018223609151586,PR
-0.13405406996142605,-0.11147637950896798,-0.16260425296860678,PR
-0.04829685513640972,0.08265764255345963,-0.002317532371281341,PR
-0.033061076132998926,0.16202930676949934,-0.4736715747791968,PR
-0.08255995660247792,0.1269531195655837,-0.2747482348257302,PR
-0.08063819140263147,-0.09020787270187998,-0.373791553211776,PR
-0.029318219745605126,0.5970669732243369,-0.04411583440358444,PR
-0.047649476359151864,0.04498384478652116,0.17973344443287534,PR
-0.07311570420936135,0.039594459549940994,-0.26601944473696265,PR
-0.09929007329255704,0.06757944368980437,-0.4189918844063663,PR
-0.03988293845120012,0.08029389453276078,-0.10655329265916963,PR
-0.04217916002756889,0.3443862932205459,-0.4737710432230292,PR
-0.028797686868608247,0.3146051054572403,-0.8509796574635647,PR
-0.034174668914206334,0.3224037833512687,-0.5145105031678802,PR
-0.12284116519892553,-0.23645407565803722,-0.7607525361717847,PR
-0.1412310377509328,-0.22216634317735312,-0.5952537767502553,PR
-0.05128009690064675,0.12030637789863584,-0.6245467665758526,PR
-0.11263080698249983,0.026393005510824765,-0.4083135307195567,PR
-0.05529603683037606,0.016143848371356205,-0.9073132802617399,PR
-0.03411552612328951,0.08075002847299517,0.1588925388510547,PR
-0.03219662921222961,0.030090765853825946,0.39031506655205295,PR
-0.00017543385233252266,-0.02902359608247775,-0.13724519596653414,PR
-0.02064358793354437,0.40824365949288854,-0.30711655894964485,PR
-0.10024733139000003,0.13037302981967397,0.4523631760585041,PR
-0.14034237580894227,-0.24929138246822516,-0.5576283972085689,PR
-0.0717607602365077,0.18152956716156296,-0.5247238451379451,PR
-0.07332682591041485,0.33661065450502453,-0.6752531463206358,PR
-0.06658571831585815,0.21794873443710575,0.020768489285177116,PR
-0.07071376558817606,0.1234561310807341,-0.3614427125912647,PR
-0.07038933487750179,0.2726313836902215,-0.18128624743695426,PR
-0.03326126946617943,0.13674682947849698,-0.17486306300385218,PR
-0.009921732252946035,0.002399809167083365,-0.45604265421963386,PR
-0.035965885301716016,0.2782337447435705,-0.2194916167863305,PR
-0.04849614439726004,0.1666925386886578,-0.5489820496267774,PR
-0.06677270741665155,0.2098536601841561,-0.22554795506812217,PR
-0.03060358108984625,0.12643472330825462,-0.7633121664191558,PR
-0.07851916435858647,-0.046805200293891104,-0.6715359692127695,PR
-0.030562861121829855,0.19109171114857576,-0.424650757250784,PR
-0.1222776008131481,-0.2060615440970275,0.16013974978224774,PR
-0.01982347964477341,0.057819570888826236,-0.1536841085566501,SC
-0.14629947626666293,-0.09942698061748331,-0.974481944411296,SC
-0.08527354479854835,-0.00941922191649164,0.14564158093513518,SC
-0.03317451413851434,0.11405863656540093,-1.1991570625766732,SC
-0.08827687102010741,0.11015668792131936,-0.6900347498048359,SC
-0.05357860298966236,-0.048790164169432056,-0.3389703299686978,SC
-0.07877592003254892,0.05910403935770418,0.08112315366258711,SC
-0.026368835994560982,0.22624753725180086,-0.29243489482255813,SC
-0.023276703558208565,-0.24475141428267047,0.3168938666595855,SC
-0.10188648599797458,0.4415730592347563,-0.12006374869516076,SC
-0.062698218801211,0.03332985805673919,-0.956786696182365,SC
-0.0901250530810942,0.12721612115896908,0.14405469306985003,SC
-0.0795251537001772,-0.10274115471264317,-0.7275129271626468,SC
-0.13615971204835597,0.09343400664609706,-0.0797752751958951,SC
-0.10889739603082024,-0.18198883345034272,-1.0397641594543665,SC
-0.07423634053082112,0.4256052156572826,-0.6571010732474367,SC
-0.0544523087873891,0.14042928882572706,0.3045850342102569,SC
-0.11328728281454896,0.03648349034834381,-0.11986727768803568,SC
-0.06734946716683345,-0.04542108161590172,-0.010853698140245305,SC
-0.050033199710591864,-0.08794262026661362,-0.2606549633252097,SC
-0.07717005027304663,0.1899839200731286,-0.5822440356784452,SC
-0.11309701736539765,0.0016938561449463974,-0.3265015488405542,SC
-0.08934610968752499,0.03931881630480313,-0.3919841173489481,SC
-0.09483517526431064,0.06904523984600079,-0.6620877994858972,SC
-0.1007768060340055,0.04795280429340772,-0.4635999657588332,SC
-0.14676106512709106,0.19077191645671698,-0.44300742364033163,SC
-0.05661881698331912,0.2777577287869304,-0.15177019432346311,SC
-0.04843260721885197,0.10111889942945759,-1.0853549295462297,SC
-0.11707836203758748,-0.06789033554285133,-0.7415036152741861,SC
-0.050086235900467076,0.0020911395613599647,-0.3810394359502112,SC
0.0002053393494768495,0.034897939851277246,0.49077708711570495,SC
-0.03731572407312165,-0.0228173891930733,-0.7832450852626225,SC
-0.017039849912402753,0.10926677062489144,-0.1970302843147647,SC
-0.0430554759668723,0.08006972765867705,-0.5744936265331426,SC
-0.042531331213906266,0.07700960193195748,-0.406325977160586,SC
-0.10868793098140896,0.07699856529230818,-0.46280125563625146,SC
-0.13792255785477006,0.04152221014156048,0.06755793409066364,SC
-0.07798810006388357,0.03926182748882798,-0.2586676231138199,SC
-0.06835697584931012,0.040391155342881874,-1.1026514200135729,SC
-0.05277812242264442,0.06317211170275028,-0.2810741905236834,SC
-0.06865865270293242,-0.007547205635382966,-0.5025678025983538,SC
-0.042327044992910234,0.11552212580791853,-0.870858943902243,SC
-0.15767990301853232,0.04635086813787257,-0.6124059975467463,SC
-0.06415203911890295,0.007989390033478861,-0.5008375689566466,SC
-0.016122107610372725,0.03890049181000876,0.02392529847257065,SC
-0.03658692351281229,-0.0906498119301508,-0.7097758356086653,SC
-0.06493194475189597,-0.02359218201682007,-0.2618472682041985,SC
-0.056928358409366504,0.3436382324306282,-0.07922171390963448,SC
-0.040601987198810516,0.28891119155171263,-0.23535962747810002,SC
-0.09782855613127234,0.02850151013221463,-0.11255982258896753,SC
-0.12277908117603537,0.15233967367116816,-0.5833356471794096,SC
-0.08619378351165435,0.2086841150038673,-0.5249482114253887,SC
-0.08448726553210267,0.0633963165587941,-0.8401819496390686,SC
-0.09158827068051273,0.12461161098745702,-0.8519046962507556,SC
-0.05008499571377208,0.14935153755638472,-0.8777916061925307,SC
-0.06313299299904376,-0.15558426365447436,-0.27692940742847977,SC
-0.037464642720274,0.11007115693928272,-0.5807409633667415,SC
-0.09412716215529385,0.05805589239667317,-0.4299454001405541,SC
-0.14964994017709798,0.0815460041183106,0.15749208449528299,SC
-0.07140776126566138,-0.31649912087521265,-0.6146992895329646,SC
-0.038731128156210624,0.21619924997098203,-0.362209015888606,SC
-0.10608235381051727,0.04531623667080164,-0.4275807360464904,SC
-0.05464433755171731,0.06591120494954333,-0.4687004772863825,SC
-0.0313336079496363,0.0595920972022456,-0.5204251182613462,SC
-0.06501350723686163,-0.036677326510736845,-0.8812873042842777,SC
-0.046062564348953984,0.21209371512762482,-0.5897616822378147,SC
-0.044804388199134716,0.08291860183587667,-0.154824248519308,SC
-0.06708997906533958,-0.037863835962501695,-0.4432611591008112,SC
-0.041381374535102745,0.11556517025212595,0.06472567857836015,SC
-0.08565939116012615,0.3856888502269807,-0.3832713750887475,SC
0.004749680399647153,0.20240327997572294,-1.1748667348857222,SC
-0.10154853912558814,0.12287946018145746,-0.7036196248165574,SC
-0.02659215179269644,0.11907419142000324,-0.9505504479774228,SC
-0.01898674912432768,0.11368846224918225,-0.46737262476940256,SC
-0.11070896306184798,0.3262390603411839,-0.6136505840616584,SC
-0.11009303410987026,-0.0816523296210287,-0.3897385181353778,SC
-0.03010531268591818,-0.03950605394607531,-0.6198717976810711,SC
-0.07669048166707144,0.04931973584852008,-0.15114193674060825,SC
-0.04439004332558122,0.007335168659243621,-0.30593503302609343,SC
-0.08195186052767578,0.04297116528543189,-0.8387765856011412,SC
-0.044976315153904954,0.042295562663118,-0.8307816139887011,SC
-0.036571315550339316,0.024424552007074794,-0.3642936049675884,SC
-0.13607008770022105,0.09925495809534127,-0.15777384952610513,SC
-0.06765105858079144,0.04900402840534229,-0.8694792319265409,SC
-0.10567043417587235,-0.0318836784052219,-0.09777515272880663,SC
-0.059910486176578,0.16398062665524105,-0.6613346121168001,SC
-0.07651718102556218,0.0944371055695023,-1.057822810534979,SC
-0.12479196046362305,-0.009304234199850056,-0.04988411310269908,SC
-0.10584752421219758,-0.3143337893788063,-1.0289181380803714,SC
-0.04274715282563305,0.03941749990735663,-0.0666632858931644,SC
-0.1087622835673796,-0.15660016053759815,-0.5018548835964615,SC
-0.09834847512894056,-0.007320676910848282,-0.9660421803398311,SC
-0.07069017987685113,0.08295391788099489,-0.21084465385170395,SC
-0.13540993131273252,-0.06726538239399549,-0.5497033461192923,SC
-0.10888596961164447,0.04529885054497771,-0.07177551726210268,SC
-0.0753546342492495,0.045214248311168326,-0.347369854060118,SC
-0.05893892016228259,-0.20052314843126742,-0.3534535459835208,SC
-0.08448579177234539,-0.04982399344995608,-0.6198529381147228,SC
-0.045809615072629935,0.06261071978806435,-0.6450157558022444,SC
-0.09011919801811051,0.14595761507455712,-0.5308858010438385,SC
-0.10421712093858283,-0.017444051353791883,-0.5190887949845027,SC
-0.04824047095480452,0.2619203340404526,-0.7632659338788867,SC
-0.06915388523050567,0.05003263366483623,-1.0820737301574697,SC
-0.0271954090404905,-0.07410797215372185,-0.6692182173067676,SC
-0.003841153117997106,0.21985027152729522,-0.2751309743155173,SC
-0.04005042071465107,0.17782561285552692,-0.9139015299253067,SC
-0.0742160018411509,0.017297728590878973,-1.096539859532523,SC
-0.06631652106575879,0.1383423780569231,-0.07885850923560722,SC
-0.06173289964264557,0.2851086706339005,-0.6775426774365484,SC
-0.04872027039768942,0.07233507921527828,-0.2927896472809989,SC
-0.14402078136867913,0.004771553298323997,-0.8655606649426095,SC
-0.06784717810653645,-0.01570712920535788,0.048958597447220704,SC
-0.0553753111785212,-0.21855638730730367,-0.3194607539387379,SC
-0.0420143362740958,0.317214829452741,-0.31024878208230333,SC
-0.05770912999734233,0.11376251433696902,-0.5511305895312971,SC
-0.121426809097343,0.12116355863065857,-0.8615803138833477,SC
-0.08774299717226121,0.03333642026759171,-0.21355863528664462,SC
-0.054864715459577384,0.11543616764656794,-0.3443346975720368,SC
-0.13409723606713433,0.17753849335335495,-0.05013728590422496,SC
-0.06549758371270761,0.0,-0.9558473125308649,SC
0.006228333513227726,-0.0420751716286201,-0.28065150435559694,SC
-0.04899739130953363,0.09390519186684779,-1.1322401753899716,SC
-0.05600111231830451,-0.09425724972688997,-0.5419826099940631,SC
-0.13021425150855268,-0.15137044298015284,-1.1203261973052183,SC
-0.1096527980082127,-0.02900664801409242,-0.8412718941620912,SC
-0.14932535751450104,0.10644367267377422,-1.0682172993496635,SC
-0.07193659309903501,-0.05878814292933199,-0.12747021362171576,SC
-0.042305222782341174,0.0028449521322313448,-1.1103925296109327,SC
-0.09910231720260114,0.043922581187159686,-0.8053233556236817,SC
-0.15448072698703363,-0.19038635058523404,-0.20155839341393658,SC
-0.06952493253006661,-0.32004735695381265,-0.6080406807417132,SC
-0.1393293791180015,-0.09120500347907431,-0.15742632487479097,SC
-0.09966153557206484,-0.07410797215372185,-0.18252970101552407,SC
-0.046394903243069184,-0.01634913800152941,0.0647485831066242,SC
-0.09268930974294554,0.06209439780612227,-0.31526746444309056,SC
-0.11184631300687478,-0.01234259825232869,-0.548715019977562,SC
-0.06117899432612293,0.10335851298715315,-0.5695639711371541,SC
-0.12318888114296209,0.09357672555573836,-0.8876857639662148,SC
-0.046522381986857646,-0.0137743224648294,-0.7176227399335449,SC
-0.045285414538870174,0.02034928220235416,-0.8523850165815801,SC
-0.14033837537119762,0.025263137782269938,-0.4260276320809807,SC
-0.05010977351805785,0.058125181286848,-0.7316451192341799,SC
-0.01827360080233723,0.10290996305742797,-0.5007143545348015,SC
-0.05042195027475617,-0.023067360980197696,-0.25060047436427557,SC
-0.09621265782587725,0.022664790181578902,-0.22706614670257927,SC
-0.055973597032628865,0.09911820751678718,-0.2085479550384293,SC
-0.028231105220822172,0.1798296942449499,-0.6948511414300999,SC
-0.09134759233106488,0.16179677531607636,-0.33291432219425504,SC
-0.07020029299271122,0.09544605860064771,-0.43114165450508823,SC
-0.03952343123950857,0.12909715308570927,-0.6675367696907852,SC
-0.11509045248471388,0.030026138316795008,-0.3855038334287177,SC
-0.13518270946362188,0.016227536621756754,-0.27260753497641194,SC
0.0013350606982823001,0.248889991966871,-0.460628788028261,SC
-0.11934544234589825,-0.07681727740130963,0.10341576166470282,SC
-0.10639700589058611,0.03247360846422425,-0.3498214632098207,SC
-0.07991111483332991,0.049972546807921445,-0.710433021846496,SC
-0.0384259196269464,0.09440110850949496,-0.15668750058030328,SC
-0.10203027487447187,0.177884992285267,-0.0811327739208447,SC
-0.13516946931569457,0.06393066628359481,-0.9742612543374227,SC
-0.07962421799475583,0.20754737148054836,-0.6198003339076085,SC
-0.14190915224809317,0.10210273413985245,-0.9331373455357755,SC
-0.038668379400540014,0.3136575588550416,-0.9334193946109015,SC
-0.11320600982885555,-0.04890715744245221,-0.7575407846622654,SC
-0.05627625455285978,-0.05319943486179312,-0.026400133314636146,SC
-0.09645991003401841,0.05619986751669842,-0.5743817303550587,SC
-0.02756929094536572,0.09351430982151296,-0.39515696398450195,SC
-0.15322265676312197,-0.13110182457259778,0.027606309530989068,SC
-0.04484038192987896,0.06465610594574947,-0.9177746581658764,SC
-0.10090618435827524,0.04397491357987067,-0.6094544401496652,SC
-0.030193433370818357,0.09127921510672476,-1.0701407204604956,SC
-0.14255299406390268,0.21056476910734964,-0.7156724443950621,SC
-0.045242651881267165,0.05892168330047183,-0.4033678117778138,SC
-0.027445997197874387,0.03516391245766697,-0.5216734591849255,SC
-0.06074080803084642,0.2085844551047099,-0.6566124723977748,SC
-0.03571654225551729,0.16500252133674345,-0.5750521236446552,SC
-0.09955524489487867,0.017962700374172472,-0.18136682317528927,SC
-0.09481212148713969,-0.05129329438755058,-0.01905132385867349,SC
-0.07672624451641998,0.0035386879455634583,-0.25046467529929434,SC
-0.08665514513158336,0.00551594360981043,-0.44124827120096893,SC
-0.07155225986743033,0.03963530685739565,-0.6967065734559494,RS
-0.05057812742703888,0.2819654378553978,-0.4416244502359394,RS
-0.021215279215504736,0.22403680729142478,-0.12571748207641426,RS
-0.04760981630245705,0.08734201015514789,-0.4432522186224228,RS
-0.06323592689196411,0.18859116980754997,-0.47519481935188923,RS
-0.04266936155876406,0.018111749943046103,-0.45940901159534325,RS
-0.04724564895113591,0.06599616561834581,-0.903876052566206,RS
-0.046976816699190224,-0.002472189145389037,-0.18593348277924185,RS
-0.021404560585246663,0.2661382989034174,-0.7796171650724487,RS
-0.07111825416270227,-0.10581599277797579,-0.2844505383705536,RS
-0.04000429494485412,0.1629516484670833,0.080306319821203,RS
-0.031056577880550728,0.04666977228062395,-0.8293644291344457,RS
-0.05452513721015376,0.1418805872354439,-0.6277266955257212,RS
-0.04255537855197244,0.30120409778375506,-0.16207193160699845,RS
0.008666195798686258,0.3857782818659036,-0.2823561342912082,RS
-0.04095313643154466,0.20314696581541453,-0.06790402408686134,RS
-0.07073406755752878,0.15525504217031155,-0.4645870795931121,RS
-0.04507981580041411,0.16480797430124636,-0.49621111870820406,RS
-0.03399200715068119,0.03931142021488814,-0.2227053305556946,RS
-0.037555710381680873,0.2322662333102116,-0.5598961151729592,RS
-0.10010706175727811,-0.17676212621380524,-0.14651576377391187,RS
-0.047750038743485886,0.30045067309058066,-0.1575426270356877,RS
-0.03676899312157385,0.08808780335836806,-0.7958967909011244,RS
-0.10462693139661858,-0.20728817952441572,-0.8817840364583728,RS
-0.052175644757885456,0.07339597497163212,-0.6248805812473851,PR
-0.0704818518764973,0.07452805197506424,-0.5541461420885389,PR
-0.04048043240998924,-0.4561672112281267,0.24527021051650288,PR
-0.14275120381260523,-0.018860747689693272,-0.07373867450089562,PR
-0.038982503490970884,0.06874953288008097,-0.2393021095696262,PR
-0.03132576627014498,0.2476345713225055,0.12685305777006164,PR
-0.07111512555395286,0.06616120082355503,-0.4542299386846177,PR
-0.06268569054275765,0.1530582372357089,-0.7227174126100329,PR
-0.04100917436989162,0.06899287148695142,-0.2733417601496739,PR
-0.043001501690357484,0.29965826349849656,-0.4827645278932259,PR
-0.03685161174946351,0.02613714436769239,-0.21959475631053355,PR
-0.04469839218161497,0.11054187439982383,-0.2172226342556225,PR
-0.03254211158543919,0.4064965677148267,-0.5301811685805128,PR
-0.04394132981666799,0.05995135713066503,0.2240316091256975,PR
-0.04769474819353844,0.06565113350697618,-0.017343110921230833,PR
-0.05435921595068507,0.17084405191136084,-0.26494686415071356,RS
-0.03152074617716245,0.2750698906690923,-0.6256098084641296,RS
-0.05451454213634006,0.0755746064914164,-0.1068378537624605,RS
-0.030974001206148856,0.2423134674219299,-0.3183890618693868,RS
-0.03878342153447295,0.3572081351003912,-0.1744298820525251,RS
-0.027239081782096844,-0.10536051565782628,-0.3554187673481509,RS
-0.04302959883577903,0.14694603771221088,-0.19290413410207266,RS
-0.04310064049977959,0.2547553789485572,-0.5410369807024061,RS
-0.0628346557788512,0.11116094857039265,-0.013326602569795112,RS
-0.022102429177147102,0.10851438175484852,-0.16202773745414087,RS
-0.021709104674739802,0.1316284424784365,-0.7200693164433981,RS
-0.044395403569635464,0.26512918778930783,-0.49215321327254846,RS
-0.0645046180068432,-0.06226000747293095,-0.3747617575744633,RS
-0.07171251190561187,0.0849505120711775,0.29527363694006264,RS
-0.08236618385264677,0.03812208023027775,-0.7004520909217501,RS
-0.054040246962238886,0.04701720651671048,-0.6394504438804208,RS
-0.042787911640889846,0.007164820824146687,-0.0994296665119105,RS
-0.07095270436652781,0.09691789719242178,-0.6071889848331082,RS
-0.016677540015854964,0.0619936961667312,-0.6658513938235309,RS
-0.06208922577370075,0.22385201751458308,-0.4403409655457583,RS
-0.04707040446544282,0.007639456557957626,-0.674162628071422,RS
-0.010070109407282254,0.02701742805779861,-0.13926490600879426,RS
-0.043707143760008546,0.18542934288054072,-0.7433616433407108,RS
-0.04034860654690878,0.03855527651156408,-0.49814251450368957,RS
-0.057239323481412,-0.11223187152025783,-0.6504289744153746,RS
-0.0457542453738223,0.07904790768193262,-0.5314001754736094,RS
-0.0813305348550723,-0.0065053602247199605,-0.23198130892194502,RS
-0.07565839686972807,0.05380855598171511,-0.5114988251069965,RS
-0.02249479858400093,0.11009238568565982,-0.08617277326173148,RS
-0.09609365205223364,0.06824451673188871,0.04926531248781617,RS
-0.04029882688341711,0.15292893257693588,-0.22450656013288786,RS
-0.06139916508298802,0.024163723719290094,-0.09112292066985687,RS
-0.06033970423325267,0.18568048509596924,-0.30722953931540964,RS
-0.03527976171429187,0.13639784409861536,0.05250490087217981,RS
-0.04365057560684423,-0.0015973933942027417,-0.054544332004008836,RS
-0.06028885428197434,-0.1719595764129665,0.04744107711044408,RS
-0.06286056773360882,0.3533453071222842,-0.26712822725337987,RS
-0.02578411264052799,0.10434990415190275,-0.5945484806865785,RS
-0.0613060359473908,0.014690715410003592,-0.17151045797110306,RS
-0.04955281896412249,0.0181882246763777,-0.19373762863053798,RS
-0.08985932578332816,0.021317421660753975,-0.6083572687729184,RS
-0.03622095235869686,0.11215863837164737,-1.054219818324854,RS
-0.04046734809405217,0.09225363132177596,-0.45936215357280863,RS
-0.01957666418967618,0.20529530848941788,0.03328989496733671,RS
-0.07852615365456889,0.2542634600280143,-0.4624192501126585,RS
-0.0871678867177381,0.24131085526965873,-0.9340273292521108,RS
-0.06272391833030405,0.11802408358168393,-0.1880699378318001,RS
-0.019048285657357385,0.10658096422568362,-0.29329061866033457,RS
-0.055632777800283695,-0.17673019963184736,-0.2832276887970423,RS
-0.05109656443650145,-0.024581669654549106,-0.5864373449954041,RS
-0.12861023216093542,0.034077750150720516,-0.044578114895433466,RS
-0.061974981488328106,0.12774545555747868,0.2077536443798013,RS
-0.042174606203868245,0.20790779953678878,-0.5479745565364698,RS
-0.08804897034734951,-0.11895311379275933,-0.26376509084224997,RS
-0.050624678641266095,0.06402914667756349,-1.041947973951807,RS
-0.03887282896951933,0.21072635045044208,-0.6712294266505899,RS
-0.02234049933499169,0.15684247149296968,-0.7720112838452574,RS
-0.021271358630062576,0.2322621555306442,-0.8519671751347889,RS
-0.03860079556991968,0.09819202617921383,-0.9738255886824186,RS
-0.05001091728313351,0.19431080122247543,-0.2663223599446924,RS
-0.07641512651247372,0.19851850400882048,-0.1869886073675454,RS
-0.018747158379562354,0.3315600786238352,0.05667148914329964,RS
-0.08885088933058741,0.05272786784804855,-0.7516115320078249,RS
-0.005296053841748487,-0.030967142979760134,-0.9054078147240759,RS
-0.05893772825347235,0.021322769468821244,-0.3669554490142204,RS
-0.06371392014364803,0.1839488964533301,-0.5399786413611166,RS
-0.1445372932497103,-0.05565333901396689,-0.03984834267455423,RS
-0.033236732587144054,0.16539939236312903,-0.4271378570448672,RS
-0.025499087123914164,0.04083353180587809,-0.26209692667802037,RS
-0.05867975817303423,-0.09995509709091832,0.18875753294342865,RS
-0.05313626489989186,0.023624156819332037,-0.8783507387125753,RS
-0.050462881451441656,0.1304934871478113,-0.7418380468252951,RS
-0.09376912717659516,-0.11867488012755292,-0.8435248943062503,RS
-0.03755462227182162,0.11621284048686623,-0.30661853494675617,RS
-0.05126105891986628,0.16619217486407106,-0.4818204467343293,RS
-0.03029297113515987,0.14785739285146912,-0.5948465016801394,RS
-0.04270733239194422,0.22314355131420976,-0.34374764531055885,RS
-0.03739816851735677,0.06485009615177582,-0.20510923937019718,RS
-0.10313787515347185,-0.03508342718259067,-0.506080810260189,RS
-0.04215423831495012,-0.1604529670790814,-0.05047117238810943,RS
-0.0840497626751983,-0.058488846786413445,-0.3065807475628977,RS
-0.07651872684854742,-0.10147649041250015,0.04337347817858832,RS
0.003314480299233079,0.03472571137382971,-0.027800439731744665,RS
-0.10772825213480655,0.05702503604715345,-0.26497488849348694,RS
-0.11766974979190989,0.09745461223668368,-0.8624021689409956,RS
-0.002474852400492719,0.11260167691438586,-0.3298819595052252,RS
-0.03464444210334045,0.018476276167573212,-0.21221545595207694,RS
-0.05376756036956637,0.02848751670073099,-0.5050440710778912,RS
-0.08092089892774156,0.021933064361760297,-0.4345131874974171,RS
-0.01934459006341481,0.00191938638580367,-0.5923732077800249,RS
-0.060557132990446814,-0.3374370220313118,-0.04743358659137802,RS
-0.026902093110681643,0.08017374351202565,-0.6461203682422737,RS
-0.02959863674525515,0.12797196204437322,-0.11682696635413092,RS
-0.06255076206278214,0.16835115778375065,-0.26448661200469753,RS
-0.09827615823370571,-0.06877993313540845,0.260560520888027,RS
-0.0679033608248516,0.09053575757823391,-0.34551123256834254,RS
-0.0949804744707051,0.07453837958403346,-0.8500670821551946,RS
-0.01320515132050662,0.004962789342129097,-0.3979106124562404,RS
-0.09601818081046516,-0.027774859088232053,-0.302840698030808,RS
-0.0928544010837455,-0.07478714440067147,0.10920096983638342,RS
-0.05394098321209109,-0.04240918192509363,-0.6383949445129685,RS
-0.05132775706412924,0.07645355571544232,-0.40005952599925065,RS
-0.039908206326707114,0.085376053648899,-0.23492655720155234,RS
-0.1415412659768461,-0.11597048188274252,-1.0215766389052157,RS
-0.02320033451434844,0.06927342076846638,-0.580071793443918,RS
-0.0012408162082518858,0.21289792203171143,-0.7350055694315075,RS
-0.08210289452879711,0.1835779511080186,-0.489232184808088,RS
-0.0253409234914196,0.32519280566838,-0.46576127298678754,RS
-0.01729486559773314,-0.02090023166895481,-0.955484428282453,RS
-0.05506048680860457,-0.03922071315328127,-1.0643842911785126,RS
-0.08930551158729966,-0.02373216191869988,-0.26643385890030785,RS
-0.04389284208234775,0.05734576747047329,-0.7974258046012532,RS
-0.021523354334077698,0.0727593542824283,-0.6033287952399716,RS
-0.030752335838817438,0.1552879247159167,-0.3555740899323415,RS
-0.019774927041187426,0.08635869509665679,-0.6388100511898375,RS
-0.08026163145290839,0.04512989695830909,-0.47307775838294747,RS
-0.03643712879691511,0.06412540898770593,-0.29588708822941473,RS
-0.02695815043709667,0.15596655103623286,-0.25421523127622303,RS
-0.03638552340802303,0.11451612651103522,-0.6877847663758647,RS
-0.032362412558016085,0.5239467117286878,-0.7304069517076995,RS
-0.06824245734367261,-0.06163471695737166,-0.42640032024150365,RS
-0.04082385279839736,0.1395859015332288,-0.2973125240908285,RS
-0.05431712198453242,0.10683002363718633,-0.733526992743374,RS
0.007192066111240001,0.2577862671539879,-0.448706409519921,RS
-0.05012480690834818,0.1619527638820727,0.25245770943261897,RS
-0.048014468705507206,0.10086736243825414,-0.49568379315880806,RS
-0.09898058694808952,0.22662989999364755,-0.4563078203370705,RS
-0.14249518802772332,-0.08891376214195708,-0.6039374166540862,RS
-0.04808732686294247,0.06584393880550561,-0.4491056987282024,RS
-0.005760950339386799,0.13117240166213207,-1.020274688478385,RS
-0.05631225513492217,0.08004270767353636,-0.5522657517953133,RS
-0.03670216876583966,0.04067103973092778,-0.5399809126113038,RS
-0.08090058300543918,0.04040664288402876,-1.0200747716255445,RS
-0.0834714943339952,0.05877410951745027,-0.6448795410553286,RS
-0.06653915655604363,-0.13557620400124581,-0.4772379677105711,RS
-0.06391078296487467,0.08295807490279368,-0.3680626763831119,RS
-0.028851142704246813,0.23228329306199264,-0.49035637208004873,RS
-0.025565042108812035,0.20338559965489955,-0.38660641633396414,RS
-0.13465252343890288,0.2549607404339262,-0.3110886092616457,RS
-0.13385468954069002,-0.13239123005066192,-0.5704332360162633,RS
-0.12476711694882532,0.041565452928911645,-0.21934666143865475,RS
-0.01798000399723147,0.04709374189815842,-0.09387829229825209,RS
-0.05197330902528084,0.15240207490259344,-0.1685644513829991,RS
-0.022410084878598066,0.08238388145758169,-0.9414241493951948,RS
-0.011570845991100103,-0.03467654753125507,-0.46996646989757684,RS
-0.04104440816132917,-0.11527484226248917,0.06716988096737576,RS
-0.056425317354543245,0.0934847211776324,-0.8337275319505212,RS
-0.049219227741313466,0.1601943723210191,-0.4682458870644833,RS
-0.11085707626345645,0.04471755178029357,0.12044692000336965,RS
-0.015395644784116026,-0.2813293973614905,-0.13337198523689808,RS
-0.026460014309345144,-0.10574505709690442,-0.4306136637128793,RS
-0.025953433705523114,0.11217421428889737,-0.8396361665267477,RS
-0.03931084358752541,0.07850306148794373,-0.3134206739439523,RS
-0.036559295415614826,0.27395187963987894,-1.2090387326342578,RS
-0.03773055453211346,0.36024001010322854,-0.22302791917985423,RS
-0.06479185782013351,0.28685469813592257,-0.4044026236119183,RS
-0.08487779196646462,-0.20575471511015683,-0.33960613650006627,RS
-0.016671268373321328,0.1942696400447157,-0.39311327113458205,RS
-0.12505253645879477,0.16052550220317333,-0.5180183918646188,RS
-0.05176250774795402,0.22400008241582614,-0.4218345758334482,RS
-0.14294377079167642,0.011854032673185052,-0.5014523681976105,RS
-0.04677891738173683,0.23634560110345,-0.2121011667897357,RS
-0.044088062074180576,0.15415067982725836,-0.11954552010121103,RS
-0.026011004093648815,0.222279869095558,-0.8702020653615251,RS
-0.024284638719202237,0.013954469501953694,0.12975244299761055,RS
-0.10719411620184952,-0.16967169472237484,-0.8037356820711115,RS
-0.02376399391081734,0.038244577033233744,-1.1671883417476323,RS
-0.02198753108597002,0.02581128279041225,-0.24086316357190254,RS
-0.077427814877275,0.05301357693806553,-0.484489941584461,RS
-0.013488349360849574,0.07035370877066936,-0.6263843236147614,RS
-0.05267369207742444,0.14953173397096384,-0.32684712784789605,RS
-0.016888462036680773,0.11929140069996419,-0.3493743275913066,RS
-0.06356746942769383,0.040039935582356675,-1.1132481971552934,RS
-0.03178571927353604,0.15783256911183904,-0.5028437209935728,RS
-0.04171550786224049,0.10166774927534225,-0.7735185554133547,RS
-0.026494727699035287,0.08110032291219124,-0.35613137432785186,RS
-0.08458222736566962,0.037801531707112854,0.10071915870220638,RS
-0.03295850296301779,0.28345467712515104,0.06269749872099269,RS
-0.02026948249725164,0.04495138786226627,-0.5146651941216043,RS
-0.05623076047212217,0.18576237266438358,-0.597679874569871,RS
-0.022561975312405693,0.05116599280774157,-1.0559922969750262,RS
-0.026949761459075235,0.11871630683938197,-0.4616248998194064,RS
-0.06282992329483778,0.19242487137650877,-0.3506434162792874,RS
-0.007521115160481108,0.12501460396386255,-0.4581314970486259,RS
-0.003225824110353296,-0.04035588753484537,-0.15831576481863296,RS
-0.09284877791841066,0.3314924566447845,-0.7080408098701505,RS
-0.032401999203673114,-0.4499787155103361,-0.6518265585859216,RS
-0.05070477622795201,-0.016377491612634923,-0.05025401949357594,RS
-0.013396234262285969,0.03950367672697806,-0.44524544418087,RS
-0.018376073881969664,0.1940264607532299,-0.9268805093698679,RS
-0.1261654811252059,0.08502227860364317,-0.19230794797095607,RS
-0.03893607586689348,0.15470638976098133,-1.0925341999834859,RS
-0.0332638648638261,0.12596392089532724,-0.08086763054081406,RS
-0.05566371110932662,0.10550887260491246,-0.8413629867644307,RS
-0.04300143586668728,0.13765086291976145,-0.2150769488736779,RS
-0.03648038496910673,-0.2115738959550959,-0.05689909999805978,RS
-0.027178183437342737,0.03215711163453144,-0.5498427714679247,RS
-0.059149821022860004,0.1276547841355375,-0.9008105587481142,RS
-0.13197490052639624,-0.04830716023339891,-0.7586482948309161,RS
-0.10211150313256745,-0.06701868855016038,-0.3243530988187257,RS
-0.07669124106769208,-0.015470871525884415,-0.24970835876978037,RS
-0.050880116707464604,0.5545096788210888,-0.48776764078730095,RS
-0.05232643196642693,0.09242971693897067,-0.3321062037554963,RS
-0.05039184744412938,0.02513167570430311,-0.5173474844990341,RS
-0.0351359833642957,0.0850302491845756,-0.4676838549788505,RS
-0.05417383211457963,0.10204925435417037,-0.5131835842963064,RS
-0.06597006342210833,0.11535861258243357,-0.3148435942264555,RS
-0.06631225260057015,0.10453372768183221,-0.6034627114856214,RS
-0.05071012741192979,0.19077498417192867,-0.16405198896846981,RS
-0.043382801349331285,0.1319507216394327,-0.23132841585657848,RS
-0.07648531899662762,0.11316020750355514,-0.9478960276720753,RS
-0.018824840356233757,-0.005134200309607695,-1.0450421307659794,RS
-0.06660828134511153,-0.01708867713538299,-0.9267296380922092,RS
-0.06420461951248949,0.049451709320719746,-0.15626544352097152,RS
-0.02384129601662762,0.3198930066495548,-0.28158957149464375,RS
-0.04103789048971261,0.13312339033405005,-0.44879660047211806,RS
-0.042493627087107244,0.062145333537973774,-0.40219002207905435,RS
-0.14977605046341375,-0.27426866042054393,0.028636491497032956,RS
-0.021627313535951834,0.0765277655660919,-0.5913733000055441,RS
-0.029357824636647496,0.1552098514474799,-0.6003029420172915,RS
-0.0411814575069884,0.06555348718504209,-0.18564592261871488,RS
-0.019243329429014692,0.15020527898617103,-0.719152556453439,RS
-0.01369720507816666,0.016772422597829514,-0.323475775136944,RS
-0.03986860368333153,0.11159106540846239,-0.75775603028181,RS
-0.024717692355199567,0.023819274993257037,-0.28919107042436293,RS
-0.03495192843628868,0.03473795043058316,-0.5470036926521911,RS
-0.11657606255953457,0.06802572664021796,-0.592351524945815,RS
-0.12730887640629707,0.07223515860834581,-0.7747039503597514,RS
-0.11736169300355244,-0.029825862301616473,-0.3803581701562759,RS
-0.02033166015481067,0.10166950171261742,-1.171286830900829,RS
-0.03210511654685224,0.05347705643554041,-0.22110091092545175,RS
-0.045982906150169714,0.17202057115682481,-0.004312680750121247,RS
-0.058056482908314416,0.13353139262452257,-0.5131361197729678,RS
-0.08021090629224029,-0.027267126340339586,-0.0968471884035203,RS
-0.047936810035356256,0.14930928930315737,-0.05634183073740708,RS
-0.02241549145030316,0.1547219451955504,-0.05242191201670462,RS
-0.08930697125633363,-0.029453266913495382,-0.1584896456391075,RS
-0.01619990003629166,0.07259054602810779,-0.42390302658280204,MT
-0.037776595044568,0.21802240559365338,-0.961759624886903,MT
-0.007410889618646001,0.19730281663110893,-0.7567676524279848,MT
-0.0549906977536213,0.2003679442725665,-0.4071631329788241,MT
-0.04037092329629647,0.17616587825882493,-0.6746825465891414,MT
-0.009639882116373228,0.009509649168255882,-0.4862540306038478,MT
-0.029475591198387396,0.14274312587617194,-0.4783515267218816,MT
-0.009766336236752807,-0.10155917234797902,-0.6114360776787225,MT
-0.04742836304014299,0.16734000317833775,-0.5563114748036277,MT
-0.04059470353482292,0.24068786096511918,-0.9613672952159786,MT
-0.030581133863849988,0.20090671514523586,-0.595000933895849,MT
-0.06996283731012189,0.41840780876300226,-0.04410089275810305,MT
-0.061330782730952174,0.10936293665999611,0.033476422638948324,MS
-0.03529589030038103,-0.041463645907144416,-0.4779098067924365,MT
-0.015238243063951074,0.03650809091944428,0.15023532444110552,MT
-0.047493647830796216,0.34125264608334055,-0.18939251210172472,MT
-0.0381693845512166,0.1519454271673112,-0.3437569351261614,MS
-0.03952217977237548,0.36466997761563463,-0.48352858349872657,MS
-0.027155051429000918,-0.2068014260583456,-0.48486185446554614,MS
-0.03111897563696041,0.36736526187589397,-0.5239014542592635,MS
-0.07332756299704286,0.11928116327740552,-0.004766827318538883,MS
-0.023444135623299875,0.0028027386247468796,-0.9406378779607842,MS
-0.04771781998861571,-0.008474626990972232,-0.1322182750034437,MT
-0.0472337309874515,0.10508346897368831,-0.6124438071909175,MT
-0.08556143017492651,0.28580941272848903,-0.6469123116877252,MT
-0.028294946172363503,0.12901088121320436,-0.5818419057674546,MS
-0.039684491732128374,0.08107568939307394,-0.36845857554826406,MT
-0.13063703862811493,-0.16739135867823773,-0.6909826025905846,MT
-0.028639911250896353,0.20011874291605614,-0.2978682542792359,MT
-0.015110428340730987,0.13045028461387737,-0.341004570323524,MS
-0.026044332486311002,-0.6584694085813751,-0.1550253370539026,MS
-0.04605997001326546,-0.01590827253306183,-0.37444930830708006,MS
-0.015923932763598766,0.22411552611938831,-0.8354618317490209,MS
-0.05071231713982682,0.14784221508184214,0.20319190881000454,MS
0.0011471056999265094,0.224954419986769,-0.1887065339216444,MT
-0.018719172478911212,0.07279439933284429,-0.016681593620509343,MS
-0.034740008023404365,-0.019993228582564342,-0.25980566436619035,MS
-0.04334668026205442,0.007905179507113247,-0.20123774963101754,MS
-0.0029894579658902532,0.025553821153292498,-0.6950872462660854,MS
-0.015475555075021996,0.005108878646418183,-0.3131240746185332,MS
-0.06302633308115149,0.33807401123672415,-0.2645216932910156,MT
-0.042298420175379305,-0.04267681336413958,-0.4998876976777608,MS
-0.02471778259160001,0.03700519599355437,-0.31180423273049696,MS
-0.02618039438874904,0.05084323904151701,-0.08381561014534679,MS
-0.046305423716681934,-0.12364477923242932,-0.353114076132669,MT
-0.021115700768782462,0.21170737663038663,-0.3525065633814472,MT
-0.04898611649926492,0.1158764573858018,-0.11555673278442506,MT
-0.021228336379754964,0.16809608774091167,-0.16481181272842177,MS
-0.03580435714299257,0.13668626208733528,-0.34875870830808664,MS
-0.03318809189296408,0.03460552917747552,-0.3952049956162235,MT
-0.030198927590305773,0.20709309909745757,-0.5146749006811274,MS
-0.01914705264274915,0.06602110109779398,-0.17309384290981622,MS
-0.02119830468659336,0.1600854153470729,-0.29998416924776805,MT
-0.025979829739031464,-0.08944506035192679,-0.3368153505726386,MS
-0.028313971382777782,0.15396844748051244,-0.672357872197497,MS
-0.037998454716818626,0.06116374607606687,-1.0066373115602438,MS
-0.02779562680481321,0.077417136648312,-0.4519371031422438,MT
-0.03787411025694396,0.14531653407145198,-0.7530276591891422,MS
-0.027413568231963618,-0.1863215084365315,-0.38949235521744174,MT
-0.030423980949639957,-0.008430963288799408,-0.7482445691146773,MS
-0.0314000819576829,0.10912755705619269,-0.4065807107794169,MS
-0.044887183738358524,-0.048698760668614276,-0.3266790583678791,MS
-0.04743218502742105,0.2076166537645374,-0.2992872727884681,MS
-0.04705428644790885,0.17419143071070434,-0.00043320965707408074,MT
-0.01489465634533877,0.04693811594078607,-0.9044300455447896,MS
-0.04503747182052516,0.1379187390541486,-0.5146532391029496,MT
-0.028526884467346844,0.2111419953294466,0.0491175926207204,MS
-0.04235416051472492,-0.12249937405082789,-0.5801112830452813,MS
-0.03204275398337759,0.16819303695029714,-0.36114790402944785,MS
-0.10939139862333022,-0.02574101675949214,0.09904319571084057,MT
-0.03912867359249615,0.2382020151884113,-0.46977921194353983,MT
-0.04495339225706027,0.4867057160764453,-0.7176042942809677,MT
-0.03962011361127568,0.12326851293305453,-0.3090521529621499,MS
-0.04542181052552968,-0.08260035360721239,-0.5778287997609532,MS
-0.031650240024146944,0.13339924858732996,-0.10856766075337083,MS
-0.030327299750270244,0.17766795610744224,-0.07810308945109923,MT
-0.027337195412686765,0.15887184527995626,-0.5761167852561648,MS
-0.04573507473103286,-0.11641035184441134,0.30926661574009745,MT
-0.023107694924076036,-0.008187936285365554,-1.087977110121223,MS
-0.051632251841111844,-0.12652877609634075,-0.522495781654475,MS
-0.02180517923803639,0.040121718681253034,-0.5414643458800208,MS
-0.03500630678606639,0.20313643026715764,-0.5780160942725638,MS
-0.0570241762897811,-0.029747915615575465,0.21670290561611008,MS
0.0015612514453079236,0.2325735397532761,-0.6293416941900397,MS
-0.04466732679228872,0.140604267959648,-0.2028037824528585,MT
-0.04833175883696599,0.3047177270729367,-0.06996166989015196,MT
-0.020003940511040895,0.16495892816426438,-0.48653849249413406,MS
-0.03604553313355392,0.16898595832857619,-0.7966566640092201,MS
-0.02785843883879688,0.24715209136621877,-0.7347888196696113,MT
-0.03202982817023473,0.15342525360756035,-0.33318269898364106,MT
-0.1295471726444495,-0.1760443787261626,0.0505914144895054,MS
-0.053846543825223935,0.061417776013705364,-0.0613757349649804,MT
-0.026271117577749192,0.35441887981204984,-0.31938667453922365,MS
-0.04551891509813202,-0.05250316065089067,-0.5895008523229374,MS
-0.02842001985597848,0.10521916291181388,-0.4324329302728558,MS
-0.010682831572367966,-0.11447253139379603,-0.21847720118238959,MT
-0.07540352668382654,-0.03834214204047261,-0.2947008414430056,MS
-0.019951445615365507,0.15014549129492183,-0.41126492176420343,MT
-0.0253640353212836,0.4510552695469255,-0.7900554616947464,MT
-0.03523878895894991,0.16836325311918468,-0.5779704678851605,MT
-0.04335480932105794,0.216223108469636,-0.46905180633526583,MS
-0.03069912739486316,0.13237496319350608,-0.45406080718343134,MT
-0.01933727270168314,0.211893382073253,-0.7855435272017243,MT
-0.028541207692583764,0.10789440174572594,-0.20676536050345906,MT
-0.025497844049960975,0.31883297390166543,-0.6076910929676602,MT
-0.03375283790410985,0.06612907858645413,-0.2704767874560852,MT
-0.056197795721254114,0.1150560091504583,-0.32631467561640704,MT
-0.026028551779390906,0.22844643953121743,0.09484652680332727,GO
-0.043201870916658155,0.2064300703404691,0.11100663124849144,GO
-0.04895510753698009,0.24774481050388739,0.07594769001720145,GO
-0.038901366491459304,0.1868230869692501,-0.183239077450528,TO
-0.050650288866321974,0.1962360983942854,-0.04992255602914171,GO
-0.03195458198662167,0.48202782221253726,-0.5316059370626591,GO
-0.004663898036190648,0.2094318161220751,-0.05681830582969124,TO
-0.0436640624855837,0.2432675670110346,-0.3231882497801578,GO
-0.020920675941421028,-0.18677590714333495,0.30483193494908767,GO
-0.058312893327837276,-0.14018397234555005,0.024311961416805875,TO
-0.04060761223723458,0.02439706736411745,-0.7799514771852054,GO
-0.06273873560907717,-0.11054187439982384,-0.4194548193502263,GO
-0.07371423395267653,-0.15260580079298117,-0.13826832154021398,GO
-0.05752535685583332,-0.03634701720486637,-0.8571968835366243,GO
-0.0034776974275682474,-0.10258419871488353,-0.21377050306949866,GO
-0.07843492768021344,0.07410797215372183,-0.2227357505568279,GO
-0.02837548608963541,0.43484904031926286,0.40649896829868193,GO
-0.08352396855655446,0.01187770930679204,0.22436394163629061,GO
-0.026119610218932793,0.5141259567946475,-0.8876030465305895,TO
-0.036955909614354576,0.3110992711704537,-0.11605126951299306,TO
-0.030908971902568524,0.18193546882545097,-0.6100152524461586,TO
-0.05487078736727468,0.23403453241240446,-0.42889943183948553,TO
-0.031649564241506147,0.4902422039257524,-0.6424026273595135,TO
-0.08783603814004072,0.42197952035486086,-0.15859532249954697,TO
-0.05900096289866445,0.29633810965486124,-0.8523118241756596,GO
-0.03557028582056224,0.0408219945202552,-0.2444978287092581,GO
-0.05863099357081182,0.08489944378648627,-0.3073191688070911,TO
-0.09490378205416546,-0.002285715280855951,0.0006767935286161323,GO
-0.0494558884905985,0.06106903334882137,0.14910175120283203,TO
-0.04031737207859223,0.09434601453599654,-0.17111959139671232,TO
-0.04473689576826597,0.6931471805599453,-0.7937774411196832,GO
-0.03255228088473227,0.2755774805955496,-0.13826724954642547,GO
-0.008899009060715711,0.18733579687025156,-0.037161282225276905,GO
-0.036714271338010966,0.34089033472748165,-0.010117746744042031,GO
-0.04719255042259959,0.002073767592543892,-0.20157682063997004,GO
-0.04904749302426521,-0.370789329545342,-0.1256195406799397,GO
-0.03573061358114154,-0.2356524010059185,-0.5346996890403158,TO
-0.03772939673158269,0.2261902231072275,-0.25726711169824273,GO
-0.006894779835463713,0.17273857559534928,-0.19045377670602717,GO
-0.07989633341939723,0.24860072240930975,-0.2876701510040171,GO
-0.00914821701974546,0.03174869831458027,0.10912539665768267,GO
-0.019411823793254228,0.3024120853793655,-0.5692139654545473,GO
-0.03577554201984169,0.24303961908887267,-0.4949895082895531,GO
-0.10776134541363419,0.0,0.3418686063558362,GO
-0.04445192012529503,-0.04681537117126428,-0.16579069892485537,GO
-0.027973245672005796,0.23070589926111346,-0.5281892048084343,GO
-0.04562894486693176,0.1975139848363059,-0.2900029336929004,GO
-0.08672205928000094,0.07546254699496212,-0.5696676493885369,GO
-0.06685088490063389,0.03718290569274417,-0.6235911744035632,GO
-0.04088331630704093,0.32897901354947506,-0.037042010436776365,GO
-0.046133713728615536,0.06004963377951052,-0.6208902291382519,GO
-0.005586194094559439,0.30375254248438993,-0.6813685087281794,GO
-0.053946591368488915,0.13486739816726478,0.11992324757346738,GO
-0.04308059866781003,0.3643810247382895,-0.45080521056195094,TO
-0.04724040212723397,0.21223151786322714,-0.2974701675630694,TO
-0.09542922227596752,0.09252336889714552,-0.013148090723731113,GO
-0.02549709865378078,0.19616696361600766,0.17754185654260793,GO
-0.013827789156397347,0.3097232282290593,-0.9387188446054533,GO
-0.02771195277894514,0.20926514814213235,-0.05893376474343177,TO
-0.031168875844879332,0.14832263443103305,-0.2275981739909087,GO
-0.0432519370957689,-0.10222448799947853,-0.6044564745048867,GO
-0.04982673749397478,0.07630505092393582,-0.5832253346080976,GO
-0.04071257815745221,0.3526399687265533,-0.06823804880824895,GO
-0.054859973158745516,-0.19604162153641852,-0.4293638517464561,GO
-0.05682086293087003,0.2838135956738606,-0.017843278289604667,GO
-0.08384951884947349,0.01892800988551886,0.04907178319980827,GO
-0.05902324636571464,0.13879529174406366,-0.28384607731122824,GO
-0.039976358388406005,0.45276732637341005,-0.4619999703641914,TO
-0.04216561578521949,0.061243625240718594,-0.22097443236864517,GO
-0.03806985484984736,0.5007752879124892,-0.33313720326158214,TO
-0.0645705356309496,0.16330355095819274,-0.40680062479198476,TO
-0.11768605217833211,0.004514680354526613,-0.11941829428924318,GO
-0.07233762858605278,-0.05199529511838033,0.3292061643776412,GO
-0.06113820351223264,0.10621121753813924,-0.26588458668598614,TO
-0.06455028997942641,0.23511974236092542,-0.5416177760857057,GO
-0.04061505277325164,0.052079149044889694,-0.38193554467905055,GO
-0.02963528622268023,0.2147385427771898,-0.2398053398163476,GO
-0.054076059704255816,0.2061580049484658,0.09035149492314878,GO
-0.0294803289838754,0.15061710724594715,-0.30904343607036217,TO
-0.06579036170379636,0.7203492683649297,0.48334772985803126,GO
-0.055666141354437655,0.13353139262452257,-0.3647060540536213,GO
-0.036528849062722614,0.28917569328672554,-0.35133302264981087,GO
-0.03852577871607232,-0.1777349888033797,-0.25868131553336227,GO
-0.09660359855622788,-0.09373726669391008,0.036636831086749574,GO
-0.05656302451199101,0.22288822129877942,-0.4301704860523256,GO
-0.023994544498708296,0.13637440358022618,-0.3520082040095014,GO
-0.06995648405295804,0.15355025951501458,0.3798868844940618,GO
-0.05563484296307508,0.5278039603004085,-0.10565681957105447,GO
-0.0255068943515066,0.19417590452833522,-0.6660966721324478,TO
-0.05116074323586893,0.15118551827742335,0.19528565283126337,GO
-0.033643079280714916,0.528497780274659,-0.29440714157614406,GO
-0.07372649361723886,-0.36980865688880477,-0.4646602209754068,GO
-0.034506936627846214,0.23026720232340087,-0.17241784700851026,GO
-0.05382120644312856,0.10928833551268813,-0.31121401568398915,GO
-0.0321331941479214,0.1322717609671836,-0.24020040721422553,GO
-0.027176490113207913,0.3514342415508268,-0.922719620842919,GO
-0.06052964572654038,-0.1818597696696089,-0.805967886802055,GO
-0.00930647280073961,0.41256328593962355,0.10192294958058405,GO
-0.05350966228718194,0.17639122065910603,-0.03563905464502014,TO
-0.06711837693402814,-0.09621284272103918,-0.1498031986950961,GO
-0.04468288653333642,0.16005475601820313,-0.29936242741342417,TO
-0.002743635256622309,-0.023101331273397974,-0.12585979396004113,GO
-0.06442941799417375,0.211505847234,-0.6628626493741119,GO
-0.06468721147295071,0.13960208305102328,0.23177668675666874,GO
-0.0316597493536395,0.15117890943810078,-0.5355814944789861,TO
-0.06461418463496503,0.19754699768351575,-0.2098057322423376,GO
-0.03959673661392796,0.24000807738352375,-0.22021412946499302,GO
-0.06814763945976794,0.07851831713444014,-0.0174084969173307,GO
-0.03487567949274078,0.06114464850778373,-0.11756101023629364,GO
-0.08411323290852223,-0.16227075974839344,0.2943685289538033,GO
-0.0786457953760655,0.1119179162039854,0.041637071564484686,GO
-0.11946544047295829,-0.051642328993115195,-0.14375293618518412,GO
-0.041671613715694444,0.1723607162490317,-0.6612990803062821,GO
-0.08697518713846426,0.08477473995791715,0.007482594830015136,GO
0.005318957225780151,0.03353478108657068,-1.1091843170849125,GO
-0.03599967632990716,0.1571681008521089,-0.43589382762056733,GO
-0.06234546030457637,0.11945109275708042,-0.17731819753129613,TO
-0.03985418539684283,0.4522788095014089,-0.049437457203463785,GO
-0.03944909802802331,0.09665568384972378,-0.2559440348951478,GO
-0.04402760541847019,0.16430305129127634,-0.11810266306487147,GO
-0.040677966705363666,0.3247920821030121,-0.12415896418650875,GO
-0.05362290581187768,0.019215963572431754,-0.19349299940150846,GO
-0.1018161018802557,-0.030857988359905223,0.24633067847147547,GO
-0.05016760241252931,0.13614950669885578,-0.22023177846002076,GO
-0.03654345433465718,0.2709685914780403,0.03137236712149487,GO
-0.014792255118848173,-0.023268449045600385,-0.245265391355579,GO
-0.0522112311064501,0.457041598362948,-0.31809744710162957,TO
-0.03958655159211604,0.3439419258812227,-0.33651669267132495,TO
-0.04541488092792892,0.44393138893596046,-0.19977896352341537,GO
-0.05278112135038044,0.6067221419043228,-0.2660524224601532,TO
-0.05312088214524622,0.0995734279440902,-0.7650590519302728,GO
-0.028327540418234435,0.01294795818855495,-0.3853571122682808,GO
-0.11770353566089882,0.20132450391956996,-0.3344540724649757,GO
0.0012230413515294462,0.013204864295170725,0.015457020021048522,GO
-0.0394861089475211,-0.18183267875928494,-0.0915608675164669,GO
-0.061163036065320184,0.15661601235481118,-0.5194530236754883,TO
-0.04700618507225811,0.3970262394622998,-0.17820029775275226,TO
-0.0469686145880943,0.196739377117699,-0.7858519621003331,GO
-0.011051736285802917,0.0005836859935157868,-0.43422095047409875,GO
-0.053247738779372215,-0.09341232988914823,-0.6536697079277731,GO
-0.050206369271433994,-0.4183685129440723,-0.4489465861223007,GO
-0.04062168044116136,0.10788896201118492,-0.4172438797499741,GO
-0.05039579072407636,0.45825670278177255,-0.00609405451768078,GO
-0.06453393482882547,-0.11037112548568671,0.3525458585721897,GO
-0.06887978551195346,0.46351712001612877,-0.23160712232780362,TO
-0.08044026952353331,0.12491064958061562,-0.4220283996177858,GO
-0.008309486449967029,0.1066358042197452,0.1574973046962476,GO
-0.06008707542437783,-0.11559245427656482,-0.116416431309519,GO
-0.06281899440601657,0.9761307322301721,-0.13015371552613958,GO
-0.059438595133033484,0.3465390685445261,-0.4654479995411502,GO
0.0026713661987146126,0.16485488381008503,-0.9545457481919125,GO
-0.048898111230214036,0.21548067856864064,-0.6137239178264394,GO
-0.05236261910393375,0.015625317903080815,-0.006558538193064915,GO
-0.03430243324650214,-0.024571260730505317,-0.69131375082159,GO
-0.03946208831949595,0.24276786803404243,-0.4868604678000528,TO
-0.045310786172843724,0.3734257543635477,-0.0006740275209240396,TO
-0.046278109810715846,0.17447636190436333,-0.1998687595045585,GO
-0.06927496778707944,0.06901794325488847,-0.25378119608664856,TO
-0.05016542031293542,-0.20389066201965644,-0.47619197997959906,TO
-0.05474553874061696,0.08231595257155158,-0.7260022842757123,GO
-0.04122660561770706,-0.43921409284480534,-0.18695553573703116,TO
-0.02483556745470676,0.027973852042406162,-0.10986512839957865,GO
-0.04778211295572158,0.37662955846827706,-0.2733408877464928,TO
-0.029785453827582024,0.19710642972956804,-0.7682589236360082,GO
-0.06093172167821265,0.18773495584060923,-0.09226400479170663,GO
-0.03177791302758071,0.3055603486224222,-0.5874484159234817,GO
0.00033704283797134885,0.14782852394627588,-0.05450188669732529,GO
-0.0009661813719181716,0.33883072828050587,-0.5920050290387413,TO
-0.0639737062547585,0.1677869986396619,-0.28138639230107243,GO
-0.04788555433564771,-0.2332307528476107,-0.044330806061015755,TO
-0.053894744937498636,0.48828945874357765,-0.4972882952806369,TO
-0.034235202071684415,0.1626136070419101,-0.5984544314645438,GO
-0.031531480712956965,-0.09951386081997335,-0.06571041419868362,GO
-0.05249406253757107,0.5210792815665686,-0.22094605845953727,TO
-0.040519027591541835,0.39792633165291724,-0.3475135408121191,GO
-0.028685992112777146,0.046530680652037006,-1.129872353499498,GO
-0.008197011102444708,0.13973586029485052,-0.41455084381631413,GO
-0.002573555135322963,-0.2889250806913779,-0.3914092842093636,GO
-0.046797837755261695,0.24705910271076764,-0.5767565146752621,TO
-0.020198565924045026,0.05818552470836149,-0.449930642189074,GO
-0.04792704568980419,0.21206962227121895,-0.7567714775970874,GO
-0.11193440130848568,0.22857623832743673,-0.6780676493215345,GO
-0.1065383795600846,-0.123413262458938,-0.2451444772455958,GO
-0.03325033863306771,0.19403371272246595,0.0357994096425517,GO
-0.08000461517385027,-0.2157249158337236,-0.18816389068025063,GO
-0.032041253503857337,-0.10857698674866058,-0.2795323459792265,GO
-0.04126324064583408,-0.036955706522429126,-0.4165525080692265,GO
-0.04624243894973068,0.14441289281205685,0.18013351168324976,GO
-0.05414636365841217,-0.5313041551095313,-0.11265997382842938,GO
-0.10164813589815791,0.10837483595074902,-0.1861759257382775,GO
-0.04920492521184716,0.1026606013678489,-0.27355107386589816,GO
-0.030715394687619878,0.21059474078411738,-0.11660434513400587,GO
-0.03533307321572731,0.2571649459956971,-0.33275822188729226,GO
-0.034192962958984476,0.19195349804602638,-0.3312570101111225,GO
-0.101296910324861,0.1181402423042253,-0.03327970462568357,TO
-0.11081829475655479,-0.24592357964602965,0.230641815351863,GO
-0.05614679976337827,0.2666917965599451,-0.373119742585245,GO
-0.0391793153904204,0.2254892587960976,-0.12122765340198516,GO
-0.04666077201002143,0.7568629949460531,-0.29974849614677096,TO
-0.05182179402013892,0.2723477084516742,0.11323445190164226,TO
-0.12883979928031128,0.1520162072986257,-0.07769352809806922,GO
-0.034167950237501535,0.4276513618228789,-0.21477422574420238,TO
-0.03627304846750531,0.024391453124159263,-0.1459248099828199,GO
-0.07310338596974024,0.22991219436395632,-0.5796443944049998,GO
-0.033706880513387175,0.2743110911744316,-0.3914367515445645,TO
-0.08891295770174558,-0.09352605801082348,-0.31252484237256,TO
-0.04340192007368395,0.20374762096663035,-0.5243797212754294,GO
-0.05240299156745614,0.2377271080284443,-0.7237659947815844,GO
-0.05056586946995581,0.3451453178746417,-0.2845221905219307,GO
-0.06082266565218599,0.17277494491037473,-0.9561867901633915,GO
-0.07368782054852828,0.22132752790528754,-0.21988981627052212,TO
-0.02653484925786654,-0.00914056194511885,-0.7302176810911127,GO
-0.10863538979886014,-0.17446925528696178,-0.22849673659226408,GO
-0.04473294365372177,0.28881779091570836,-0.4677628482589548,TO
-0.03906150416824067,0.08674481694540172,-0.05187802321441266,GO
-0.029363581076383916,0.1443177589110195,-0.38709164950108677,GO
-0.03124838637367891,0.3540809087616857,0.16833580773247736,GO
-0.005890123604430425,0.2194884550369493,0.2167607937735054,GO
-0.05322762843441775,0.4990746072304719,0.22563271944712635,TO
-0.06820879734555634,0.22728434398024114,-0.19130717026014263,GO
-0.02384323055128849,0.07782915751823571,-0.4189135162031842,TO
-0.08303555670614236,-0.08555788836164654,-0.003376378132312266,TO
-0.027877344687832675,0.2330938821673778,-0.42691749421405106,TO
-0.04852089048334661,0.09373946722379765,-0.04860505397952481,GO
-0.12674862412719717,-0.12011383007777636,-0.6631513389685143,GO
-0.018728486069799977,0.5031870480359762,-0.42928789038666704,GO
-0.029103771472758746,0.14856926998906314,0.08725035416844672,GO
-0.043310115257298616,0.15115756175912642,-0.14381255498850432,GO
-0.051146295688022675,0.3112125698619751,-0.19078308293198773,TO
-0.14263186441158487,-0.053183819912376466,-0.3715913371187311,GO
-0.03886209195576308,0.038374012881615044,-0.4630606447113503,TO
-0.0277803710555829,0.5073896484019754,-0.44623670889165334,TO
-0.046414130402342615,0.2210136250563849,-0.22002342397796598,GO
-0.037991365101604446,0.0846218895922483,0.10541763003069014,GO
-0.04946920327938789,0.37936999732531257,-0.2682984741867472,TO
-0.024782411891170707,0.16951411050402848,-0.26504006735018076,TO
-0.03893520301365861,0.38312323660366354,-0.13494487740942018,TO
-0.04201395374055592,0.3491842722095748,-0.05104286281684503,TO
-0.02507926737737551,-0.1866311633066555,-0.413302693794771,DF
-0.05080897872817743,-0.07205331764005754,-0.4353806741613886,TO
-0.061312995426665046,0.24769183251947105,-0.4247258801430347,TO
-0.0442657431047717,0.3431612247720095,-0.4903667029322113,TO
-0.04866217496791426,0.110847825144141,-0.7140153918851925,TO
-0.04821315651017166,0.15178269387584997,-0.5625551794181428,TO
-0.057661990188265545,0.3148370906483461,0.1518276472915367,TO
-0.05627618601130718,0.3464008809625472,-0.3842134823957883,TO
-0.04819688737225865,0.3997014033914143,0.035702321171164536,TO
-0.046329931318855135,0.0077220460939103185,-0.3174435455651315,TO
-0.07263011162421668,-0.1604798148789058,-0.19670118783205348,TO
-0.049836294371372,0.30788477976930034,0.023870854348738948,TO
-0.039653101535355964,0.5713118276986139,-0.4166761237735239,TO
-0.04878506118682157,0.3411707574027672,-0.45371389623228725,TO
-0.04845436327255519,-0.21669692420703962,-0.09266815757275063,TO
-0.043847272986925596,0.0971300165213108,-0.15866796234560665,GO
-0.030569279081826863,0.07984892800041764,0.12778517273814108,GO
-0.043142338587457515,0.04567974175503957,-0.13825916340210617,MS
-0.02793611961086767,0.33059418883702196,-0.5532067133060035,MT
-0.04059754189569681,0.08764730705875567,-0.4126967798282332,GO
-0.06255300960467267,0.22828961988275243,0.5014415459040235,GO
-0.06724473300726748,0.13357777087004186,-0.2535017761595461,GO
-0.02738681524166903,0.09103971068087247,-0.024487908737308967,GO
-0.047968783433917236,0.1450545825309887,-0.8953214751361451,MS
-0.05274065819003872,0.07527062778986578,0.046179196628711894,GO
-0.03283665571594004,0.12575169562193447,-0.606057687248749,MT
-0.05808145892071642,0.3554802006663896,-0.08971722667943614,GO
-0.05024363051483335,0.05895616713311967,-0.07303420536574882,PI
-0.11558550765433763,0.4721200321521132,-0.36085916033933574,GO
-0.0320246269564516,0.30803065772275884,-0.23262579256097493,GO
-0.05414702407667728,0.025406535192546573,-0.7411979085786832,MT
-0.048647104630126635,0.1314429825372521,-0.022361420534658644,GO
-0.038630858411794596,0.35652303366677407,-0.998724741381971,MT
-0.03180323167795488,0.17593022994657462,-0.7121410681348257,MT
-0.027948518115993096,0.280504227604824,-0.8083765114772509,MT
-0.05386669043723247,0.17185025692665923,-0.5678869507493117,GO
-0.03997408726242081,0.22873637668732166,0.00496888034982537,MS
-0.08059916838119037,0.04421492482726405,-0.8206092588138656,MT
-0.04304994342009088,0.1009259185899605,-0.04660729726757123,GO
-0.0061585546069338245,0.6557539181412665,-0.31811520804041543,MS
-0.09230806790071848,0.2684433105438732,-0.11702976755709195,GO
-0.060303288884365466,0.19070827556105582,-0.26691496531100606,GO
-0.042861383121013494,0.15809740423989757,-0.8796014949939319,GO
-0.06005051197864919,0.0682567654544491,-0.4606644464711946,MS
-0.03620455286124726,0.010507402532965358,0.1333090378683384,MS
-0.03585600798453704,0.0488696585849912,-0.06290101765106973,MS
-0.011966260727895006,0.2702749357697295,-0.8482969941065464,MS
-0.005156611983162024,0.23501560781900335,-0.5750650245027378,MS
-0.0784603213943833,0.3627053764771911,-0.41275176897753535,MS
-0.037824138755576574,0.016260520871780326,-0.7167173034046966,MS
-0.02995855241916591,0.015368030228313937,0.022799775410653565,MS
-0.048981020849117304,-0.07585775387750954,-0.3992673939193828,MS
-0.04868003270496691,0.09276651911906515,-0.3875571837975764,MT
-0.08984572224816417,-0.01220929967851233,0.03200616672147154,RS
-0.1556118551454761,-0.022834524811608473,-0.6677503802937188,RS
-0.1392657189221774,-0.12934567611566708,-0.23206382116402371,RS
-0.026093161312152304,0.07573825962648298,-0.5528289521382778,RS
-0.029466633265255487,0.15415067982725836,-0.6918077353382223,RS
-0.04308022852033452,0.16792518250404037,-0.9017822387480792,MT
-0.051541188595206705,-0.002597404057685506,-0.5004289856169168,MT
-0.05155231466813487,0.7166776779701394,0.1390895891556734,AM
-0.07107277089473339,0.3318198632774924,-0.3057600263136671,AM
-0.07464574903781945,-0.05278222077465909,0.03327641114431493,AM
-0.03925097252822023,0.07249154894555031,-0.07734123777009737,AM
-0.06212522126506373,0.24746734491149144,0.0007010970233740743,AM
-0.045978416260964224,0.8534697670335069,-0.0796536164714014,AM
-0.04930218929605376,0.6001707241018407,0.30421013657121415,AM
-0.0515682782800814,1.047859415330829,0.27524200596082493,AM
-0.048039336794304256,-0.15708180063611712,-0.17189009861341492,CE
-0.07102482912026557,0.16945504620070428,-0.04655751267696077,CE
-0.05172510141018978,-0.1245261495412735,-0.3750301564469679,CE
-0.038575147334614764,0.2155196262035504,0.17824075129406713,BA
-0.10102032783899398,0.05597926774190128,-0.32642916451490017,MT
-0.04218449576661768,0.25620441357509793,-0.3526588289664181,MT
-0.04550743524868981,0.12394199247865202,-0.43521639607341467,MT
-0.013075293290172837,-0.12919192538170793,-0.21469023218413322,MT
-0.030022897560221376,0.21640951913286577,-0.02101643893637685,MT
-0.03342775384783505,0.16132014514998813,-0.25031788599082994,MT
-0.05522100172807504,0.22165175591074718,-0.6002493742289534,MT
-0.026721683519991605,0.2988553730499061,-1.0051118976086881,MT
-0.049113627780587796,0.22314355131420976,0.07557166695976751,MT
-0.024760781899437225,0.09379106397500857,-0.48762267690939487,MT
-0.03534098879928184,0.0926191929808664,-0.39579001568545563,MT
-0.0432167608049832,0.29687878320145533,-0.2115837449500994,MT
-0.07990211598397559,-0.36373275885577994,-0.3926223132241501,MT
-0.04371338903308741,0.371397227044469,-0.33888509436276715,MT
-0.039403984658843906,-0.1061838998130315,-0.9189107101205524,MT
-0.024016633346907144,0.3039185914994215,-0.6044472136485515,MT
-0.016757084835466885,0.030536723860081702,-1.1287281678273144,MT
-0.07219019883409782,0.17932468763912873,0.09712489223360847,MT
-0.04286174017017481,0.20494284666736334,-0.10968935024014805,MT
-0.04177408752405728,0.20009515587791882,-0.8158986673303585,MT
-0.0560810296128004,0.13548430634056988,-0.4104601078739294,MT
-0.04858663161200338,0.26646649394029487,-0.23322717132166518,MT
-0.029809174928950726,0.22892831398244318,-0.7612295718001408,MT
-0.0614743972901612,-0.1646567206141493,-0.12937054337960535,MT
-0.03924378761634732,0.47914629522702695,-0.7989984932246355,PR
-0.05268717241905622,0.06432555127200203,-0.7628741559105688,PR
-0.047211497926462426,-0.18412034951847356,-0.2983258929291273,CE
-0.09046304240599466,0.401145446963648,-0.22641345361201207,GO
-0.09217285765192317,0.2399354139840946,0.11255455242932164,MS
-0.023516794573677825,0.26847911900950994,-0.07136765098194957,MT
-0.05508471534220024,-0.18394512203520377,0.23148753777869463,GO
-0.019647955810716818,0.1988372841766665,-0.6948363668073863,MT
-0.042333552452608746,0.4054651081081644,-0.4708312781029018,GO
-0.05009028731661571,-0.02080650053287155,-0.5563269250077746,GO
-0.019281897605612164,0.16856675555829104,-0.12188198345265389,MT
-0.09293635260119262,0.1804471419996044,-0.35864902327778586,SC
-0.06570294619895448,-0.249965082508773,-0.5971983813586068,SC
-0.047617482833800115,0.23901690047049992,0.2534818182102547,PR
-0.09910757613038934,0.0532128854643602,-0.36956109906492124,PR
-0.060256777658112645,0.03082746379525951,-0.003678229435122536,SC
-0.05976544878056876,0.013351333174864196,-1.1146685590872758,SC
-0.137436099235648,0.05272872774836046,-0.2865770768547699,SC
-0.06263684100369106,0.22038323672610924,0.03264977052047119,PR
-0.018783215280779315,-0.5634939723330744,-0.6282902518682895,SC
-0.04729533936515529,0.0034071583216143558,-0.2525076034612413,SC
-0.013002538139360972,0.292082147244145,-0.9241545499122696,PR
-0.043183301096043424,0.021127546425875277,-0.4825992316660594,SC
-0.07905017062404462,0.19575518433581585,-0.7445720642450745,PR
-0.11322395513296975,-0.019752155383788272,-0.01181741622140741,SC
-0.07610588253651217,0.0130720815673527,-0.9412859218745244,SC
-0.05104105118515245,-0.03627340678683487,-0.00868183010814676,SC
-0.1292700983624817,0.10286553144877436,-0.45611948238970323,SC
-0.03420599226849046,0.26426179824368246,-0.7498927151698938,PR
-0.043421427215468426,0.10035514231875682,-0.37644167820140667,PR
-0.08071195265476439,0.32473694523919394,-0.6564505351997248,PR
-0.03239746736711153,0.3684524939233505,0.3549627480188455,SC
-0.13007914484815766,-0.027797951361031754,-0.2571910080986928,SC
-0.05022525740412871,0.1325187343101363,-0.8972937608441572,SC
-0.04936143160265267,0.3184537311185346,-0.08374174219224553,GO
-0.008753731116231348,0.1899551816490257,-0.21453352812385887,GO
-0.05541742232427784,0.11962775431743264,0.07230505244491864,MS
