bartik,dlemp,dlcov,uf
0.1670226079960993,0.2725027055416669,0.2898517207692486,RO
0.12331219438902982,-0.06693251124790899,0.6517603363933039,RO
0.19486684553351846,0.2890261055433809,-0.32636089755180775,RO
0.17671525364465215,0.2466184611287616,0.19986594398180796,RO
0.12071667685436856,0.5424088099418249,0.06483175370939129,RO
0.20760079160038544,0.17052295053728203,0.15113768973413375,RO
0.45065027283568426,-0.05265668995815202,-0.06486766340482007,RO
0.23334764840426678,0.3379150069901116,0.09805513889214867,RO
0.08162128711328956,0.5725792402088242,0.3859852550786184,RO
0.2112593376197866,0.2011945299424377,-0.36905347884257,RO
0.09279889687099513,0.33522922838161595,-0.24782793217519128,RO
0.15776765922338498,0.4579991556564174,0.01684726355720875,RO
0.06252907636685415,0.4796704559861952,0.33194944461114645,RO
0.16741748243607363,0.2729806942796476,-0.1562523883250409,RO
0.21674246348422685,0.4772908426794199,-0.12922041386491298,RO
0.14049226854242364,0.18039743858863838,0.2205007091572736,RO
0.17952334803457745,0.2446315358512181,0.10518792747721738,RO
0.10879551998260621,0.3725696751223603,-0.281782949583468,RO
0.11410960463271552,0.10296959999405318,0.3868474768094596,RO
0.0837345155588172,-0.12429771667757719,-0.07440346795561023,RO
0.2282096882060149,0.19364012363545127,-0.5154923988025666,RO
0.10349905945810808,0.13165838215000059,0.3843717048026661,RO
0.2449693563976348,0.28205017771245006,-0.4614950700897537,RO
0.13918373827290068,0.5149898177667613,0.3486669451474612,RR
0.11537068202738333,0.3672299755630202,0.1558830050186586,RO
0.17141662613599123,0.8823891801984737,0.46037354681956183,RR
0.1921706110767624,0.3204978258586004,-0.6294378556396001,RO
0.061190533050447804,0.2421114540210208,-0.20816328364724496,GO
0.020781450147610344,1.357127468134598,-0.14196934789937693,RR
0.09697330706214964,0.08538025155278063,-0.12447233748913422,RO
0.051394652823385935,1.3492444025120642,0.4280610869816124,RR
0.07395371645984525,0.008168867753795871,-0.12300167949910949,RO
0.13518064896075294,0.6915736161125148,-0.092482932821522,RR
0.06830689197676887,0.3541157614799109,-0.3908050926879626,RO
0.040658918957161554,-0.00924505814405105,0.024295447820959933,RR
0.19184695673771054,0.285903842591611,-0.03108193032755906,RO
0.18553544383707157,0.5442387550648331,0.36501103361654513,PA
0.11169501495281453,0.29185550767699187,-0.28729332990128664,RO
0.021043498127098086,0.25926954744427844,0.25721169718108,PA
0.07325664625880708,-0.07466152876901964,-0.07879276003430907,RO
0.07649992725588745,0.6676651439220787,-0.09615887540576086,PA
0.15260248332314694,0.34783219841115187,-0.5669564723737329,RO
0.18075809613640964,0.30057605962863626,-0.15985462992059676,RO
-0.002827077589740956,0.9882471740754266,0.15444467007405824,PA
0.015473773174309959,-0.2970133998806652,0.5238373542569894,GO
0.041908673847446815,0.34787723323520325,0.1811086613590248,PA
0.036779217464783936,0.2375169688481174,0.434344656581628,GO
0.04853437861467338,0.5812248130961422,0.2054307826283579,PA
0.414705755416323,0.207097799641802,0.6049970753633144,GO
0.1782133271758784,0.31696334698954115,0.5816797803329172,PA
0.06462347058596853,0.409348608134562,0.15267434632340893,GO
0.0996827457901326,0.4453254574013733,-0.061690046694140195,PA
0.04389687107789039,0.3599501176834956,0.46746338502225865,GO
0.05113149147132828,-0.05342983199507949,-0.08179249380157695,PA
0.033951253117670444,0.3924610236849577,0.320388748924975,GO
0.058642774890670685,-0.05141319127636985,0.7815207655124023,PA
0.03329388779967838,0.030583423372080185,0.2174678892261224,GO
0.04261650777501208,0.37054884300193647,0.3723297517171034,PA
0.039791943732052006,0.23397295324441877,0.5168856551696157,PA
0.03885746306283708,-0.057629112836636416,0.20102942160159507,GO
0.029319906418394315,0.07325449807468118,0.4056761433950702,PA
0.03715818720138881,0.540639886476417,0.24968910454535304,GO
0.042073541373888065,0.30135282534412833,0.508110277688796,PA
0.06800768989121934,0.37322561911997315,0.12344746947258602,GO
0.15018650513982848,1.2554547601610795,0.5965900503816279,AP
0.07630408606390805,0.022884293833587806,-0.23662875062118163,GO
0.08199984164445147,1.0147308046874077,0.0614109609897448,TO
0.0973541661662349,0.3289286872328022,0.6578621877063074,GO
0.024273170943481068,0.3447747638376295,0.04061233203179745,TO
0.0863459896508741,-0.14577714168376182,-0.17529831380363256,GO
0.03356571704455226,-0.1384023228591192,0.2569524536569756,TO
0.14908459612273248,0.8299799168857164,0.440900706587248,GO
0.03991361546598591,0.6494427463252161,0.1471296189557192,TO
0.028808396491890997,0.2585346762543931,0.12252205313878255,GO
0.04102350669269126,0.20067069546215124,0.08803240153899858,TO
0.09459132357830587,0.18924199963852834,0.5007741352232364,GO
0.038505103769619096,-0.07498580688456263,0.24982329331064307,TO
0.0826256319200168,0.5405435729800999,-0.3562270455274704,GO
0.07226254694066554,0.34228620648663277,-0.1425663691127492,TO
0.12339803140932866,0.5111272374012135,0.4333644064116954,GO
0.036835569860896346,0.4175134466243388,0.204055919623662,TO
0.04065297398641689,0.33774693405321343,0.015615354545238078,GO
0.35280249503768835,-0.005860822636982835,-0.0038336470269102977,MT
0.04314885826875921,0.34864277224146806,-0.1940028897831048,TO
0.023562272694433208,0.5497634914924111,0.08721635320835869,MT
0.08058501656258178,1.4579862895760072,0.10838708844148559,TO
0.05535533874209696,0.17782042391316297,0.39096066106139554,TO
0.06443263364178604,0.2880794497667657,0.09243096586052482,MT
0.02931221790898195,0.9179287338783935,-0.5132410339505667,TO
0.09602429554532803,0.9099357399917778,0.3176899175969597,MT
0.04225824915922008,-0.13005312824819779,-0.40590798376136056,TO
0.014860648286030297,0.16579225484274404,0.022115095948764468,MT
0.04214144044634999,0.2568048338873416,-9.559540144790263e-05,TO
0.04947250455323726,0.10184920357138155,-0.5842304762778908,MT
0.07034944475174387,0.058268908123975824,0.18613330918896026,TO
0.21024061589156737,0.577861025102149,-0.23812982242476866,MT
0.12975217300828745,0.7442913881041335,0.22364286502514513,AC
0.10734372548133941,0.7786995440444514,0.0291024513159736,MA
0.1351054160278795,0.4891301506883253,0.24431705953658087,AC
0.04421630358575462,1.199964782928397,0.343858502950184,MA
0.06812656010783481,0.18884373606243302,0.3957052809809065,AC
0.04114162751055816,0.5740391148965276,0.29815464683357495,MA
0.22777498922347547,0.36772478012531734,0.2666573128050069,MT
0.040713293340804965,0.4607092794033956,0.5914377740895371,MA
0.16939998275888768,0.49375771525384266,0.096465327609871,AC
0.04462963111641826,0.13503628380394292,0.28341912520108453,MA
0.05295521016910992,0.3601172881297051,0.35083411119898567,MT
0.22731169555115766,0.5075366388905331,0.1027151010737532,MT
0.041249841009680606,0.010221554071538009,0.16648069491335032,MA
0.1650933836636829,0.41273786743724417,0.3500501968831316,MT
0.04346316453389962,-0.20912930793939805,0.34708115235049475,MA
0.12416873260277365,0.29644637044536915,-0.25886488578489386,MT
0.06465457881501044,0.861395010142238,0.06614054141897205,MA
0.18548607221039412,0.7028255937118617,-0.17783910942424372,MT
0.04774015357155913,0.145889273471123,0.06510196678825966,MA
0.19773501420799755,0.6467325112511968,-0.08613002922865837,MT
0.04214621173422929,-0.561607159320348,0.3720652613018195,MA
0.06670751377208407,0.9072613251547609,0.06058960849348857,MT
0.04690767463276896,0.6618888901110603,0.13124029658365033,MA
0.09721214992020627,0.6875761355104899,-0.09404089639971887,MT
0.03667648942880046,0.8602012652231116,0.3892054637971192,MA
0.10454084305485505,0.938313777985138,-0.35553018507827683,MT
0.038010739531806906,0.17114825619582946,0.024681058380214765,MA
0.03786888085973482,0.8976949232491084,0.43231905392053066,MT
0.06780331814594373,1.0362788400888525,0.3497902886081609,MA
0.036729418468119966,0.16857400678836332,0.40280345163763687,MT
0.03237928822939313,-0.010515343999523008,0.23643091589739845,MA
0.03936849894022024,0.21759183684670205,0.39850304274659654,MT
0.041282988010099775,0.17384692980298233,0.6026480370495958,MA
0.18454219534773306,0.261510368829535,0.5206171354547929,AC
0.044406138968666214,0.4829549673481817,0.20525190044475428,MA
0.03359053931191877,0.5844863318734622,0.4636966185271869,MS
0.13134479121665968,0.08439900516204288,0.2415348145881739,MS
0.060991837916406125,0.5771482666970632,0.4871995675122448,AC
0.041761544199059336,1.040914063748926,0.485342798695425,MA
0.07959578733214753,0.46729237589035966,0.45666843487991743,AC
0.15783965156926694,0.8970593699462676,0.44589054417972535,MA
0.10810942587375542,0.3899488930164076,0.3696951633492434,AC
0.03222527168956235,0.05218575317057025,0.3619784898618968,MA
0.09244022347672368,0.6796638302226583,0.3293491916059612,AC
0.038375786642761235,0.796030227093587,0.06769853364808436,MA
0.39394646669821565,0.730622923278648,0.34697376430953414,AC
0.039775104811738356,0.28090238546640217,0.3645648387649661,AC
0.04291335550225159,-0.15709185841807458,0.010006960734848355,MA
0.03630634137785008,0.561917284923702,0.24103309140606802,MA
0.08262210327216188,0.11542390199713232,0.17732547826277723,MS
0.03970361073898118,0.3853076506831841,0.13343851347777583,MA
0.032843969334204526,0.2366049008227981,0.11058218236385131,MS
0.04793301268719769,0.5374104575770522,0.09596017722689236,MS
0.04199986374886057,-0.32799760963024077,0.11962415777277373,MA
0.039768081793629874,-0.20649191772176764,-0.36869501431995294,TO
0.03157935177178578,0.20110145144555092,0.07940400336763784,TO
0.04714184571857299,0.41125551224286877,0.1827781402244084,MA
0.0437111708192104,0.00833338155914424,0.09783780870707515,TO
0.1362321250944745,0.36772478012531734,0.10380035970741355,MA
0.05207602996052493,0.17390635986867004,0.12556031817982083,TO
0.03647715545886253,-0.34876976443161906,0.2522401366496831,MA
0.03863218837666892,0.7002923879645896,-0.015365335317300234,TO
0.06275244275035428,0.5363255343738893,0.19053963885043707,MA
0.033042626905508465,-0.0548478004996687,0.4076080382721992,TO
0.03703121583989085,-0.05155780966485001,-0.08430349825660238,TO
0.03456718039894609,0.7710075023322177,0.20525397697119027,TO
0.03896362341320407,-0.11720716463557396,-0.243021220920464,MA
0.04303522074220074,-0.07340572493385117,0.3851157185233332,TO
0.03913591438648938,0.28696548338492917,0.3239217076042085,MA
0.047203007979354436,0.32850406697203605,0.10946777357269016,TO
0.04297176961103326,0.5498596129900579,0.21880732174117035,MA
0.07370314069174747,-0.03851567208061519,0.3260146958734507,TO
0.04513766614153614,0.26188931789005204,0.38183506764958125,MA
0.023384098018626356,0.1723927033733751,-0.05846588780177599,TO
0.03583653143748726,1.5000140023190176,0.22863222332239352,MA
0.03179053002596284,0.6418538861723947,0.12076355753083477,TO
0.053394459162164794,0.0770081010669589,0.3287684851813159,MA
0.09097398829635987,-0.027461679941387894,0.5353193738315334,TO
0.04091500241990498,1.2296405510745139,-0.015882405874079457,MA
0.035145786971788155,0.09503549225967771,-0.3131504345487872,TO
0.03162364252670738,1.1760780443071404,0.17632612320662452,MA
0.05229821092931719,0.15489251962389064,-0.30272738411231864,TO
0.03930284165372958,0.0825504030490045,-0.22303664553339386,MA
0.050343361736599465,1.273113266396876,0.13336124658209284,TO
0.0393803133929544,-0.4265185173059967,0.05955750501836844,MA
0.04040477567658924,0.06466130338341276,0.08291861841601604,TO
0.04734024064882506,0.28227957416843247,0.2513156107631847,AM
0.04368380660548026,-0.2407201329679046,0.6476024904731262,AM
0.03861157731098581,0.23607730009877803,0.27173144781186687,MA
0.04124113388360087,0.7570683074066742,0.20323949833089272,AM
0.04999964009189719,0.5494220197458797,0.3142771590077469,MA
0.04904546090438137,0.9363669195604964,0.9523587648367349,AM
0.03923834662552539,-0.0038022859497385706,0.5130298189397702,MA
0.036706213192324,0.04695698308777108,0.5616110022343622,AM
0.059194602454533285,-0.033140392502304335,0.16540901555010254,MA
0.04317023229271415,0.1346568851462572,0.33706997526960963,AM
0.03793705230104842,-0.14058195062118944,0.4744212724413688,MA
0.04735854842034022,1.0012253814876004,0.3781407466395289,AM
0.04130366373203004,-0.08274760518423648,0.6309442295264317,MA
0.05794798734048218,0.9049192197531927,0.11821581416540701,AM
0.04039896876960311,0.5397993911812775,0.14080333563443595,MA
0.04740158845985239,0.5761949167383339,0.6769264487413423,AM
0.16628574267214372,0.26559254014519434,0.23151597846083036,MA
0.06314209522280288,0.2519729729211036,-0.1552919511617885,MA
0.04099744711843792,0.5489528816684387,0.3672741110382402,AM
0.040793826242828686,0.4802663211908627,0.057220796739573705,MA
0.04097942512304799,1.5535591332570613,0.29257592267074245,AM
0.07010939838978288,0.3834169708864019,0.10895340237300194,MA
0.057249409488473124,0.9743996964851572,0.5620061134508941,AM
0.04512126114990077,0.309910250054515,0.44968270492884355,MA
0.04320495552086393,0.9613695654905521,0.5389461172731901,AM
0.043330639918829315,0.5609625894858014,0.20313578247881292,MA
0.05134552045246277,0.19756136791529336,0.32878975355603907,AM
0.05087997943229941,0.7126249875195162,0.3585304307905065,MA
0.043320409960328446,0.4188201304554919,0.4548014932731875,AM
0.04118959868444105,0.3931485147025774,0.5406138203223936,AM
0.04146562297886809,0.5594053723638941,0.07402821080773168,MA
0.11124707859464934,0.47945758681601086,0.5063468393385729,AM
0.04141056469653,0.35179820709943965,0.15474587071287274,MA
0.062315827475605996,-0.2719337154836418,0.5572349689550797,AM
0.04250314859618889,0.18369235892773336,-0.06686980876103135,MA
0.04117358746320138,0.526744095203671,0.4622068250152829,AM
0.13752251050610573,-0.3495638028612303,0.41973426389717167,AM
0.04226586421404633,0.46262352194811296,0.08100053554443884,MA
0.0204296500840268,0.9481478058187748,0.29105974127189077,AM
0.0417897038625259,1.2494705760062792,0.6496438150155754,AM
0.04030435129081488,0.18403829541300915,0.4239489188613866,MA
0.04078693703160827,0.5678632573654399,0.4463587286415074,MA
0.04332184517310932,0.012917899375090459,0.6363545727471354,AM
0.05370817014584011,0.10491348838171871,-0.038745763734564426,MA
0.1364264921044198,1.0109352824093927,0.5272022970153301,AM
0.1368327246174989,0.12565557316708734,0.5126395879016004,AM
0.09048459271621494,0.5204344828726275,0.309260846237415,MA
0.14359174313654582,0.7249854530772152,0.3726859845709204,AM
0.07667846261285272,-0.17407621247676774,-0.11408304788810704,MA
0.04106471362442449,1.2577992700604075,0.4783531060690539,AM
0.03634670994072715,0.06899287148695142,0.25552511782466975,MA
0.0480701057512542,0.07788086703136383,0.47436833141960266,AM
0.04301591647898805,0.868595858066138,0.11121430436832913,MA
0.04132163969255446,1.1351745421613852,0.35794147723783704,AM
0.04157730548830628,0.4106599249852684,0.5285872359636085,MA
0.0518044189311662,0.009950330853168092,0.1274486485458891,PI
0.0536891725079641,0.9498101089718627,0.38471922505760864,AM
0.039203883097830586,0.48319567602332125,0.21771695676961172,PI
0.08612467875611209,0.21883865735274674,0.6392960853078417,AM
0.04003455381477037,-0.07676401621183815,0.004293728607563021,PI
0.04227777439552587,0.5142568945569312,0.28844482826696805,AM
0.03552320539368102,-0.2395822776573696,0.08906896976340585,PI
0.04062339346222942,1.4424782743142608,-0.05485628720863003,AM
0.04302992654016906,0.0620724286423777,0.10290930600126034,PI
0.0427745553025973,0.8605853266776643,0.7616387031955162,AM
0.13761302629871972,0.6875133628416893,0.033421926759602726,PI
0.0448155621412417,0.17386842108289632,0.3540742974159787,AM
0.040291940013396386,0.35709152382394865,0.11022240319099903,PI
0.03896505649931984,-0.34814004148889505,0.4518252884585469,PI
0.18205630295224567,1.1056275715379549,0.45505248228846495,AM
0.041503068302285236,-0.3051956549444893,0.3152877896493611,PI
0.04969434180312221,0.21027955456878802,0.14747380828759302,AM
0.036001856860654664,0.3624477230244736,0.1809610883049852,PI
0.04314625136763032,-0.48471447976230486,0.39893091923687307,AM
0.0440191893534171,0.5920510636885765,-0.043608739102775226,PI
0.04098188809790727,1.1742676499120202,0.4542134193891731,AM
0.03767606743870789,1.0204740843589666,-0.08635979473607419,PI
0.07727183994494115,0.8689857324758218,0.40268748103490365,AM
0.03596949351245473,0.9994411002063253,0.23162014057074976,PI
0.04435071417218778,0.2972515234679317,0.5123765874267534,AM
-0.003850074899085995,-0.1274933703732724,0.06013677206447985,PI
0.03962695971080118,0.755624122515332,0.6787548946161543,AM
0.15355989488051994,-0.10784852120640745,0.36292552408754064,PI
0.04307320987019407,1.222789076125412,0.3160206010679604,PI
0.041664170106362024,1.222940707032747,0.12830633234326128,AM
0.03903999406939814,0.23493150706625202,0.08974634698297998,PI
0.04065120436969994,0.8114642616228799,0.543649973179348,AM
0.03933334149979,1.112796923660066,0.3956334274821534,PI
0.14858740682162003,0.43728599298038917,0.0797724368422061,RR
0.048147400496173304,-0.1325981214415241,0.3065590939107493,PI
0.07317537690466279,-0.013325454597149396,0.26131526803494515,RR
0.040392385432444444,0.06262342320147157,0.09079846960081547,PI
0.04257961861474932,0.7230001437096264,0.06735748494730939,RR
0.03998454881434144,-0.09278173345096621,-0.06477987386682706,PI
0.02963633163951676,0.9834740575156031,0.567434009967256,RR
0.02329885460484144,0.5890204713510474,0.2184659403345429,PI
0.13182009653705856,0.5777578468339174,0.4535380615081267,RR
0.045048101481131295,1.4289750922347713,0.14901631521943534,PI
0.04214066613396391,1.0052661029484449,0.5236547995653194,RR
0.04107704150453354,0.6972039812555598,0.336695961007861,PI
0.08185330941970802,0.7051644925639626,0.15592064630012692,RR
0.038172127522989464,-0.11332868530700312,0.28522238077322026,PI
0.06113973518938927,0.31052834130295076,0.39304484963973596,RR
0.041310581352915765,0.20504980787151075,0.1448599200078671,PI
0.1284321618193173,0.4265185173059967,0.05955780423744401,TO
0.06667841388476378,0.24846135929849972,0.30940484745106445,PI
0.03763778586431532,-0.2616098321420057,0.266653449885921,TO
0.0417409548905107,0.3402829747989588,0.22484171014506946,PI
0.042615171544295526,0.6978977833185431,0.22984130981280698,TO
0.03239775077340719,-0.14118644404054392,0.4777906766902792,PI
0.03502673574925699,0.13562417329765314,-0.28129049641588777,TO
0.041121933209653884,0.03902934390573529,0.07267990468106161,PI
0.14641399837775784,0.6220091527266057,-0.20858829167754211,TO
0.039988757352801024,-0.06826797112900286,0.24479317252406008,PI
0.03409145257908028,0.32510847797089787,-0.09133594487205139,TO
0.038266661370292575,0.49247648509779424,0.19927870659961502,PI
0.03098239449184675,0.2324459439765233,0.38579972933255735,TO
0.03988534161833485,0.6387955047293672,0.045049520693094945,PI
0.04555851128200798,0.3755434282431152,0.25494822619767155,TO
0.03968097823649568,0.8704470422541692,0.5742507628265863,PI
0.03522924750668131,0.2858421455297737,-0.2589230378140912,TO
0.05221440116941016,0.47274711519148643,0.07110477115481162,PI
0.0019194527304389046,0.14052442811549323,-0.3513309007915814,TO
0.03782916455333751,-0.026995504342011638,0.16689179449150585,PI
0.034329156095480595,-0.14705341795649662,0.23120800166172334,TO
0.051046143324911045,0.9594151585079098,0.2239615567285189,PI
0.2299750818598092,0.17544867750619267,0.6388607178559145,TO
0.04434718982028508,-0.3027199498163214,0.27259800663526895,PI
0.042406381187871586,-0.18571714579509283,0.19363169796797916,TO
0.04160278372752397,-0.019858808649603286,0.04246554523813678,PI
0.03848086829355975,0.12361395596717663,0.05956738423647699,PI
0.04269414993441835,0.2393634951809732,-0.023733664803711065,TO
0.04235705931288608,-0.21110557275473077,0.24583841786172503,PI
0.04535504663577765,0.4452283412801775,-0.193184685899461,TO
0.03614487296668175,0.7578122119133851,0.2796116095492933,PI
0.0951371846990285,-0.31696926472356973,-0.42460419179181974,TO
0.04151241734002725,0.010471299867295437,0.15466345553592223,PI
0.05106829196543939,0.36329018305745153,-0.17798214889921307,TO
0.033341991050421745,-0.07112000965299517,-0.1247007032305552,PI
0.022577932733332744,0.2510685770196801,0.34793182648264537,TO
0.04720947727442,0.2590141775822091,0.08043860771516768,PI
0.024358691837429815,0.22555029134477478,0.3704046869135308,TO
0.046007435795052884,-0.049761509559063825,0.3402950853866883,PI
0.04238965219891145,0.8458894094501456,-0.10814154994829406,TO
0.03689526131033805,1.061340893870878,0.11426196506527912,PI
0.04603765306712249,0.3800184424470001,-0.0970386879048035,TO
0.04178567758658681,0.4230867094579839,0.09917962020053549,PI
0.040243135673744684,0.9796603458067443,-0.3019693437174,TO
0.04110285680736949,-0.15634607039069398,0.2296477619559246,PI
0.03103571448900306,-0.070874339586657,-0.1649915646867784,TO
0.03161605358684938,0.22512179132631546,0.3846762996291015,PI
0.05269308848513819,0.7913069450321895,0.2541371944358277,TO
0.04260728901430672,0.5334591092866945,0.3512701986326675,PI
0.1508920919801421,0.5415834977902143,0.1871435309819033,PA
0.07366646038244933,-0.16636262417233766,0.3297587678561901,PA
0.031538657924868825,0.2394799706339032,0.6361124343016951,PI
0.3632943026024252,-0.16655009473229662,0.4748743963023937,PA
0.033021454730593126,-0.00743497848751809,0.1983913148895802,PI
0.220100391047535,-0.004140792666031388,0.505537669257455,PA
0.04158987180622256,0.8865855774602392,0.4114621765697924,PI
0.03733607963326691,0.35082126868727176,0.22768331515425996,PI
0.04374209667368654,0.6359887667199967,0.3719584701552629,PA
0.037920983695511744,0.7959270496242801,0.420130152436764,PI
0.10169731566425007,0.5797558954845409,0.11043183955372643,PA
0.15948869394176446,0.22616927223074682,0.20701967701455035,PI
0.014085557949050222,0.06611265720155328,0.11330758195844669,PA
0.044822357466772815,0.6521157838820828,0.30263140167058955,PI
0.0340342475687446,0.1216802947964743,0.21454596021273306,PA
0.08718275952535433,-0.2923174881328864,0.6662882691904011,PA
0.03779010955492821,-0.0730251350148899,0.0721929130800408,PI
0.06459438651730051,0.1789307088257452,0.36192262219538995,PA
0.0444618478879038,-0.1466034741918754,-0.03224868999180215,PI
0.058681936160207206,0.09025567528244632,0.2707353567211341,PA
0.12730864223011668,0.22873602853263714,0.4879390099175446,PA
0.041799411069703134,0.18369235892773336,0.19763092136403657,PI
0.16929692064240498,0.2546015759763098,-0.14879647141092311,PA
0.040690279121528276,0.9640553027412526,0.057297358928548814,PI
0.19019312016201972,-0.03269333342870858,0.19863609627691897,PA
0.07987970397697416,0.06613980250454499,0.18967598421510487,PI
0.10467079386945966,0.41075496697053065,0.5060969578143434,PA
0.04138396393119418,-0.25671984684781396,0.096374764825413,PI
0.04670085565510274,0.4991141839936402,0.35491209131770163,PA
0.045660760143984576,0.009389740349839137,0.14307332259274358,PI
0.12359217275746665,-0.3984062552685397,0.4398209973205731,PA
0.04149650695972815,0.22314355131420976,-0.0483284332012826,PI
0.1584642669130701,1.2812644786275826,0.10412863490617447,PA
0.04961339877459237,0.795168794952257,-0.06874684277204142,PI
0.11415524298239332,0.5596157879354227,0.22774794573257018,PI
-0.002232726779641322,0.831733343846092,0.36397181506209003,RN
0.04814226719341765,-0.3667146152562866,0.4851046366906411,PA
0.04040615627986521,0.29634013519489544,0.239826494967445,RN
0.2003451838566223,0.33613418580073284,0.2586945019949222,PA
0.03939372704981094,-0.5372768098531603,0.038626590162394864,RN
0.04798886874994746,0.3288524383394332,0.3698176394916378,PA
0.031686395007457714,0.15673132642074986,0.13443306719352158,RN
0.07474092925424074,0.24237991260467867,-0.05182128472546563,PA
0.03820085743711923,0.3033356130317846,0.13408105985071275,RN
0.045043284491612066,0.6671395227474133,0.39537455083346434,PA
0.07780439665827935,0.16771020961289057,0.3586647264073249,RN
0.04363387678912118,-0.25720518165746376,0.1826054778670372,PA
0.08936995540002358,1.4864945262184073,0.4325788538373214,RN
0.11967133567605606,0.6576305382566788,0.23117618854290642,PA
0.02664067344891655,0.24480504809538922,0.19251548358738094,RN
0.20185754786607607,0.04070530913858921,0.6231720353848178,PA
0.059548557283375554,0.6292633239302075,0.10801407173244706,RN
0.47826266411641377,0.49953620979886393,0.5727503471779221,PA
0.05987939074953922,0.6562325312286099,0.36064253459888457,RN
0.014533373683064217,0.20370627325681778,0.6982381732055803,PA
0.04880087885414908,0.10429611960203962,0.144362190166122,RN
0.14612381489858225,0.22485103075823026,0.36951884872433954,PA
0.04513743045651648,0.0021119332031435513,0.25011229269177754,RN
0.23720366250853125,0.46002492919583937,0.48852090273872256,PA
0.030151797637951488,-0.2808226629008878,0.44538750135438576,RN
0.09631778480350116,-0.17268533004408076,0.431396389360282,PA
0.03872963120138716,0.2603899301637735,0.3736047871249904,RN
0.031208819391828922,0.5626832750032845,0.14392098245382867,PB
0.08228590225616021,-0.04135985422689184,0.4834245243923435,PA
0.03878891745610222,0.07852476311231096,0.12233171619720581,PB
0.14139390499336588,0.4179953017246826,0.19823294253372026,PA
0.04103738116945772,-0.032203140494634706,0.23082839730076693,PB
0.05328885878120037,1.2666362430757003,0.29271003366213694,PA
0.05725199770092552,0.381147800457458,0.42504719897759946,PB
0.20481199957680363,0.2981967563525756,0.08075586846251934,PA
0.01717368520555186,0.1667570402528431,0.395474700477284,PB
0.0323902692321963,0.2821724166408113,0.5098056164544459,PA
0.04533613439603004,-0.08129474239324669,0.48569968600728064,PB
0.04234049490549393,0.3571626298786591,0.5650777771138523,PA
0.04393059676699265,0.049433457855173744,0.11436375477293152,PB
0.19357131540536837,0.31947860639308623,-0.3201134141597724,PA
0.04968561206742675,-0.1410199867661749,0.5001570379069284,PB
0.04070488093800918,0.5371898155077379,0.11274254554148057,PB
0.04595437796189546,0.2956123281277584,0.40316056710728604,PA
0.036993938355656945,0.27221215067964916,0.12775004513320326,PB
0.20803782079718747,0.3496470487053603,0.5127987579855104,PA
0.043344309545147106,0.022264370497399506,0.4008983267521675,PB
0.04158346072562568,1.0020006539896016,0.4822491601201195,PA
0.043132445877982144,-0.3928333612022637,0.521591538448563,PB
0.06858573592576366,0.0770457904899653,0.2326960562996839,PA
0.04583802498045846,0.3333702566232089,0.4365685155019986,PB
0.06717022291345615,-0.15903743590348599,0.3116578898935053,PA
0.043926097729213985,0.2795848622191615,0.33884975901836023,PB
0.06364559802441218,0.13967445713823656,0.28735033670720517,PA
0.04294162515776934,0.05253733352788162,0.2790537251747494,PB
0.0403176045082206,0.5721246376271315,0.4201988481659468,PA
0.12548199242606278,-0.34633458488134194,0.30656003166760143,PB
0.1443693611934288,0.7265430380574449,0.11557330820974855,PA
0.06318758441249875,0.8586616190375187,0.15855785355176397,PB
0.05491517362306759,-0.02765153133051001,0.28084051635234514,PA
0.03445043294614172,-0.2205154289079402,0.2861608366733293,PB
0.22823931054668428,-0.1619618929178997,0.4481975642334662,PA
0.038035193162812495,0.8034952377288107,0.515212572680811,PB
0.07447617523174574,0.11246490614650283,0.1996483506363939,PA
0.04250000942830006,0.05192005717835961,0.2595535450328946,PB
0.04081246780107108,-0.044646364318971635,0.33303966928231027,PA
0.041423773385165424,-0.08872811560868431,0.2505151516630998,PB
0.04024279450575997,1.4430570018118387,0.1879217842494158,PA
0.04191835828006398,0.10754154160418654,0.17700124945559953,PB
0.11309348317372947,0.2980172794431426,0.307179028144436,PA
0.0391354781521564,0.1837824774336294,0.2372999799672885,PB
0.060653052501531995,0.4303757450869846,0.4391635298534969,PA
0.050062780140430294,-0.027587956518829053,0.36304801045722074,PB
0.040737658332931144,1.4364984354734363,0.5192853018232267,PA
0.04127826662226357,0.29615669944275314,0.46316239999964004,PB
0.04750391799440979,-0.17264980921999382,0.4094248714227445,PB
0.15115449915781237,0.6171200049853561,0.29761261475165723,PA
0.04215236930687867,0.09909090264423097,0.06824237278337063,PB
0.06671465489483433,0.33166067962399093,0.1719075057094653,PA
0.0421488317471064,0.0059171770280885185,0.07361438064478731,PB
0.04321309447142298,0.1769815095510472,0.11268947954919961,PA
0.042797789776685705,0.28467274126107156,0.03679896723290421,PB
0.05164302257447694,0.8117216685726404,0.1960153374202978,PA
0.04112447440538373,0.44518151932066985,0.20111340351058324,PB
0.08686332035636887,0.08608082852767725,0.3694091941203833,PA
0.04005117365427964,0.31303366364919544,0.13894138513424925,PB
0.05621634189452308,-0.06597681313746873,0.5305188787732876,PA
0.04157362703164146,0.23031204079282225,0.28032150319542304,PB
0.13401529308735624,0.2740818628246317,0.30991661068861176,PA
0.0426317120643095,0.15556410762440526,0.15299881868009438,PB
0.07881494231165716,0.7760816307148778,0.3253428142921651,PA
0.0410568546688814,0.7713119534092816,0.42649661677819317,PB
0.20227689811036703,0.37829552381758835,0.03045135912806173,PA
0.04129390017274839,0.34639787642118286,0.18519087386548103,PB
0.04347256059556226,0.3052684569538568,0.014698447657269308,PA
0.04104312164720709,-0.11267316250411287,0.47775290796796716,PB
0.10885104570756034,-0.2486226366151946,0.15058267509463708,PB
0.043946947865376354,-0.008596765965992383,0.3414818104999079,PA
0.04281987942940857,-0.18282801413574998,0.17777950011748156,PB
0.07318115813834475,0.7358642854401559,0.26554448208005865,PA
0.03858272809440094,-0.08062973440010919,0.30915293170456093,PB
0.042360013976921525,0.8115554116102471,0.43655572112932606,PA
0.07515863086358363,0.7932391790818286,0.19021316577156727,PA
0.04444199778641378,-0.11020314013361424,-0.013203600068406523,PB
0.058616660708033105,0.4564271434717928,0.4725328879307935,PA
0.05096630626651612,1.4350845252893227,0.1372134068435639,PB
0.0396639627978467,0.44279493844006124,0.5743237401485212,PA
0.04093348633684468,0.5692363859224052,0.20926239361575683,PB
0.04094140362636223,-0.11247798342669033,0.26376816009292986,PB
0.07121921547404968,0.3649989583416833,0.13814475704932297,PA
0.032054072974355446,0.31079421232752946,0.035453368209106856,PB
0.01808134803465193,0.1550994465018439,0.3434880159905275,PB
0.176386067578181,0.45747733144308583,0.3123489251294651,PA
0.16623181898756234,-0.454439112704624,0.465111537110659,PB
0.03547098253986604,0.3546545557044034,0.45329708359557985,PA
0.03911448683992714,-0.1383782846864999,0.5234006291950799,PB
0.049105820650028525,0.5825821478802249,0.40214930527619536,PA
0.04156076372934366,-0.09097177820572676,0.000510803780622608,PB
0.04762760322002699,0.2783705618997118,0.07045659544339228,PA
0.04689937590258054,-0.050858417233490966,0.15069348719639278,PB
0.04755662931330753,0.2481164722455897,0.34053493838762683,PA
0.055472566148161505,0.16728881726469005,0.2931936143705861,PE
0.05589375826701844,0.3752246448287954,0.977574687602417,PA
0.041877935787563096,-0.4994335461306261,0.48755086499247724,PE
0.0665927744224822,-0.06073795552766858,0.4274432450717006,PA
0.0439021682585518,0.3976372794879175,0.25757402536829205,PA
0.0965320485093221,0.2396161269415546,0.2973080486293461,PE
0.1597916673547241,0.5343081216163666,0.1718614915223566,PA
0.22103993393192561,0.3954364616963074,0.39018790548413324,PE
0.04626296092164839,-0.47325061452239925,0.3981106806983625,PA
0.04305163991861882,0.4521222321274497,0.2001817553235555,PE
0.07901691432053776,0.14173338884661316,-0.05203139623338523,PA
0.04522961525086205,0.45002112965839725,0.08832005623213142,PE
0.05276022225661573,0.6378705071609067,0.34923875052834286,PA
0.1954556925052841,0.307205779643156,0.33136787607919116,PE
0.19581943626719409,0.48315254818682474,0.2221835868093181,PA
0.04383110585655638,-0.33068350844496824,0.39518504168320673,AL
0.13168481138580057,0.11499405408751058,0.36089257494638655,PA
0.13109385407179508,-0.022616709696800633,0.4095973244673784,PA
0.07095594679890811,0.12813295209930342,0.4009938262409664,MG
0.08071929324954129,0.39190557832253214,-0.10345557310201067,MG
0.1581594814475769,0.3515942926128498,0.15565227318592517,PA
0.04187929161200502,0.21256144198367288,0.1876624245036294,MG
0.12403832221464567,0.5830435022598847,0.22607415959257418,PA
0.0647309652657394,-0.11031582042219505,0.4360452356699604,MG
0.1791760991538331,0.5071081473658582,0.20861716140498993,PA
0.0450756633165261,0.5380752662133662,0.2216290824514163,MG
0.20665440384989392,-0.3161159390681764,-0.0012243366246371388,PA
0.13965012255647638,0.50860673621461,0.4748131417027228,MG
0.10570885418310519,0.21644276799825118,0.016089835975050808,PA
0.061825977185958156,0.3279776126297901,0.16175034078845224,MG
0.0367991715865372,0.041201840958335484,0.26390484248883284,PA
0.03664918957515112,0.29699342564742537,0.029920394912611673,MG
0.05866339347733858,0.6100586178384005,0.6896451679519391,PA
0.05412224415800455,0.1421306762107094,0.3357455795717873,MG
0.05418129411421824,0.6298744095482143,0.08888383309178083,PA
0.05936272950452739,0.31716209886958496,0.23412775613516323,MG
0.17548663412815182,0.07645780629062787,0.2578350360381837,PA
0.1078235380545042,0.7767934957367804,0.5318752968117153,MG
0.050108629584204006,0.29720126463493113,0.2332350311087748,PA
0.04487329606861907,0.05164658886216676,0.48564385444630487,MG
0.10401470107754311,0.6836484284020375,0.26549150988960246,PA
0.04118237790036917,0.6500276034573622,0.4160400854687307,MG
0.06534335349815232,0.5783404804500689,0.5483421938540116,PA
0.04480442948847096,0.28768207245178085,0.34393623367838533,MG
0.11876412119803606,0.2786281400739482,0.2900996609412453,PA
0.036057038389478,0.13980216197417467,-0.041568720583990824,MG
0.07179284213048613,0.26929986445373133,0.39349670407804627,PA
0.040961180368208866,0.2643529956499656,-0.7289467520602918,MG
0.1419267571336435,0.4791589324702466,0.5720254202053077,PA
0.0355990742058867,0.21121170845994297,0.19885990098124437,MG
0.10064953358271087,0.45583546749711407,0.35018609186175215,PA
0.024752260926737244,0.25793359705100627,0.34703655267999883,MG
0.03135047049527833,0.7363058484921333,-0.08653311187258277,PA
0.07108300587881684,0.3792168820332281,0.29397966596587477,MG
0.08446377661754699,-0.06886612074212116,0.6717276225362903,AP
0.22921517802441688,0.38070335476447675,0.8457466612829934,MG
0.07960418168508983,0.9312536045508675,0.3341693587610515,AP
0.08806575580832085,-0.009259325412796712,0.4348724428976544,MG
0.17000013107824588,0.18721178153916182,0.8890289941686134,AP
0.031176236302093516,0.3122076146215817,-0.049468800431701716,MG
0.03897004108609337,0.45481611553661044,0.5625157587080201,AP
0.05120459655777814,0.5165533145093152,0.05833238427452773,MG
0.08252143921327819,1.514875342123062,0.883051768982008,AP
0.04396235511201567,0.0672087496934501,0.2743059670600674,MG
0.04564962674754961,0.11934675763256623,0.04480417943443269,MG
0.06012713502574934,0.20963417892467767,0.5732890329926452,AP
0.045166464106692845,0.41241440640137034,-0.07905580989192229,MG
0.16718438278595427,0.26179905813469384,0.49584059448829704,AP
0.04539865106934682,0.4066506447022661,0.02971102067648427,MG
-0.004935698933535765,0.0983527785004216,0.5721611845206588,AP
0.04582318156574685,0.5211495071076265,0.10737837172107775,MG
0.06896561231655143,0.42796997471583953,0.13941094479475102,PA
0.06350943915823597,0.5013852299869037,0.5684535705270884,MG
0.064370141161984,0.3056756374997935,0.2398164578067106,MG
0.2617645385360327,0.2174430736132526,0.5334226189209659,PA
0.04064191217757986,0.1479616574535514,0.15435200949081415,MG
0.07633979668500189,0.11033086189068836,0.3694757522760807,PA
0.040310199459203964,0.21322909425703127,0.13330017011728015,MG
0.24212897106232137,-0.07212340700402531,0.3838227361136463,PA
0.08615496473998926,0.11339898654784904,0.32899247634110246,MG
0.07386493545827323,-0.18978825815049166,0.5114568814992877,PA
0.04299962968948018,-0.15082288973458366,0.0256953709786211,MG
0.050918560556818745,0.07633473128499972,-0.15368749879937738,PA
0.04832601566223582,-0.32968679922108546,0.030591558910472456,MG
0.2044313882680171,0.7590622387102461,0.2461601127974333,PA
0.05143479489472145,0.1304014996155949,0.3750753474792774,MG
0.20821095505821716,0.1430101365790664,0.4120547928205522,PA
0.05386729318493384,0.3897850537415927,0.3288827635491525,PA
0.041029422409456735,0.7802965171276377,0.10468920964065928,MG
0.07611076590282617,0.14045833549672146,-0.044665914454292265,PA
0.04254773564530703,0.184166575767524,0.09304466380547353,MG
0.10471841481295927,0.20639100057706053,0.7549081316143743,PA
0.08292393598410762,0.6606705918820371,-0.08837466493917728,MG
0.0984313278148441,0.3032044224773163,0.19037022549099605,AC
0.07839505732652383,0.3184537311185346,0.17544863469122593,MG
0.11585651409522281,0.5552240373544437,0.10774999299518447,AC
0.038289645448288404,-0.15762894420358317,0.16727202071252065,MG
0.08690248577081167,0.19624786649214904,0.39856737796918323,AC
0.1927215670508549,0.49513168708574834,0.7562970499767825,MG
0.07292164490452482,0.5681058328682541,0.5322879232247192,AC
0.07543926297589933,0.38080454628621274,0.37641286190281564,MG
0.07887880013508401,0.7582076418353766,0.31178500275319543,AC
0.04210294669807316,0.2402798335571971,-0.09511186152535465,MG
0.040077713300973365,0.5473196821965624,0.17378496988016265,AC
0.03959919910139272,0.08214797160899888,0.2837030601689886,MG
0.04188568700404284,-0.0036341651142195734,0.4179135037384243,AC
0.07862576863051693,0.1008046991219655,0.3624059291102585,MG
0.039573664914248,0.5169824038108607,0.4796257678137052,AC
0.03724919198628024,0.14435495887010374,0.2974689767754181,MG
0.040605776586288625,0.9923900754128022,0.4251622813411122,AC
0.05811995401234294,0.18489149000635657,-0.08460395992639112,MG
0.041107090855120265,0.9886113934537812,0.3646416026474182,AC
0.04260081115436447,0.4409394963018243,0.09724040563909674,MG
0.14567819749482935,0.086694228783616,0.4694927962187507,MG
0.08986126941726119,1.5240780634829436,0.8398974947442082,AP
0.10013640528577153,0.2015686033971306,0.13702730905248303,MG
0.04329890934267817,0.67656305254441,0.37547383622514413,MG
0.042370029796189576,0.9477893989335261,0.9091609801251814,AP
0.022676374003302545,0.4503924497054157,0.6185448677857512,MG
0.08589644189036297,0.13180851101088778,0.8973997958365441,AP
0.042603030351952065,-0.05457316613307961,0.1613519762169392,MG
0.0619990865853242,0.8311162775359618,0.11753337997547275,MG
0.2904368452258985,0.10197723548519542,-0.29455232586204905,RO
0.049241435828928815,-0.031983045853050764,0.37485940745186064,MG
0.05429066971962433,0.11076546299773686,-0.032802992581109386,RO
0.04224464914692193,-0.2236207643989044,-0.1073418017725783,MG
0.05982917870046677,0.2821756101974913,-0.4638621218086619,RO
0.05254779421560062,-0.21941915222322736,0.23047162783435413,MG
0.21815346803294097,0.6241943018742949,0.5823578505046257,RO
0.0348531250815721,0.4099234302498755,0.062187976223768184,MG
0.1101422016830748,0.2626567048848406,-0.2407499445657711,RO
0.06668535871783599,0.20802991350416156,-0.11568399434074789,MG
0.21074454848695617,0.13694283322542292,0.3049778954198504,RO
0.06281697232177713,0.5439039386430264,0.3113514698426647,MG
0.07079960505330543,0.5147464985092273,-0.7238567221764878,RO
0.045030655935921295,0.0899283975580792,0.23780737724447404,MG
0.11650888417396774,0.3931834232622941,-0.4849524652756811,RO
0.040975764101722975,0.3718140051544166,0.1476601380587145,MG
0.035361275881204246,0.2778539835155184,-0.2935039158679753,RO
0.037614973955454926,0.263263545103635,0.15017283348765909,MG
0.061634852117059935,0.40442937523463235,-0.23194417406692028,RO
0.05838011831775077,0.1190092773796277,0.013019910298577504,MG
0.1957161740163328,0.4200191758078093,0.10185705495519208,RO
0.1005741293287564,0.09711469157218383,-0.018525877455894037,MG
0.10231956072494215,0.18489998538189906,-0.24991481970329035,RO
0.039323011755668026,0.23285236544117066,0.2253717774395,MG
0.13886280335499268,0.23132021175145526,-0.5597552726151108,RO
0.0388486583896655,0.1464980056477709,-0.00020496915700032813,MG
0.0770651022603625,0.3283005874718936,0.5385353888229852,MG
0.042436391016274735,-0.017960713726432032,0.36543932490523817,MA
0.048460900282083746,0.16034265007517948,-0.03874613344405796,MG
0.08347986181923094,0.11195328751431928,0.0024129412987214265,MA
0.04667040295899686,0.15678295299757963,0.5912502581053612,MG
0.04205652288152287,0.010850016024065844,0.7750039927344131,MA
0.04444669431823634,0.1388364448542159,0.33878271990952635,MG
0.04294494652668971,0.7836678377222476,0.14464549444240554,MA
0.04813758067708768,0.3364722366212129,-0.2964065406400214,MG
0.05447916089127849,0.6073157447101643,0.08193440243846056,MA
0.039630363254732806,0.42172562897994464,0.031026791862973493,MG
0.06194916603180053,-0.055290463013019965,0.2977123669160946,MA
0.04118364187587412,-0.010118130165584667,0.20414220293714588,MG
0.06447290791614813,0.5764122531642727,0.5135993512457292,MA
0.04086190575489473,0.7485769854992761,0.2583615662361605,MG
0.044375456734119495,0.14634008756512562,0.18704669498949855,MA
0.042693337162751664,-0.023784905023442066,0.11986125106268843,MG
0.07156944270191305,0.5045136100230964,0.039112291513282105,MA
0.04149529376503062,0.06856267143729668,-0.08865527474948208,MG
0.04904665073254347,0.5011903117823185,0.40685550262351733,MA
0.08671741700243481,0.5733876049226516,0.6646969661624809,MG
0.2669506390893079,0.3364211784404048,0.2660432645125403,MA
0.06127405188707778,0.22516800112187613,0.712087131176637,MG
0.04196809518655945,0.3239152411440567,0.18518844368295087,MA
0.05358995055910582,-0.24765811707779564,-0.25907672622756805,MG
0.12173064953195309,0.43662730778067665,0.2628374726678503,MA
0.05984765471063083,0.19105523676270922,0.4995269115188069,MG
0.16549004484404425,0.8923729143511534,0.19164827122163652,MA
0.15645252134188561,0.5100512841496123,0.9602664714781586,MG
0.11210100085209257,0.8902955909137742,0.13866249550644286,MA
0.050988392848327756,-0.04052998108556222,0.2718684675960189,MG
0.08626549109268596,1.233733362785658,0.17901772599293433,MA
0.04666044602624381,0.03660974561256102,0.17612311476456133,MG
0.03943833455186746,0.3730836986051245,0.08166630844069328,MA
0.04239062473700502,0.10361226346429686,0.025848213427326978,MG
0.044437112491565275,0.17918042789309369,0.19935550544284358,MA
0.05547318514112855,-0.36025276528661637,0.3393320110327366,MG
0.06431528295666972,0.059837260633742693,0.02731948488158659,MA
0.05864347687078447,0.40917568750470007,0.40210016621184297,MG
0.04124445851297862,0.9427823473211314,0.30584318609188393,MA
0.08352103278509733,0.23938111244589333,0.3559451871785282,MG
0.09769443071978355,0.3984170984502992,0.3781015957992812,MA
0.04193007094461288,0.20426967106919308,0.03275445151265696,MG
0.08714421301349183,0.05066585744678561,0.5824819761402267,MG
0.040692701888838126,0.03690455693545098,0.5514003474765409,MA
0.04057617107738661,0.23421999492160603,0.10946420584473156,MG
0.0458777899423105,0.3459881214697422,0.280691530178592,MA
0.03707154988275119,0.2173543303097248,0.4570056993218042,MG
0.04048706092955472,0.5102004283720722,-0.22952190043434093,MA
0.0173911008420101,0.6026154815755796,0.4142522689540447,MG
0.03532260762996415,0.07169848207289381,0.1849891802331811,MA
0.08148315512720469,0.5111366173931279,0.1444773967642763,MG
0.04622438159167589,0.2009617950930548,0.5104264021212228,MA
0.07299162976869092,-0.012945164592036963,0.027138115691975696,MG
0.2439185767168294,0.29431742477818484,-0.3413212656158848,MA
0.013563067277759721,0.04982265439421271,-0.09705541170030926,ES
0.038936463073229406,0.12635079154966214,0.25888475931695365,MA
0.11419871570141879,0.7507535227388502,0.49450629208508307,ES
0.1005991376616033,0.3164610370018244,0.4425342185521778,MA
0.03337512721401219,0.08185406798248507,0.2648119896369381,ES
0.10707914096905917,0.49484495177764065,0.059317715730440215,MA
0.23793583265340365,-0.051719743729463086,-0.11000180550823237,ES
0.0691114393972811,-0.2044385550541688,0.34511962945042063,MA
0.05283975757435015,0.40832336651763207,-0.042689866197007334,ES
0.06847993410678627,0.6031823503800925,0.1938310182699065,MA
0.06588257470384978,0.5180092068002324,0.36877420142139383,ES
0.09105014000630443,0.447622303077279,-0.05950213329905718,MA
0.13040056275580023,0.4501916057640939,0.5065225791816753,RJ
0.08315046112280362,0.32355481188171503,0.3943737892327032,MA
0.07554041322871866,-0.039800124744846836,0.7459855206531851,RJ
0.12892536536798607,-0.2082033578641368,0.13682981603938718,MA
0.1398043964242674,0.6012448420811268,0.41704535826609374,RJ
0.052112987826165844,1.2404778017007903,0.5166570405796205,MA
0.11427533467749147,0.36309392660108,0.4707970199368293,RJ
0.07150229524994513,0.6959288235218221,0.05015729704678385,MA
0.19985657635769294,0.3025820615745228,0.34154102390934515,RJ
0.04442125898688535,0.63775271842818,0.25566972170954966,MA
0.26960271629680677,-0.5879236605869692,0.536461132830407,RJ
0.044278176920047735,0.09161331792299875,0.1709860332415812,MA
0.076798395622235,0.16350840076886547,0.25012433290004316,RJ
0.012856320123750044,0.3769361290785544,0.3374847295150363,MA
0.057188135624082655,0.039050514871873034,-0.034121292455101766,RJ
0.04694798277003178,0.14323416808590775,0.16777405859686312,MA
0.26647283125958415,0.2598843580420484,0.9805314001978617,RJ
0.033048433041551306,-0.04189094170916014,0.004547800917307552,MA
0.07652581339662527,0.1714758512912249,0.45151927763033,RJ
0.04399195374827842,0.013445580709351118,0.04413007067367574,MA
0.039545775101261685,0.23288614751302839,0.18127991186840897,SP
0.038146612258944036,-0.2772730565370453,0.03773051854440776,MA
0.06291878515277363,-0.07433333811826888,0.20359963001804712,MA
0.09437384796308276,0.48061978170892483,0.3276964267904913,SP
0.04019471422803783,0.016360283105206853,0.0830318980377464,MA
0.06298967667891563,0.21345824557974613,0.6132914237188847,SP
0.04612684914196131,-0.2233103430750834,0.20674774218557349,MA
0.04220527523999526,0.5586565552479624,0.4120273428420226,MA
0.05733553466252196,0.5405806594798236,0.3795334445556526,SP
0.036427547087750936,0.21877567249413243,0.27080529543868564,MA
0.22406838591708958,0.45876481072843606,0.40116513036309925,SP
0.22384822347110125,0.1842230713732657,0.32068116731638546,MA
0.06357609755875208,0.476728128129655,0.32948543040520756,SP
0.04042404830108238,0.6235920617991377,-0.03541858021124504,MA
0.13952684770680138,0.5032973573451991,0.8758892768346684,SP
0.09970186069098379,0.11990265791051326,0.35070371985439014,MA
0.1671735935172931,-0.0725141188551903,-0.01432686089212204,SP
0.03808221235930807,-0.025075940768211766,-0.02584628158142865,MA
0.034935519052475036,0.7397614957847048,0.35480927175578275,SP
0.010197942922551207,0.652561900444867,0.7032841613707068,SP
0.0784299630834017,0.18239533303066224,0.19677330852778793,MA
0.12093296345906887,0.2834319821710149,0.7561953618030731,SP
0.042450393527166404,0.22036962443148458,0.0629800329670776,MA
0.060601660619120715,0.3485448178554822,0.9445831881787032,SP
0.03546503614113771,-0.13856118483006374,0.1452678991355917,MA
0.04393988594355715,0.31812309795301635,0.24378630063331538,SP
0.027688872482366053,0.6146755651184501,-0.14229027034434996,SP
0.026781177012317584,0.4101904565345907,0.16651094137618724,MA
0.08565642742133642,0.24303179871404218,0.24978682461883628,SP
0.03885771297290732,0.24640041347847694,0.5222828306874782,MA
0.03255006915058912,0.3278638620846127,0.014841123797747302,SP
0.038885924293859245,-0.030305349495328922,0.35976921311049237,MA
0.06396043519539513,-0.07969770163250857,0.264962202944548,MA
0.07433403952927978,0.20359895524123955,0.044713645510657145,SP
0.04535609110627159,-0.06674997053759672,0.28757607625583353,MA
0.13425539331076,0.28504006298894236,-0.08953601862073332,PR
0.058406000027776975,0.16432588677304896,0.13822425012831285,MA
0.06942895817085018,0.15906469462968728,-0.38605576791277635,PR
0.04333041811199244,0.729542990174639,0.35124193864092546,MA
0.049294688807507564,0.24649978248536558,-0.46622272867602643,PR
0.038669910052734666,0.2707938544232592,0.5436340738603517,MA
0.09571852583035673,0.5396683180236589,0.39219706949040695,PR
0.046500949686168844,-0.13592316606799304,0.29811034750765675,MA
0.0458970497015241,0.7031258806098416,-0.1654927691728321,PR
0.05251934485637062,0.12260232209233228,0.14772912344210687,MA
0.10762797710771628,0.3749104397861918,-0.20581879276351317,PR
0.04932800622027038,-0.4950150177393484,0.36258659324965453,MA
0.23402045153942014,0.3342802833402618,0.4931957685459744,PR
0.038501973172581014,1.13599982073973,0.20922961019049108,MA
0.2273888353242702,0.144681333921557,0.4220335626998718,PR
0.4394308335619265,0.03938865336696013,0.5824368082164223,PR
0.07383000911599523,0.1406178218435051,0.01478666640977072,PR
0.19037618296865993,0.7624612855864404,0.06623466000599273,MA
0.11283567475066052,-0.21868920096482944,0.1228154204945009,PR
0.04001167973969666,0.3133298941186653,0.2291730085377137,MA
0.1104960504782657,0.5433234757839878,0.1941651468753297,PR
0.05081846462174254,0.3002925800437106,0.3973770371869247,MA
0.13719395329553324,0.3293134559275946,0.18249451721620688,PR
0.04928064883483742,0.4288668750154881,-0.033538263953592114,MA
0.13660615844753887,0.33242494171527265,0.05580850096178222,PR
0.055018630652219146,0.7999257220632593,0.20047899094434438,MA
0.06872691315796704,0.32149068300559613,0.05844364251856803,PR
0.09041956299571831,0.13233163243261856,-0.07375974397511834,PR
0.14044848299503943,0.2440786054835498,-0.04710364299518811,MA
0.13367748515750433,0.12412076624093261,-0.16082895503332809,PR
0.11167914859504198,-0.23149708417297618,0.37250440216318953,MA
0.04691060517159041,0.48166556899357843,-0.7318774670887295,PR
0.06328636826385946,0.21019457697340665,-0.00019112642540282634,PR
0.042756363737709774,0.6667276175259841,0.260876822460215,MA
0.09276109168919844,-0.5265483656519682,-0.44065151345282444,PR
0.12096936601374716,0.6864307798779652,0.41649638565668523,MA
0.09247618400406332,0.3698898689277727,0.6090909168528735,PR
0.04298063610122436,0.09537379505928455,0.24960535502975398,MA
0.092117438161173,0.5313041551095313,-0.036339733708828745,PR
0.04885316242892338,0.5696787659340435,-0.004630173993264053,MA
0.030218944019849262,0.1437656267796648,0.6672393747283675,PR
0.046744808537736694,0.3441449085328731,0.1413051258338261,MA
0.07244616569277272,0.30530029913421614,-0.3988187329294823,PR
0.080186255449611,0.2031604148428139,0.057271398867339486,MA
0.10105992258432094,0.4196833571104434,-0.10844008747082097,PR
0.11291598615642172,0.533848371915664,-0.13906375316946948,MA
0.12441778142042097,0.1404803332106524,0.30429950198406014,PR
0.03951637572204433,0.02774991295290246,0.26491618970584263,MA
0.0700054597681862,0.13828701585409087,0.06001329903526942,PR
0.03830115772247935,-0.1730383544904055,0.20181347897573676,MA
0.12410924468008865,0.28689361542126335,0.47015792095732595,PR
0.04519450016477597,0.5647971466774202,0.16960700237051277,MA
0.1785633675656755,0.8215283472081522,-0.45200284811140545,SC
0.048524217174203146,0.3902308635363164,-0.018504127129123114,MA
0.10145126867416937,0.4496921515769289,0.4210357762162015,SC
0.23002757965048864,0.3006145766015707,-0.006566868234094667,MA
0.1324883047933512,0.7259686594711959,0.342940437950944,SC
0.09275379526350803,0.5775412261312101,0.03856780879196437,MA
0.11284111675291245,0.8659899933993561,-0.40043924901213374,SC
0.027017767059862748,0.5949735541525749,0.24888589278494325,MA
0.08098117171346841,0.38441169891033206,-0.07714113804914238,SC
0.03730344282672628,0.14805309995913976,0.24619046055745483,MA
0.07004249974592901,0.28483712031954966,-0.3587174205031947,SC
0.04880369887897081,0.29413897216872364,0.17455823567048387,MA
0.13547763433697632,0.2523596334975644,0.4385460248698693,SC
0.09324049076898516,0.20416110040191976,0.2919944915018966,SC
0.0675315041184501,0.6806965386811574,0.3746582342270191,MA
0.08915419592011126,0.3276226213442303,-0.35834655464380355,SC
0.12828471004205297,0.30935366509315293,0.17746292405611638,MA
0.11653611484272429,0.6104554647148319,-0.1596509023589866,SC
0.040470900831183515,0.7780347832305246,0.23991333471052925,MA
0.21300742790816088,0.2560938491435628,-0.3393741063462236,SC
0.06296764772555055,0.5449312362525016,-0.04179800281770815,MA
0.08516451717777779,0.4717793029884134,0.3850152230604999,MA
0.11014620549921517,0.604148916367898,-0.17760031110956237,SC
0.05395638793036102,0.7794810835338255,0.10740070294383505,MA
0.06994828951194457,0.14842000511827322,-0.004218580821225406,SC
0.048706728978295644,0.6462917632784401,0.011132860127493325,MA
0.21891517555914006,1.0353728305321925,0.1842404912859035,SC
0.04277044930521157,0.7750643030278321,0.4227212768647489,MA
0.07335505698270418,0.19791207302307143,-0.012748125827934921,SC
0.11624945598999434,0.32821335954465025,0.2423385830715328,MA
0.06964568554437764,0.5962973545700276,0.45397562092838745,SC
0.18257722332432444,0.2361609475090636,0.38962719385574046,MA
0.06828829272491145,0.21313368806509697,0.1269696732019783,MA
0.11961630842854612,0.7231794676588204,0.039874704861553895,SC
0.09728756954440351,0.1385294301234705,0.1562938914555261,MA
0.06797761803428025,0.533128252364255,0.44028227376525825,MA
0.03934350717258909,0.24713597805743107,0.12404817018574468,MA
0.027861696571095333,0.3189558651988818,-0.314039449070202,SC
0.03833290693767024,0.734070435775948,0.3542013765566207,MA
0.1657851169363852,0.385293749244385,0.5543832669244066,SC
0.030064105088751975,0.6931471805599453,-0.08674613823754902,MA
0.03873484381214081,0.4738204277724364,-0.2955072109142798,SC
0.053054109036879654,1.2892145242905695,-0.01568476396536025,MA
0.12212236702066563,0.4355995060233556,0.1904478505636755,MA
0.06375509219568853,0.8744148113824649,0.18060776690651525,MA
0.05733203602138506,0.34032580593720296,-0.48008932515298797,SC
0.041319058308263885,0.12097176035207449,0.31373333516536345,MA
0.07101289258197699,0.011403266383959058,0.47482005043467224,MA
0.19058759291749316,0.5484580710647695,0.2707668542077214,SC
0.05995929850643971,0.29376111852816317,0.40495952512395816,MA
0.05939054324988152,0.47282450558737693,-0.6627107267903216,SC
0.050639954073802895,0.705213348580796,0.1368123125944927,MA
0.04302487453523628,-0.09623906548158305,0.9203934124354347,SC
0.1166700801596872,0.9224799647172182,0.33571460783689516,MA
0.058659346094616545,0.22099069795310872,0.2915705747491954,SC
0.04848486732715666,0.11716556110758873,0.11155857566127661,MA
0.04967781237380439,0.5883639130936315,-0.03461296873619268,MA
0.07937155795196525,0.1188132201505011,0.5431077754933701,RS
0.05456448537437255,0.6726686492164047,0.3286339360320035,RS
0.16258694911156837,0.45055236543869637,0.2205808530114966,MA
0.08187324683521006,0.1964753042320484,0.9119044415161113,RS
0.19812180659828146,0.46972078381887467,0.9501686006169409,RS
0.09606886152149725,0.15248547511891292,-0.13653455792831332,MA
0.18140195817107105,0.17254253802042024,0.2060629819735716,RS
0.0825526037348962,0.15288405521206536,0.21891658648557585,MA
0.04066829842054843,0.8390860557021035,0.7159226968407801,AM
0.056935203908217,-0.10663012678329686,-0.13585698619631478,RS
0.04008433694756597,-0.3656692809432213,0.49431038621586154,AM
0.10547548674663221,0.5598379361091675,-0.064021697475662,RS
0.0894691143318809,0.1842689770783503,0.051994033631611494,AM
0.3177219601359358,0.4105802087749348,-0.20716458375455649,RS
0.14670046084049787,-0.24724680689548342,0.10427872050708223,AL
0.21526960624583924,0.07169192845611648,-0.004030002368686195,RS
0.17768010963368555,0.22938857173962177,0.37725694726577164,SC
0.028258525970626367,0.39425765508777527,0.04834882265665551,RS
0.054130632079731,0.012724289664374073,-0.47100094378885815,RO
0.10036324539450248,-0.14252264183213925,0.46039891893031415,RS
0.08699595211941752,0.6203348250849777,-0.33429361903407717,RO
0.19083618679989084,-0.11394425934921772,0.10193349986322366,RS
0.0547449108360493,0.15313120782541279,-0.40327740046115773,RO
0.11096769086403147,0.2902560764469537,0.14587195849530132,RS
0.10153280865237425,0.1918120344635687,0.4271537897528997,RS
0.061614431176476164,1.0940119355290485,0.29813821642655963,CE
0.41294997268875955,0.1892810506977933,0.8578836947225421,RS
0.09119802694942881,1.1393435761267579,0.05901360663200756,CE
0.08310571896105304,0.0,-0.20031001015616703,RS
0.045084721568782175,0.7352900414823987,0.007948988001597688,CE
0.016161661382205768,-0.02298951822469872,0.4718730464402262,RS
0.054716181867010716,0.3427234779199001,0.13720118530109565,CE
0.08107991456855396,0.9166576370332885,-0.3766543083549737,RS
0.08709457430582535,0.9610130938242615,0.017646260272332417,CE
0.033025446119317056,0.40193153552685323,0.7333192328595575,RS
0.04091832980820811,-0.5437634084151004,0.21331289718690546,CE
0.04065492921273463,0.4501071889188571,0.6668379137690146,RS
0.03837938840413846,0.08629581345283606,0.10967293249908161,PI
0.04301837245195243,0.41985384556026406,-0.14357525125679182,RS
0.1801214292024858,-0.10015832847054276,0.5148829554231685,RS
0.04378844640738297,0.3062011202190184,0.5631175055714235,PI
0.033109865282225266,0.6623755218931916,-0.13912562155100205,RS
0.043623577374833,0.0749013081731177,0.08517010469317972,PI
0.03565674264901971,0.3279241887302143,0.7302282441803557,RS
0.1535069602249439,0.28682200531353125,0.3729270699615637,PI
0.09227037792388834,0.4049652330665133,-0.5247181360634708,RS
0.10292204177169378,0.34809733595069203,0.220340041304248,PI
0.07554457999490062,0.4272643364507487,-0.4459301857375948,RS
0.038135758023416004,0.5468414114146181,-0.09753145610612353,PI
0.12989524979157838,0.47714368337921226,0.22088652059735045,RS
0.04637834066496937,0.11139631755594916,0.18146627107640453,PI
0.07301541343800685,0.17114825619582946,0.005392905203795892,RS
0.05529922452621301,0.2677053793741207,0.407290413848213,PI
0.16806854967082654,-0.3228721918481732,-0.6304433499179446,RS
0.066419180882069,0.3062011202190184,-0.026365167959731674,PI
0.04887828049941811,0.26469255422708216,-0.6786340811932559,RS
0.021149658880519576,0.7118977299053213,0.09207826160757286,PI
0.1504165793664174,0.3190113001321431,0.893726679831175,RS
0.04808113481648735,-0.04190249165400934,0.21199587351096408,PI
0.08939702782275952,0.2845908798821081,0.1745716828871998,RS
0.02832237984080535,-0.19354308153791902,0.09482028355566638,PI
0.18665583779143283,0.17140787691502093,-0.1927746860797486,RS
0.04918885663498615,-0.03802739558923925,0.14717248839200187,PI
0.09687367680138094,0.44320543609101143,-0.4695691299992735,RS
0.08986668126293484,0.4044984574770694,0.5197103418357798,PI
0.04821655655188766,0.26301594256158717,-0.09353238777498135,RS
0.02232683410938399,0.29626581614317243,0.28652663614607865,PI
0.16686989239679992,0.2924326752103787,0.3282065436992711,RS
0.10827704592701887,0.09394658750187229,0.37164400473693554,PI
0.16375136482188224,0.16893998809812324,0.28301928298793505,RS
0.04811652641508893,0.13506044491020056,0.08747001881182413,PI
0.1402017504113326,0.2605550369159827,-0.50198950262399,RS
0.05086584963456915,0.07395976911528829,0.1259071032597551,PI
0.051999180622944716,0.5841232529529783,-0.1748712970400346,MT
0.034687244141264645,-0.05453287902025007,0.2875366997251064,PI
0.03882235986179224,0.09316524256400813,0.20048457095798158,PI
0.31463472566148365,0.30310309544659464,0.9749044098797173,MT
0.1326757885536412,0.5982876620219794,0.3019730802312639,PI
0.05148745519317551,0.7018881311144546,0.7021597422341053,MT
0.03955547011620906,0.5821346514707725,0.1798589004107452,PI
0.045232607135179216,0.4128600997913226,0.015346611005843063,MT
0.03881624770300619,0.8193648978273468,0.27848215777378443,PI
0.10735079544156437,0.4910626508559792,-0.5681441050721056,MT
0.11498254734930681,0.23513576402221179,0.46230478593383734,PI
0.06252583256765247,0.48211782673650966,0.13796960970205924,MT
0.08653940067832443,0.4828353671204525,0.24389947758322036,PI
0.0721498809673203,0.6006330383091636,0.026736903394612144,MT
0.05502239003327848,0.4536404106924986,0.3276801387443437,PI
0.3503321476860292,0.6366635631017021,0.3083481950759624,MT
0.21415625134307523,0.29210858664477585,0.6235194119231192,GO
0.19695274558669149,0.11280843904537764,0.14905327057683573,PI
0.1557941318767946,0.6733579895188128,0.26322832951002856,GO
0.057184571063732266,0.3876624045584564,0.10791040474165975,PI
0.0385723591453104,0.35065687161316933,0.028064154669145164,GO
0.03905945472391296,-0.15415067982725836,0.2569980823593506,PI
0.021979320156192514,0.3208288121655966,0.41309873296323546,GO
0.1937043093989946,0.9218800041441421,0.08639780872621429,PI
0.17300772296874406,0.3892782865747026,0.23756979626178884,GO
0.042168857248772056,0.46508961444330643,-0.011760760173850311,PI
0.06537066007291083,-0.08979599911671475,0.38800588673639586,GO
0.07661657981665433,0.6508494490809728,0.3054027995176974,PI
0.04311628563690462,0.4912319298655894,0.13072487243599543,GO
0.06173941254183356,0.3144709417591975,0.14718507383983157,PI
0.012853391396111817,0.22348076258026128,0.06192828857332208,GO
0.08649838421849873,0.451879777416913,0.28918482961079817,PI
0.20767238079329953,0.4463191790987275,-0.12073151579763501,GO
0.33310397174065076,0.1234648691238144,-0.056442346909409954,PI
0.039197671265863196,0.5682365309793297,0.11130721624871054,GO
0.07554121995117564,0.6060346759977967,-0.12549625727967392,PI
0.05082148423314375,0.9889065576820198,0.6415239021383978,GO
0.04359215902514003,0.05443520655501715,0.3424505375399933,PI
0.020363011256162588,0.18593819726414307,0.10857400129154154,GO
0.0853397202195286,0.17760928651132518,0.20621556825770732,PI
0.04731148190529741,-0.24334625863172918,0.13329366347359137,GO
0.04079963210609343,0.12565526894819015,0.19278547730776807,PI
0.06672309468209774,0.11029531594367444,0.7382237859878952,GO
0.21810380244610703,0.35964830207254445,0.1656823214256143,PI
0.022028243102998626,0.8055218742070674,0.0740547300531698,MT
0.039694360148830043,-0.3448404862917295,0.06507152599329699,PI
0.3265384118447958,0.5120954652064665,-0.6153860293836263,MT
0.046195679537087864,0.2841042511038969,0.013710334081179205,PI
0.05935082756077786,0.1859888387836889,0.1674226039938946,MT
0.04857459125142634,0.0352036351929797,-0.07113643048622746,PI
0.07803601003755466,0.40040180615161763,0.09829971260660016,MT
0.06059877849614555,-0.39241503866949545,0.38908531119199447,PI
0.03506064907502272,0.47692407209030935,0.887152618936104,MT
0.051712759129211625,0.3227226810381105,0.28542583512065167,PI
0.12534475295200231,0.6746090595610342,-0.5626671549410609,MT
0.06129615839934565,0.17839227865406507,0.5685412588150397,PI
0.03765026430692453,0.3829922522561057,0.560616538581866,MT
0.03969608572474622,-0.07586575077471348,0.153707629571576,PI
0.18626022583389795,0.10075221257163212,-0.4969273473737058,MT
0.07016574555155927,0.26442029192011646,-0.01746425101596813,PI
0.02221214361641394,0.3566749439387324,0.16726172809619794,MT
0.0634371714813616,0.1138178024603102,0.03494183164928737,PI
0.03254628451992255,0.7248076977857848,0.6549669773727225,MT
0.040865410858533256,0.927700798612186,0.10747270636387139,PI
0.027022249941599796,0.7869978611998165,0.5955695715003634,MT
0.04700654289662284,0.74394407384522,0.10427624968924504,PI
0.03462449531609839,1.1263148912174454,0.019011443998097337,MT
0.07038779431978423,0.16609036186537204,0.11709453253330367,PI
0.04741739223150912,0.18843438494219455,-0.05936279199601266,MT
0.08265471414083497,0.3450973905962896,0.18481973806002994,PI
0.04094974612999924,0.2382020151884113,0.20022508452819993,PI
0.023666373614187445,0.05173567439918889,0.2944665932465471,PI
0.01999322487514974,0.053905264836202414,-0.016483902517067845,PI
0.04113652772435562,-0.6031210289022257,0.3105985129643809,RN
0.27252783322556906,0.3143836531198059,-0.002216618353939851,PI
0.07074489891252121,0.05623524379969246,0.2790858710387821,BA
0.039195575172775166,-0.06995858860691034,0.36887527740329684,PI
0.16505237398333733,0.7959524654914072,0.6818120135180363,BA
0.07931762081867101,-0.19892486703412737,0.09373894563390767,PI
0.15178757138716353,0.12144407129498304,0.1667547046976497,ES
0.05923222663172892,-0.042164159107696754,0.1990365573788567,PI
0.21454479157655068,0.12020656907425124,0.7586545078837258,RJ
0.07067018115719413,0.4682247968762952,0.14301155911297503,RS
0.04083374993388485,0.5877866649021191,0.42396425052673586,PI
0.3677534590711663,0.6176646377430568,-0.28882102473891197,RS
0.04463401106495671,-0.13650316301368007,0.35205698155383114,PI
0.04655588739514851,0.3289858785930166,-0.6066159448550064,RS
0.053727823023460644,0.19972818832357755,0.3468579770350648,PI
0.05746416998217575,0.34361062511100565,-0.22264559185513969,RS
0.029918596121411584,0.7337618997141354,-0.03987268767355964,PI
0.09129870080098271,0.458746474721101,0.1291105123980125,RS
0.0513305866019362,0.1539030631366282,0.009189977369436398,PI
0.0820848282598836,0.33332757994174117,0.0064671427924408295,RS
0.04622760638160078,0.13675893711538914,0.31126528867435277,PI
0.19256333537210432,-0.07145896398214498,-0.22772394795278592,RS
0.03695065470443233,0.42574230054731527,0.09608282179162891,PI
0.14890616746367002,0.6084404830877825,-0.10479023880075783,RS
0.048076446185434274,0.4555554934983495,0.31445860799562786,PI
0.0643224063564149,0.5119299861090438,-0.20438105493549283,RS
0.04437910503414946,0.7115930263506968,0.5300761606608702,PI
0.05143543828335331,0.3364722366212129,0.5613650108484268,RS
0.04048588751856729,0.39412895432182804,-0.01620128704070481,PI
0.12051152205982471,0.4339275727719259,-0.44240271524687697,RS
0.12865161269533784,0.5274333601656512,0.35354412354487375,PI
0.05958917199882737,0.3672925346031347,0.3129302683191159,PI
-0.005287402806358353,0.0408219945202552,0.7317216697662671,RS
0.05851811529745191,1.096910160597579,0.24144036512376196,PI
0.12713985359492228,0.18286965217626974,-0.16374734135755337,RS
0.03551394872199834,0.017910926566530243,0.2738573447376376,PI
0.046227825416534495,0.19329058816452852,-0.07615876157910596,RS
0.012750305438152185,0.24353228783885106,0.01801648408985235,PI
0.06720457064749268,0.27973921893784415,0.04644051173916025,RS
0.04835240851103639,1.561917659817602,0.28534390735847004,PI
0.12355092993146256,0.3910763706560648,-0.06685594071191334,RS
0.04571808090372026,-0.04930576098415407,0.42482904488115614,PI
0.3363870209439163,0.1274449465681203,-0.2789342903309441,RS
0.18062907346397444,0.4550898548133279,0.2721917220765011,PI
0.1124239018554368,0.5824675034245191,-0.6685559119941127,RS
0.09427338746681338,0.36805067225790666,0.23236885926621026,PI
0.14071272628989914,0.17095779814363948,-0.1804055852211106,RS
0.07405094359356863,0.14124546495305898,0.2907728161681648,PI
0.07836378276685371,0.34998595578793584,-0.18549333835681675,RS
0.15962431865542834,0.11022887720903994,0.295641781978433,PI
0.09539056918049466,0.15045381794593218,-0.5103768721179038,RS
0.032566458919801394,1.0084369083358233,0.2898291566349238,PI
0.06049945728812974,0.35493429946094834,-0.2738343551144493,RS
0.0791663146644018,0.3240041616491837,0.11745346043004706,PI
0.06493651064527878,0.20459419240307777,-0.38393125337244793,RS
0.12116629802236542,0.3083978149234605,0.1844006973375652,PI
0.07482593402706667,0.36556389135597844,0.2126046666390229,RS
0.13707448473417957,0.459040324448466,0.9750492613244781,RS
0.03812819454280664,0.1153820741188452,0.41009468449139125,PI
0.1423351062080861,0.10619004702020172,-0.33535073591513576,RS
0.17151431742756462,-0.31118684407315667,0.4413568862514313,PI
0.11750960819654577,0.20985771460255997,-0.37371187107602327,RS
0.07746089411265099,0.1721897578635478,0.5633735969033233,PI
0.06157845289724272,0.822893079704986,0.30334085112874043,MS
0.04385930040306699,-0.01857638557293542,0.4058143995187211,PI
0.038221944658323244,0.8612062904333356,0.17531214968677475,PI
0.1411772202783744,1.4877145395657938,0.2770410546943765,PI
0.03219693180534981,0.8702193814677561,0.23860959116380973,PI
0.07902503085275489,0.5557209436738816,0.8490866783192611,MT
0.03921909789608827,0.45804864958104824,0.4855865217750884,PI
0.29754683415562616,0.4533563958125793,0.12123227888697331,MT
0.12705940528378112,0.13621020483454901,0.4424067853838462,PI
0.036325026011052156,0.7844969591481732,0.4737955060967185,PI
0.04604195174368693,0.3057301423234839,0.06155110508996847,PI
0.039752421993045135,0.024097551579060524,-0.24912432157976233,PI
0.04470100168704894,0.533640301532162,0.42375141130136457,PI
0.03803128863265824,0.12386948171278571,0.23606151405564288,PI
0.03918630968914568,0.143926096421159,0.061140145754040136,PI
0.09198727642350515,0.5821177681631294,0.1409614972065671,PI
0.047115157131032676,0.042232763623272995,0.1764538081060883,PI
0.04748621802325322,0.05288946392037264,-0.0011343153557415938,PI
0.04509794352182,0.11388439524072615,0.0691224249970175,PI
0.06005317243082538,0.6122950839308504,-0.03474996298758038,PI
0.23077090596434996,-0.05385411524922415,0.377414124035286,PI
0.4064664343924331,0.40848421403996543,0.163914853105282,PI
0.06560925584295596,0.6140098600012215,-0.03376335756632308,PI
0.0753948456322702,0.490786168428264,0.10668981265637088,PI
0.2202435185422439,0.1895832127546663,0.24138785055449336,PI
0.08850035712352546,0.5528668924365745,0.21519438080926798,PI
0.10209580269389606,0.5388065491697642,0.3822313581462298,PI
0.11704329927419337,0.27005033933837597,-0.0007841431907042415,PI
0.04549988752185157,0.44393138893596046,0.2895033357471076,PI
0.042584410508174235,0.2727191997750685,0.23937572218817835,PI
0.20106024188046617,-0.41440844848948477,0.4127015487840635,CE
0.026481657194782245,-0.2043106029811177,0.1581438021606396,CE
0.05746401280117553,0.046076458297835715,0.15500650355739104,CE
0.04222171465095004,0.4805638267712867,0.29487423012766345,CE
0.09156435104255217,0.14797146346130027,0.10941784507692039,CE
0.04489286690936697,-0.04467877732776792,0.14864713546958555,CE
0.0440542456858996,0.28226200498244175,0.017896148168853775,CE
0.0393940510991277,-0.3267270320612929,0.05687033889978222,CE
0.30059271243213115,0.3044248399763208,-0.1996232662388633,CE
0.046701039961251585,-0.3295610509358948,0.23160945303640026,CE
0.0717985614698828,-0.28330709881935007,0.12141297100084762,CE
0.047645456999732855,0.16993951525074513,0.24601634274021164,CE
0.042248551864188084,-0.2675560846095379,0.2807406356649572,CE
0.03548124263841787,0.5601467144145786,0.05447769818228349,CE
0.04791342977850581,0.10825165522309788,0.1667400158354669,CE
0.04219052139439601,0.28090238546640217,0.4713953458069705,CE
0.040038820009806755,0.9498304609940064,-0.037545286885733546,CE
0.039978387688015794,-0.24027983355719704,0.009397335048625093,CE
0.04107532501053498,0.13241536259908432,0.12402243712946764,CE
0.039826676312499566,0.09942578013801183,0.06151698720355028,CE
0.027355836627488788,0.36973344675953906,0.36842630986473657,CE
0.3962562908475687,-0.05194243429999139,0.3087357866531027,CE
0.044266696428077165,0.2616848012172975,0.2090637613475688,MA
0.16092645185206753,0.09531017980432493,0.32354068161898747,MA
0.15057898000464345,1.1692831111077446,0.4365647948650765,MA
0.07375542094428003,0.13374753874013767,0.16582764399711258,MA
0.040978519294218245,0.47000362924573563,0.1567079384275469,PI
0.050596237738465014,0.024097551579060524,0.2670566984498846,PI
0.11487196377652878,-0.10426101032440939,0.48867924646871885,PI
0.039643232833556565,0.24419696051204215,0.0004329171435978864,PI
0.04427113052757161,0.3241909815086781,0.2219941406925838,PI
0.04197945705192412,0.5729032542258834,0.20109551926162753,PI
0.042671564460593836,0.22155246108196797,0.16443812181180037,CE
0.09039546676189414,0.6284809373454395,0.13961553795530512,CE
0.10070463657859036,0.10791061504726633,0.14216188604409224,CE
0.044954319699342445,0.23780822471845672,-0.17858989636085015,CE
0.05145861487688826,0.33351729726350166,0.2528694408152228,CE
0.015513579587576262,0.3013197162153116,0.14513602411093246,CE
0.052946705378254265,0.4710623905939776,0.44640484134889713,CE
0.35695670641729915,0.017171682666025916,0.43674739539954366,CE
0.32859789464726674,0.3126459249801973,0.400795400977203,CE
0.15456011812309553,0.22531488449276213,-0.012609703654428242,CE
0.011070464418422125,0.9427209643630673,0.18530908002322927,CE
0.03847893963653546,0.12056467861826033,0.13561674051702363,CE
0.05349467702192032,-0.1904469642378717,0.22903060875450787,CE
0.04012638593543097,-0.41862985519937534,-0.0017343233300267343,CE
0.06662405019407495,-0.02535793559008169,0.28880238972164046,CE
0.24217057056835886,0.8873433467746127,0.06306779339887614,CE
0.04271826472421568,0.2783796797894675,0.2126773247334655,CE
0.4552566952134438,0.454913051440704,-0.051743070251376796,CE
0.049574935660396606,0.1531224021016924,0.23074992249000936,CE
0.17195853804077776,0.27153822408042466,0.3220273496215244,CE
0.06086425308662375,0.49721720821433457,0.24985789911326245,CE
0.0655236978590977,0.13273765588695957,0.09931722510462085,CE
0.11488587072695104,0.021542307390106093,0.06798453840953035,CE
0.16871808302423877,0.8087350086657998,-0.03489634766681928,CE
0.2179108695136775,0.08299835641967125,0.11879606628822606,CE
0.06599107362056825,0.09531017980432493,-0.0300693745145575,CE
0.11959017279943415,0.36418890596592923,0.1632073125904801,CE
0.04631700127576163,0.5196196502885639,0.12630446535951312,CE
0.006232967176645421,0.2872475732053188,0.5499004389280387,CE
0.09255928282525017,0.041055885294330456,-0.008417997785870455,CE
0.0577747190660417,-0.15061085312213424,0.25082163939290686,CE
0.08136534501538659,0.0010368067284403084,0.09628704846786144,CE
0.04915259554021036,0.3142035168298397,0.2391862237912764,CE
0.44031572961376203,0.18215545763237354,0.20607363246909594,CE
0.044042586239223094,-0.6253776388409277,0.594662983531535,CE
0.10052212764731278,0.3538392118379415,0.6393994719859265,CE
0.10842968331118574,0.39552753634425264,0.1551550623469158,CE
0.06353141899583377,-0.15875377620872094,0.09031443311265393,CE
0.04169997944627677,-0.4239271709478999,0.12025620532527011,PI
0.059862210703415256,-0.16202773745414087,0.2747633262859464,CE
0.1818301918511072,0.587371711944507,-0.016162907378354657,CE
0.3760455449666018,-0.032988898280190804,0.2561138069294493,CE
0.03730925536598084,0.06174231501427013,0.04479899581007816,CE
0.2453114369875706,0.14320032439340052,0.5006193506350667,CE
0.043283286334736944,0.03915671520119388,0.47032189807834346,CE
0.06016745371445737,1.031481826586366,0.16223635400316957,CE
0.03978357621499374,-0.22853439994908623,0.21123643183175655,CE
0.04692678271858928,0.4480706351552368,0.10892838584713854,CE
0.12563297286085293,0.11304369029248697,0.02494573309134657,CE
0.09022680156255908,0.661398482245365,0.16246557048615548,CE
0.046788052910165336,0.23180161405732438,0.1569051286769766,CE
0.08246174070615261,0.3381685898693913,0.06300029887103847,CE
0.11631344043241769,-0.20835853057694995,0.12540752546275086,CE
0.26219776508066606,0.1434852048324252,0.19752087592400322,CE
0.057513480039540356,-0.037452806416748925,0.16972518231133107,CE
0.13551902166373053,0.822099676782505,0.14939535467697113,CE
0.15104561282382195,0.45525577261118,0.31602893596426834,CE
0.05549347889502783,0.05471824369435842,0.05406686110081662,CE
0.051839519953585954,0.006764400088542063,0.11954454232224278,CE
0.39513430110052855,-0.11410212777498356,0.279049848178611,CE
0.05340708020851874,-0.01515180502060222,0.10965827525459955,CE
0.3259689678917567,0.5693068686568753,0.05976846452979496,CE
0.041794898317058835,-0.15658451126900563,0.2418453126649986,CE
0.04172635955858245,0.07575422246499537,0.2234088235077651,CE
0.04713137417840586,0.11796368781115173,0.06579633654218538,CE
0.052736433587689466,0.5914429761052296,0.24812532051182695,CE
0.08296283986367298,0.4518268983981914,-0.12200354119181979,CE
0.5063437665638117,0.16662616733026392,0.2782342477243864,CE
0.05850372791847229,-0.42908825387160027,0.09836381431316153,CE
0.040665740420238385,-0.26345477711645665,-0.03184424344424006,CE
0.36826162016418434,0.2610471944295056,0.009540825817129053,CE
0.08980187192358317,0.12676978408150577,0.03309196783223006,CE
0.06806253503292137,-0.08613839570328496,0.02488624514221095,CE
0.10160776955325605,0.4109625505754696,0.17277935870403316,CE
0.24711673611068818,0.1647058990133418,0.3057411360545286,CE
0.06330580933164925,0.22723708801108428,0.34111403877585467,CE
0.039960125815732064,0.6440263832249951,0.3143335911753475,CE
0.06690950003277578,0.07058364533603487,0.2677104450010297,CE
0.046480828443523046,0.9002135122585015,-0.019218235153721022,CE
0.06190256407601919,0.359468241844345,0.05645995710671894,CE
0.05982458777777756,0.31547061334041127,0.1727020879090505,CE
0.060878840681038875,0.8775762196934647,0.19733280986566748,CE
0.07570180132622809,0.2303145793438936,0.17231887306496943,CE
0.07821143629172263,0.9388905637913959,0.21184971196519456,CE
0.2663016979097152,0.38059024348973464,0.012665615146037989,CE
0.03928081307454933,0.420262655418275,0.16084039808776734,CE
0.0308434298000747,0.7735116903279724,0.09727862704700581,CE
0.04769169616195917,-0.538224597954105,0.18177107950642912,CE
0.044439262764959596,0.02710192977779118,0.36388704165427793,CE
0.0406233381285596,-0.04784364256540115,0.08119154265999166,CE
0.0791868554989953,0.6916940439516133,-0.1006867779367888,CE
0.05343969888483144,0.3871543689484588,0.23922263815499997,CE
0.06391582589748807,-0.06138171964439675,0.4437426114344031,CE
0.13669848243871616,0.1431719067447396,0.0398491879435657,CE
0.134664609289578,0.17466693498796124,0.31816830469538426,CE
0.17552754823360012,0.14143902356566346,0.3859245677646,CE
0.04717063836609893,0.5412770034314123,0.21689146259956102,CE
0.04065653630066087,0.9005095498145129,0.21527447136935912,CE
0.03844870906068024,0.066455542127228,0.38009357071258637,CE
0.10865333066939428,0.1160000533465023,0.07858647383646955,CE
0.053546144095030036,0.840141145380359,-0.1355880945425102,CE
0.04143423255929241,-0.14225897464188397,0.276630088840572,CE
0.06051156367258299,0.07656675268085555,0.09918979815191559,CE
0.5570206673058794,0.03679383986934007,0.0027783148524674027,CE
0.005356944474500795,1.5245196458268258,-0.1476166950217954,CE
0.06128767797013185,0.7694221153226751,-0.09621473165600151,CE
0.04048084309355789,0.616796216811642,0.052771400770169494,CE
0.04939857254966057,1.4694507194667066,-0.04640053524428396,CE
0.054938331562633023,0.10942391011508287,0.32106913570751305,CE
0.1987026237845971,0.09216488909487933,0.35994648163483345,CE
0.032023436524000894,0.21974796231307156,-0.14447550767968667,CE
0.1960080543828695,0.22641413161227283,0.24789827909827933,CE
0.06072200236882493,0.6202672571912846,0.001237425497952508,CE
0.3917749977173795,0.01742175709733757,0.14113325760812995,CE
0.04230476892375613,0.26170186656294414,0.08207394027329894,CE
0.061683080841572445,0.001250000162760564,0.2107996402633768,CE
0.04428590377196269,-0.31578757071229857,0.1378347142976848,CE
0.3658140830669541,0.8407150266454729,0.17860704890086126,CE
0.17599371479325213,0.5594896182370112,0.049971941135166585,CE
0.0788703800767356,0.6816084794943956,0.04797170591585527,CE
0.03963304995875688,-0.25951119548508456,0.33270766272643787,CE
0.05242371010705198,0.4684873287277716,0.2151764831100737,CE
0.0520769821638533,0.19377479580745702,0.16214410717358252,CE
0.04508640354861655,1.0021520224805474,-0.16399047976253295,CE
0.09393956042335207,0.04665816580434664,0.19996600246102697,CE
0.050361692339953544,0.5963270894832783,0.0002263081845004683,CE
0.09811967784252378,0.07983543230747149,-0.10120542840818271,CE
0.15067140348977864,0.7754554621705051,0.08855026748075906,CE
0.07413562845485516,0.5020639478846375,0.2831947593101334,CE
0.07317018545223308,0.08948691603187414,0.25275746597205373,CE
0.04184562734007935,0.14788799588423207,0.06547815725574942,CE
0.0423116994583381,0.7310921121240688,-0.021507394310928477,CE
0.06939966683459585,0.0902844276225692,0.14936600210917114,CE
0.07966135440807708,0.37387641884809625,0.2630264629276177,CE
0.34748782580685883,0.1892205948417127,0.3464459951322895,CE
0.047862260903725334,0.5523671537030119,0.2563202569884534,CE
0.05994128579837766,0.9799547448667936,0.07583765019636521,CE
0.09558429038743683,0.4297297301077955,0.12208962338206006,CE
0.013421623554379218,0.05079826649572411,-0.10511935232906945,CE
0.07087218259334971,0.25416237714819456,0.2260888288858636,CE
0.04761702304881078,0.06151280022103422,0.07785115101326166,CE
0.20825151783503937,0.44328680034773826,0.23865736799028428,CE
0.015444157017708866,0.11131291418512161,0.03464029925664199,RN
0.15917845506549344,0.35914866195961054,0.36713873405336866,RN
0.05464474036816584,0.5394130806179033,0.5062263050712607,RN
0.03857349405053882,0.06506359334706187,-0.016416503480400777,RN
0.12585388023621225,-0.21652831219549049,0.034525966523825356,RN
0.02294402784424827,0.22107956709335827,0.18955387026693665,RN
0.35791141184895814,-0.37520882304713654,0.33863975124272516,RN
0.10608176763172596,0.23875144898020073,0.019248969228115944,RN
0.043592446001138624,-0.0681745408357195,0.33798438270542075,RN
0.11997053612059161,0.45194783465943217,0.3034583045684364,RN
0.08044614339556042,-0.009480990668443804,0.33661058332426547,RN
0.19259882537880854,0.4119192417813134,0.20113575085659385,RN
0.09626933799407235,-0.236477082183675,0.08683726817456881,RN
0.04019348963812436,0.41565195341515737,0.2176040901242174,RN
0.04015577639215181,0.19795330248565116,0.42513552773536284,RN
0.04379575358252608,0.027341345604320864,0.23150171607788939,RN
0.0482833812608977,0.4522224561281751,0.0914027017706948,RN
0.0509736504025652,-0.12945806723688683,0.5243137817289503,RN
0.20094474930061557,0.22720329585084534,0.17905946133811834,RN
0.0670662856672735,-0.22078165545174724,0.2642651360010515,RN
0.0727488733504787,-0.047402238894583906,0.17024172783543293,RN
0.0775102021465231,0.04334134082310849,0.2305741478801443,RN
0.033372953934795224,-0.41736456201790495,0.19434125426047286,RN
0.382117533665433,0.24130834119397748,0.07421009881956511,RN
0.0016476014896436282,-0.0242204318937887,-0.0007904491490348522,RN
0.02130779831447977,-0.2660455728584192,0.09429561281880258,RN
0.03948572354259894,-0.04546237407675729,0.09420342127249808,RN
0.0764507253104599,0.23276256739691165,0.12811655649483014,RN
0.1188777052372065,0.3265010910089922,-0.0002200556243277134,RN
0.04095155755800926,0.17761566575654195,0.11648119320691867,RN
0.038989093624328924,0.6229142435288175,0.2588656667466872,RN
0.038361013569607014,0.40409805389663134,0.27580394841791467,RN
0.0455055855370168,1.1289082687704346,0.33048976059969554,RN
0.2309447466417791,0.7532527028894653,0.16797968990092793,RN
0.04434853257349415,-0.2567745349887043,0.31562990794266355,RN
0.07651330429060911,0.29181508603747075,0.12322872176840544,RN
0.027108321169953847,0.7371972156974363,0.13621539112429087,RN
0.1177161331528255,0.5819078143728611,0.21951511440098745,RN
0.04551728002686632,0.44174669005599887,0.18833219384389818,RN
0.048256757831560124,0.30345147580404686,0.4525489799100995,RN
0.07611688614034653,-0.04501855560028369,0.2920437938939561,RN
0.02536518443592155,-0.2862016872813467,0.26625450384152566,RN
0.07112704682823434,-0.310896309778549,-0.04862588935377894,RN
0.042296832793032264,-0.1107851064687389,0.04205362853926348,RN
0.09528210337380337,-0.08780220344444764,0.372473719259036,RN
0.055509811277128715,0.00985229644301164,0.2761972476687492,RN
0.02802508935832898,0.5294229475815802,0.1340150415209652,RN
0.04203691054319227,0.4256052156572826,0.21346513552973445,RN
0.04094334125952032,0.32021171574943263,0.5610101514935812,RN
0.040146910446308214,-0.1777864016285633,0.5084297228195422,RN
0.3737685760156722,0.08887083828178245,0.3890264388152894,RN
0.08106051070015853,0.09441559200051633,-0.27877219035748835,RN
0.0879874121287355,0.5366335077218632,0.3271428290052089,RN
0.038926105479943754,0.6356600896422637,0.36803230831578737,RN
0.041722948634383895,0.036105004642116356,0.23416899378127642,RN
0.07822286801052888,0.5427725300480142,0.14920841459792766,RN
0.014572813857496396,0.3933437475758196,0.45727889343435796,RN
0.04152239447534598,-0.3916129953000128,0.3095341016008927,RN
0.051092890373453985,-0.14787032803970857,0.26796730617790343,RN
0.04494096810592295,-0.2094580982289555,0.41075280915079493,RN
0.011644446017538014,-0.04411553393219413,0.051457328036390464,RN
0.0439346080972984,0.714012319023907,0.6543447120512961,RN
0.08065354298196488,0.25101052309698363,-0.022427310328528884,RN
0.003942860444442423,0.1979774538665076,0.22850938498262924,RN
0.03264454188936325,-0.16126814759612226,0.4804729887802056,RN
0.06024690149583322,0.16451693216044788,0.014443068887709895,RN
0.2909256119313949,0.15112473740271481,0.24842897323182947,RN
0.05035671306239703,-0.28191232132886346,0.1367200721955425,RN
0.03986748418256842,0.05996346476755727,0.18589494036946108,RN
0.07663401288314785,0.36590890891634276,0.051563651350521544,RN
0.10039717226207204,-0.20451728918573892,0.31660741643243256,RN
0.0398121722018078,0.28768207245178085,0.15433375167348343,RN
0.04313430838529024,0.1032530333182615,0.18655596026946664,RN
0.05270107216369377,0.19258858743369886,0.11237459776332534,RN
0.03727746841275405,0.5169606123335067,0.2784059359187067,RN
0.21771862418075064,0.29591325393333506,0.46892003623590756,RN
0.21918411106063226,0.03327556387101695,0.53064207950679,RN
0.05903203856255516,0.2681587981758272,0.19298069832727868,RN
0.1506304947844597,-0.10655116916952508,0.14011039747816714,RN
0.014558961245042114,-0.0759089631853245,0.28551419025587066,RN
0.03529949670466627,0.23171911601660608,0.17557698536589517,RN
0.042187372952933025,-0.1861022796338606,0.5109878824066192,RN
0.014806503297525062,-0.40268346514628756,0.1199724566239235,RN
0.04425352982592076,-0.2464718038051181,0.26745601456042,RN
0.07780740518700018,0.05980349134741511,0.26551303857287933,RN
0.22746099639554612,0.33051602078878184,0.338065137077091,RN
0.05503773920244447,0.29282347195219954,0.3770670018192609,RN
0.12502044757430952,0.005633817718256064,0.20504756200420052,RN
0.1705728567947189,0.48111127420343525,0.2794815503970183,RN
0.03230636323343386,-0.09704578914947083,0.20707069255323057,RN
0.050478907758664024,-0.4795730802618862,0.18901133891281705,RN
0.05300983404379551,0.13507978003065216,0.2467755177796491,RN
0.059602757522694616,0.05406722127027579,0.47427789433575046,RN
0.04802856432249501,-0.2310954741416707,0.2712667519409479,RN
0.045589372458766424,-0.3171479637948101,0.45984737512258145,RN
0.027128796650484233,-0.18010794216564077,0.38879156888378624,RN
0.02441691075731469,0.3044891907681621,0.1721598193516614,RN
0.04905967945083337,0.24664152258151373,0.03298382130493784,RN
0.04838931125439455,0.15487558018520683,0.1938066664059188,RN
0.04910066004472052,0.0,0.16627994609914457,RN
0.043585779861697066,0.7585551049690707,0.15713567657395117,RN
0.03287676667783786,0.665218405034935,0.010124880850050677,RN
0.047617493593105444,-0.13976194237515874,0.21768343185253292,RN
0.11030772186215329,0.14379889528377632,0.10666694255852976,RN
0.01508181262650157,0.4087118642070343,0.0787510734455046,RN
0.0639479298424358,0.2432706056519114,0.00037770136109125334,RN
0.25364462392828446,0.008936609966406975,0.22050354540779973,RN
0.035725159351575796,0.3196886258683913,-0.22095153375072205,RN
0.04263968690850676,-0.10345133738802476,0.35962778298602555,RN
0.13722704152791787,0.08223809823697201,-0.010390949539824484,RN
0.22820987025398543,0.3270969296094323,0.33145924730667103,RN
0.09037553789227099,-0.14077255388108215,0.2445581743666216,RN
0.17914992509840658,0.5938183983365545,0.25774620419430194,RN
0.04623916941108673,-0.08156177222206511,0.24195950707638894,RN
0.09214663269633164,0.29635990722340744,0.21278610579642637,RN
0.06182404706246794,0.28647361309021246,0.25006238303993733,RN
0.02946639281319511,0.22375498514554834,0.174741192511393,RN
0.04592075598923923,-0.19481304468798377,0.5330135291733891,RN
0.0525248460802856,0.04389419355722535,0.24132126637655837,RN
0.04985171891493526,0.19777130230314863,0.04551161617531655,RN
0.04171548052934653,-0.43703157407599896,0.3773993433532883,RN
0.06760022387463493,-0.1759924217423071,0.1923973045349357,RN
0.016181535969701594,0.31561684978333493,0.24942978912554112,RN
0.037399169499315016,-0.05287575204794779,0.328274121316034,RN
0.11783213616546333,0.10562573247412699,0.03221441204442913,RN
0.0397945128009891,-0.18041860664786846,0.23575826294285052,RN
0.08198603993966624,0.23584603720965922,0.20210414622984357,RN
0.05457633084196126,-0.045621946423208354,0.28716069176202386,RN
0.08180688710201714,0.37550692056737234,0.22096238461686835,RN
0.11942415674058302,0.41876596922911363,0.2322388348378319,RN
0.0597984623091922,-0.5698722881026118,0.3240119629652658,RN
0.08514804793367799,0.9761848638240901,0.3694075666013272,RN
0.05328199688336211,-0.03087723856443923,0.19580405735729167,RN
0.03299578821051967,0.6548685860655259,0.0586193369676044,RN
0.07027316136317024,0.40339256850619204,0.30560230758370394,RN
0.04007488652474503,-0.22631312607548876,0.028726553359277526,RN
0.025293413570986002,0.17994086093952263,0.3049071975383678,RN
0.038353650791252476,-0.11307714461897077,0.20818947798848692,RN
0.03990147415843215,0.3853639287870771,0.21368549091226297,RN
0.07203386464902817,-0.28199583330013617,0.1756211791572186,PB
0.038354603879910985,-0.04817154367336589,0.16839971054998618,PB
0.10814383831717259,0.21596318354060745,0.18671558243549408,PB
0.40531743154003425,0.27156828518540377,0.05197553046748348,PB
0.14801965767816078,1.0099953453715702,0.33275292533724776,PB
0.16177781679943057,0.427486256597721,0.07987248070669367,PB
0.10112361042115647,0.2576636559595648,-0.012047973669405717,PB
0.04231318901161544,0.36787413416935566,0.4600027000295059,PB
0.05303882283560103,0.2782033284972371,0.39746026411111635,PB
0.10785433679885831,0.23242366581135207,0.12850528289904128,PB
0.17533331596380947,0.1638728512416214,0.0773314141867431,PB
0.04339571001723325,0.28181382408334893,0.27376487550631434,PB
0.056880832989205474,0.7388604192248982,0.24921345858122995,RN
0.05007588357260934,-0.5564956605991791,0.22218045380833276,PB
0.23190268601873953,0.30834621175472376,0.012562966214079496,PB
0.04515946005505513,-0.13848983941770568,0.19878820274015532,PB
0.042564175571194594,-0.1417754623996047,0.3261609551858287,PB
0.24544657077321147,0.004147582507071226,0.5878716229518366,PB
0.10318625780918311,-0.08739829902966681,0.11723632558728465,PB
0.04548744289799844,0.4817628621588104,0.5642971059712623,PB
0.04253240406076402,-0.4410298618304488,0.2500035922393937,PB
0.04074493934378031,0.0854452059568848,0.29175767264883307,PB
0.039228236847226476,0.3607292142667729,0.15566867375623303,PB
0.049790941597195854,-0.37454706870485427,0.5356201948083315,PB
0.08431669509258359,0.7021798067455198,0.45406069876804234,PB
0.08056801424608394,-0.20959932620645252,0.13952563716145716,PB
0.04279858824046004,-0.32729121054682675,0.24699056348629678,PB
0.037210239000437705,0.4467131914439478,0.3565558951526948,PB
0.06928854284553292,0.24149268998240628,0.3247756678208515,PB
0.08571412902925564,0.25088828076013053,0.14628424731109627,PB
0.05454153654711707,0.4168073847120989,0.1432148538508601,PB
0.13547709486984763,0.07861416515594938,0.41987681000450067,PB
0.04282835328164502,0.2538158508472933,0.3440034739102878,PB
0.046342240493396636,-0.19125018753825596,0.5002226555216092,PB
0.04432846987897202,-0.07210329390134394,0.056594274864822554,PB
0.05176917039392287,0.9355632769951874,0.2099052061070918,PB
0.17330869390414297,0.3389929700642427,0.4472010201609048,PB
0.034914821801131354,0.0703807967617996,0.36322795564220733,PB
0.04097630287675982,0.7986901613218268,0.2261687976523892,PB
0.3819397932445708,0.2771760228427661,0.02249972018642939,PB
0.04296439428164005,-0.1591800282322603,0.4041075942528543,PB
0.15950860782965404,0.4692934019431537,0.27316764820385386,PB
0.08175741123225967,0.01768392678991583,0.21326380253340216,PB
0.043688826093898236,0.048922798959731804,-0.016090601308183208,PB
0.06705026725513176,0.7628020845106662,0.17839350971934798,PB
0.10608915714882194,-0.1083822613716777,0.25019949756792803,PB
0.04175680124536062,0.3619151306022886,0.18733746733847478,PB
0.06025331763318716,0.10945169611585628,0.18725255950929479,PB
0.029708187384777946,0.6394152484797343,0.21687537963008802,PB
0.04002742578774534,0.18306532774679932,0.35121168584637164,PB
0.04260409145489787,-0.3543734469504531,0.401776489440645,PB
0.04488643676981658,0.09531017980432493,0.05610185369667139,PB
0.046317133267597184,0.06899287148695142,0.23205002063762295,PB
0.042495156052940096,0.22019183084936453,0.19613926823437602,PB
0.4727391126267068,-0.026668247082161294,0.28420990705924093,PB
0.039372595430324606,0.504310942744797,0.577418071927638,PB
0.15667723805722972,0.009664305177948218,0.1013563552869964,PB
0.04591852758002498,-0.02936589480436454,0.08915452357040893,PB
0.04158565736580078,-0.26743123151532605,0.4388574117977335,PB
0.17955356504567554,0.3620462118328688,0.3525794994874592,PB
0.060072876008673434,0.21045072451579083,0.21850399879388924,PB
0.04218988607118819,0.35843292856963044,0.40380340157340705,PB
0.040850287628141364,-0.12744494656812036,0.043712603987671336,PB
0.04623638445347736,-0.04626171781607336,0.35151819125434436,PB
0.14673609120273892,0.6328338427927166,0.46829264884011823,PB
0.1212828208653025,0.11646369513517153,0.2632588288128041,PB
0.30451091768778576,0.08506868575212792,0.2034666691874263,PB
0.04409164854654751,0.36177402910249556,0.0733177316689114,PB
0.10805266233554855,0.0927493589426511,0.31510797378014826,PB
0.06079271831636979,0.0803265163883689,0.33204534454420737,PB
0.04254485736555227,0.037325957612686346,0.22307759718784453,PB
0.1949165723540753,0.1779387391950907,0.2356891213981577,PB
0.04294423470528263,-0.021429391455899165,0.5808192037002354,PB
0.06375065957326274,0.515976189827406,0.1558084945499734,PB
0.05855070952647762,-0.18134642263574838,0.18439703917131509,PB
0.04817069772331496,-0.4010226307886034,0.10479845317491389,PB
0.040574126837703686,-0.02834197800227497,0.12222742894521993,PB
0.041897492292114015,0.488718091411949,0.1923112635370188,PB
0.043530283399525325,0.8952644262526414,0.154819036845783,PB
0.06827946427423194,0.07677091228004483,0.06818501528325313,PB
0.04644587668618059,-0.11348195375699287,-0.006474919350791397,PB
0.04248982789958344,0.4353180712578455,0.13952287591486423,PB
0.16703442965586762,0.2853465322698526,0.23096281627821916,PB
0.03962056556973987,0.4215645270423454,0.10436489534307661,PB
0.04679984003671138,-0.061452779213663565,0.13651458522199833,PB
0.14973257951920163,0.30654282014147416,0.30348438773427516,PB
0.040625724829239776,-0.1814369923842204,0.3390837835407885,PB
0.05238412779150099,0.678096729244858,0.4493729093382233,PB
0.13660889294781034,0.002277905312993867,0.10266632904902778,PB
0.02987823963566904,-0.058977523865296345,0.2515758753807009,PB
0.4589326865403816,-0.027465377455179532,0.24649710884040796,PB
0.03203248136429454,0.14784151063399348,0.26912516465484676,PB
0.03986446721513086,-0.3916717859758286,0.3060567587615726,PB
0.09600205507856562,0.5609136466510226,0.3354624075134234,PB
0.03482676481595636,0.2296140715016397,0.17318394503870302,PB
0.04182394950488122,-0.032374396659016,0.18213701199499596,PB
0.045258778180664365,0.03644561992045628,0.08406310403205496,PB
0.060732404936918484,0.06620063715598114,0.2304465398676985,PB
0.04973684444431873,-0.44285264017978465,-0.048176222542601795,PB
0.03978138051845152,-0.45547552868282576,0.21355332129316484,PB
0.04692223017373211,0.11294041118059554,0.05624537559694466,PB
0.040411526073535195,0.1570618900347167,0.24137262989569447,PB
0.03595876862149104,0.1242471822762727,0.23197393251741297,PB
0.26985942157948534,0.2966048105657004,0.17419436771772717,PB
0.04008890884344209,0.5981788226697332,0.1914575637650902,PB
0.10276308133340452,-0.2620865252628171,-0.04015211083730167,PB
0.0411387173442196,0.8127600428934049,0.11085002054451364,PB
0.12505797160835982,0.17117567730871697,0.19554654841703184,PB
0.14104864138881343,0.1707103958662767,0.4084305537080292,PB
0.07191998928109103,0.2910387741917775,0.11532219576668082,PB
0.24451498224217044,0.8099103283155833,0.1608706350613079,PB
0.0530159288797736,0.4289956055183586,0.44779707323414225,PB
0.05244195612698557,-0.1667136591279637,0.4086178930280142,PB
0.04105699046266824,0.2672147186012404,0.16443187296901965,PB
0.040620247248955674,-0.6332191168661336,0.3520909760551542,PB
0.04106808217989111,0.3898846371329163,0.27030178220151285,PB
0.16624677577039507,0.28163545968440995,0.13203493517388526,PB
0.12086898764255649,0.7019967958369279,0.3430587877147955,PB
0.1084926911792059,0.272575275780235,0.34343863179581485,PB
0.04720609090911412,0.3282866520347734,0.06491797917881052,PB
0.14044010989414898,0.02577811983651634,0.13489977126013264,PB
0.051464805223278384,-0.04143718986417318,0.5009449071369194,PB
0.06716272644253077,0.48851626010754406,0.241851198711591,PB
0.042170929949676014,-0.013303965626362815,0.37819278504990045,PB
0.05458488639637663,0.0002467612597345525,0.12109984845484674,PB
0.04606287152602415,0.4075593497112792,0.056011665063293505,PB
0.04401130498438328,0.19285520124940034,0.03819430125877471,PB
0.03831205894457119,0.4027660511389994,0.385296883061828,PB
0.1057461322716378,0.21322909425703127,0.2527533727949267,PB
0.06928458494777201,-0.03484673133016819,0.09801045147207152,PB
0.35420847247328857,0.21725226536438702,0.033435880214265946,PB
0.0315719987731109,-0.1442496088445468,0.34629713555337327,PB
0.27482397503649,0.41618720484006383,0.3337757612777417,PB
0.5206412587486848,-0.023618251348208455,0.2352095577013947,PB
0.03804145315923993,0.42995612811646017,0.0846362058294353,PB
0.030505753114425844,-0.11632382045509582,0.20188063187598182,PB
0.050452635598639266,-0.06312108645659777,0.4768084111546613,PB
0.07026593839675137,-0.32854426716902246,0.28410065234822196,PB
0.026175205094701004,-0.5093150494606237,0.05076002323829541,PB
0.0403203420714176,0.9276330084780896,0.06367362024315315,PB
0.04721422241293002,-0.11032245585807682,0.24819663495878228,PB
0.03706772379706812,0.11324788049099219,0.2595652385415188,PB
0.05670133099826264,0.2718701366299471,-0.03199823124288944,PB
0.044265164475333185,0.059423420470800806,0.08332635831703568,PB
0.055933814797329465,0.32429430510375773,0.35022781833815353,PB
0.05528363503979455,0.30191718827365294,0.32876470037214955,PB
0.0393968702364004,-0.009389740349839032,-0.11094901885090161,PB
0.04023051146195391,0.03717900324175403,0.25440644607963725,PB
0.40720221504754595,-0.6051471727433761,0.3336021285886367,PB
0.04091828072141146,0.23575254454507483,0.33140812689283533,PB
0.05709353726740076,0.5282244037507758,0.052127514149233486,PB
0.05726878168427805,0.6743503863882011,0.18370555527799723,PB
0.17688442185749306,0.3021510155717339,0.41348030852178047,PB
0.07630980187009485,0.18600209094507988,0.1802758357484532,PB
0.04489446923358757,-0.06759329113252817,0.49274894253687973,PB
0.06354369790115612,0.09716374845364767,0.2607110038032019,PB
0.04061529369140838,0.40495762268747837,0.28208154518652506,PB
0.04429129798163319,-0.18504370508193935,0.3939589553699206,PB
0.04340082863369976,0.3255367057442341,0.1175616052988329,PB
0.12678158757299865,-0.2294953808862664,0.144004570482882,PB
0.05562919876770426,0.6595534632717956,0.3551626510949629,PB
0.02855745271909898,-0.1999064615693952,0.05433897690829992,PB
0.009434594257025808,0.45934434178506767,0.18879884218404183,PI
0.0399111130127425,0.42220190046368816,0.1724686954192476,PI
0.052515228230256186,-0.11075136429270276,0.4698614405766584,PI
0.038483600689885405,0.9019019944220555,0.23132683394272618,PI
0.08968291148247659,0.883594144797817,0.16498129030460806,PI
0.0357704932308882,0.42368884706461596,0.3829329663820165,PI
0.03845039174429314,0.7704056636970769,-0.061045712902661385,PI
0.03621479260077702,-0.0389154162496735,0.13689272112280054,PI
0.04214577515567533,0.16072244499049287,0.3331409818819915,PI
0.04054758926276979,0.23782129647148778,0.1003057719632267,PI
0.04149263730504893,-0.06826797112900286,0.39540856189558754,PI
0.07200566034021472,0.0446724400515926,0.27404193364120116,PI
0.04145920577502892,0.7251732072793537,0.18277975016219702,PI
0.03987688951482793,0.22521752371333897,0.22689332727491696,PI
0.06960909158914019,0.622410629468167,0.326880905776648,PI
0.04340501923777265,-0.16644820763766446,-0.07069833130845343,PI
0.046034172692800204,0.291910408561302,-0.06801093645713009,PI
0.04350711273604436,0.19105523676270922,-0.08337350728880254,PI
0.0343897409790438,0.27840622998925924,0.2547654350136615,PI
0.04333462313225777,0.18777116156151938,0.3030181541879201,PI
0.0424971777048749,1.072636802264849,0.3024428439066195,PI
0.020182256404352936,0.8246908961237677,0.23492201456630768,PE
0.044907825109331966,-0.25866740258616494,0.3288277890034245,PE
0.03018224822733895,0.25711154596523195,0.6206640507310116,PE
0.03964354365452684,-0.5468655602491875,0.08615357729206981,PE
0.09704108686640628,-0.03448617607116932,0.12905862674869795,PE
0.049792368520882334,0.47859941938824263,0.11867007002827362,PE
0.10905896874976538,0.33734619278482225,-0.013460467750254496,PE
0.06999629711215777,0.22246258431479338,0.3129199011656628,PE
0.05614936892717129,0.2936385619988106,0.48340616444416235,PE
0.10642229917442882,0.4391672686928993,0.2243851398456152,PE
0.13291524914368627,0.35611923400500944,0.4418589232874415,PE
0.054999684703297955,0.13870828080405642,0.1744152093237275,PE
0.039308572462636665,0.20416301591441025,0.32915139999548826,PE
0.07145501999349192,0.294753083692333,0.42881999223274553,PE
0.0581483232886552,-0.37633068521819674,0.2918227105670646,PE
0.1484555205344847,0.051424881992188004,0.1851530962743663,PE
0.2036537729731065,0.20957432947958815,0.18783817999564498,PE
0.11581402312195149,0.16975117974954523,0.2684147565983066,PE
0.061860160889674005,-0.2637765515982265,0.44114281413933726,PE
0.10083398395225464,0.5056278066923738,0.19202186592783982,PE
0.040579028100417705,0.2029778817196154,0.3218962241625337,PE
0.40743871081264244,-0.15003087830534298,0.33357958131276233,PE
0.05656178278599563,-0.16239431114132977,0.31891523453435067,PE
0.12836092197530038,0.1848700123345831,0.09051537528912905,PE
0.051222044573306216,0.2721641374711082,0.4001755100765727,PE
0.0728595164656616,0.463822594114301,0.310306578538278,PE
0.06532767854138462,0.13005312824819776,0.20905189092839804,PE
0.05722522869568014,0.3974586602144232,0.17720105039184464,PE
0.06539160066688839,0.5231424474902432,0.3047668869605155,PE
0.04121740602795864,0.3006713252509986,0.4706751184143414,PE
0.054162831201092276,0.00899660047308197,0.14564127805994273,PE
0.2765124416622954,0.15438030132472025,0.49069481931487885,PE
0.06670776451390314,-0.006717069755943,0.5210114605511703,PE
0.16425451031207208,0.19203101659270322,0.43537807029648995,PE
0.06887823047885253,0.14675633653962922,0.05694388843919859,PE
0.055011617196188696,-0.1816573256170918,0.22737893214781568,PE
0.05328580242061665,0.2505478510107106,0.47832428133105837,PE
0.254748884077625,0.017782588762587204,0.26090240741929616,PE
0.07607499973521813,0.4791908318722314,0.11273558646568492,PE
0.04546900884899118,-0.09512687854819801,0.17734631444830892,PE
0.0264933545067365,-0.12874898274430766,-0.014310676279932558,PE
0.2504346579101276,0.27448354420723703,0.4506930853260441,PE
0.20567677549158758,0.22596131931472313,0.2932151419971249,PE
0.1851325084930666,0.17198020299922195,0.587379839228646,PE
0.03797867666397828,0.15636879533927983,0.1676096865743584,PE
0.1083185836239286,-0.04107041086732818,0.4210397975177257,PE
0.0793612227509904,0.08457492650309319,0.3607700776270878,PE
0.09523538192958834,0.3561773077005454,0.057560267476694224,PE
0.04380200147217686,0.1944245789651983,0.3241014233843832,PE
0.04559294155829003,-0.26160235966872925,0.352195920055723,PE
0.08032856152989802,0.2499081969908624,0.2308248973502531,PE
0.15572774753790058,0.7297584122895722,0.3423052173386198,PE
0.05073333910880112,-0.14445477822150696,0.28876863126557195,PE
0.07691163679253389,0.1309445838991799,0.5539736629374468,PE
0.17809302392073015,0.45832111826163985,-0.006747794966700328,PE
0.04333365516334377,0.8008108671249713,0.10066036672044015,PE
0.1924643662540623,-0.11249016228540962,0.586103659467346,PE
0.04719098397178306,-0.13877157928807876,0.64520583253232,PE
0.1359558773203566,0.1487338745270333,0.5703730282620351,PE
0.2092734803441999,0.18402598872853868,0.30760352883192005,PE
0.11847435450977285,0.2552709657855604,0.32779684993834995,PE
0.20531268952165302,0.810283652062171,0.2666104825024705,PE
0.03834227673291089,-0.1705826105454415,0.32233673725711753,PE
0.13300275553328397,0.2624656894891308,0.4528237046362059,PE
0.0640506745981726,-0.1415082864120818,0.3032859804566907,PE
0.09726894302382645,0.6061358035703155,0.14469669800599583,PE
0.04224523040978027,0.36662527479190044,0.19269708341710293,PE
0.23129490650648898,0.1888925810658006,0.334936333880598,PE
0.2478411474097767,0.41523271848621746,0.43665246417784037,PE
0.04080929032907684,-0.21648637028503043,0.13342047701606194,PE
0.057374557131361345,-0.0786668430153478,0.3182038285785382,PE
0.04533295200569987,0.14994014729091487,0.03570065495364893,PE
0.09103295657006368,-0.04897003646059058,0.4978065098093484,PE
0.051707195933261764,0.640913594612753,0.19553508723321664,PE
0.060130427195539474,-0.4976472471491381,-0.04954850033624141,PE
0.2888647510368167,0.06917394421401338,0.22310241469130304,PE
0.06349747594916347,0.7638302798617089,0.5361397319759703,PE
0.06565999250153931,-0.13166016642571393,0.10835305894150352,PE
0.06278730338317098,0.19063628330230997,0.6610294539661428,PE
0.07027793812659076,0.19058458207336026,0.22187500958668904,PE
0.04929272527563799,0.1977338357888414,0.42577495116810327,PE
0.04608709460977086,-0.4028677040504789,0.2665428186857241,PE
0.048125454056498575,0.6241543090729939,0.41241712827375704,PE
0.09701515636321781,0.09006338599735961,0.3712019892840889,PE
0.1817171491932423,0.5624519128321013,0.08421443006117615,PE
0.06448537530933138,0.3245212506810531,0.07617447156865625,PE
0.028574200274605364,0.4588800440270732,0.4724701321219999,PE
0.057751014648875,-0.00637960696403904,0.4086022901066426,PE
0.04150817055447879,0.08948478908414834,0.22502313004243638,PE
0.18897168045516283,0.6026387102556449,0.43904337347545225,PE
0.19172096715069986,0.0941552383190875,0.09151556088292555,PE
0.28826942359966695,-0.028728547792510793,0.48206346490652136,PE
0.045673653634870595,0.24120664294615055,0.179259699284367,PE
0.049631906633402584,0.6191437179950733,0.4408113261533316,PE
0.1395459092192478,0.2817298459154035,0.03193046874264321,PE
0.20522071549642146,-0.006069112933528662,0.4641927560123923,PE
0.05040450651479674,-0.30323448545926573,0.23770555878554106,PE
0.04500702601389159,-0.3841638542722442,0.2579098770229783,PE
0.17900965634836746,-0.06579352926676928,0.33162810290576256,PE
0.06683072032701026,-0.06375696580275104,0.281592279343451,PE
0.05892340589031408,0.7876800575657082,0.18952520567549347,PE
0.07469338089639828,0.11215059759957234,0.3364923757776796,PE
0.2525802903201647,0.38606677635336045,0.463221609836393,PE
0.06227968082567652,0.16225982857651708,0.36196850636127287,PE
0.12652950823815654,0.05223719952775067,0.4240318787209209,PE
0.08667420311241661,0.35581222760704573,0.24945907690238103,PE
0.20684096702571153,0.43118513404254305,0.20267177995252303,PE
0.20858656544703474,0.03916773442422852,0.3863258564651265,PE
0.22196928625653906,0.2103766443663267,0.36060764880314716,PE
0.0504069394032521,-0.23622377517630547,0.4232684493286548,PE
0.24930989028042339,-0.01818730683634508,0.12710050974279624,PE
0.01772457196539609,0.06308644813712506,0.5722747165583456,PE
0.15879967265133016,0.1758736256082128,0.3432007773883177,PE
0.24714923874003367,0.03015749605813935,0.30048454943976316,PE
0.06848540286472465,0.493630819752118,0.10461387411841781,PE
0.04777677398820605,0.1307121068552407,0.48336473644261757,PE
0.12572840958456666,0.20308681448171742,0.24297707204376262,PE
0.05299373864869041,-0.09469986547350992,0.1670098050101804,PE
0.07100488819693965,0.09348118981115248,0.6719372964063317,PE
0.06519626827851699,0.2617629854179603,0.43089441564445513,PE
0.08171888170046467,0.36229766101327276,0.6693684320475057,PE
-0.004748245394645832,0.25519503016567907,0.5917458657301634,PE
0.05845134683316751,0.4250461533072708,0.17409795281509058,PE
0.0938855959336129,-0.15415067982725836,0.2286094608434878,PE
0.04654411217774717,0.35292259432018186,0.42167562024441796,PE
0.06424744819533534,0.47290638890369696,0.32753909711723345,PE
0.060686033820016194,1.0825111357887438,0.15988173998696417,PE
0.0431502034198597,0.16580632656631936,0.3662371661615159,PE
0.1171377155016496,0.6023179641906565,0.46590436289524434,PE
0.07163761967198243,0.49147476254001926,0.11689465316454334,PE
0.11024614892904043,0.14372425729581065,0.1742506788382385,PE
0.11122336582452821,0.14446091053746626,0.18980933614738366,PE
0.1138248716523396,0.22314355131420976,0.16828057372608216,PE
0.20583807890413902,0.28072624368305454,0.07393957863082391,PE
0.05014285938467819,-0.0651065416015799,0.25250071251791156,PE
0.07430290600755911,-0.09761531766430163,0.28060028092647515,PE
0.20740588519695036,0.07628608648752139,0.4507309686039734,PE
0.18436794212330132,0.9264949020483967,0.5205827378500432,PE
0.04063422725896456,-0.13691167753334624,-0.00894107101722966,PE
0.13082277392135988,0.3524183245594063,0.19024093121038924,PE
0.09540955491107499,-0.06296164827468972,0.17493334771412036,PE
0.03909787493798652,0.36934533841492384,0.04959772108906556,PE
0.09402003885949449,-0.46274949033021573,0.3537721225002056,PE
0.06067214374906019,0.44348088553977216,0.22205488346888888,PE
0.050056317627235516,0.3071835994203665,0.4788821039276309,PE
0.03222929033308426,-0.15089864444088094,0.27616705903430466,PE
0.04716251972909787,0.2953215290097385,0.2730392964311966,PE
0.19976187839347193,0.14099215129197915,0.19202452031948003,PE
0.024114841975996337,0.0372886828841843,0.40378882361491053,PE
0.03990873113049982,0.10296167605032897,0.0751864707275336,PE
0.05093208778687743,-0.1127623364098489,0.4728992478582082,PE
0.16574198616328478,-0.0260551137473327,0.18168518672425335,PE
0.04654319954794461,0.10418971352471432,0.30975899585517824,PE
0.09927095229978292,-0.5343443460111852,0.32038389226280267,PE
0.050108334996382155,0.001990050408010009,0.4992620760391939,PE
0.040419236244005056,0.6097655716208943,0.02336347060235084,PE
0.05392649119393972,0.009372139828863252,0.3262805327483712,PE
0.19276451895962934,-0.10917473712379924,-0.0778642977460753,PE
0.22108904311213817,0.25416565517885326,0.08523564308913656,PE
0.24654094693897263,0.5597160687217081,0.4526449918046629,PE
0.15437857368092756,-0.08882564664801489,0.38681325613352646,PE
0.0423162466065441,0.0,0.5909187822785034,PE
0.05104696125006703,0.31977038700328136,0.07452246490009755,PE
0.15686766977990763,0.5416400622663373,0.30952555965095185,AL
0.043092660558186204,-0.12583904700136692,0.16927561235478766,AL
0.045167089696847525,0.003937012959339599,0.346696913606007,AL
0.04277094372587558,0.7478157247587432,0.42109690322686466,SE
0.17815279939045148,0.3673230123416888,0.469242866371101,MG
0.04490053209655389,0.002547772078798783,0.07956398680652593,MG
0.07213007006829554,0.4199017830497869,0.06721527640369837,MG
0.04039871119135331,-0.19251154769970458,0.25560941981002,MG
0.06423615724572931,0.3660727063975037,0.33506904398206244,MG
0.04473643091115369,-0.005295687574710455,0.2915746039666539,MG
0.04290047014395241,0.2960925509603773,0.0408251827442754,MG
0.1270904256189916,0.346624608085231,0.12710766595156564,MG
0.10797458087353928,0.25141095803627816,-0.1102832159494377,MG
0.07545343120256018,0.11394425934921769,0.3988903834830043,MG
0.11136902988941821,0.22291753707435058,0.2231811260527174,MG
0.1678457305677313,0.3725052647608579,-0.15083726892444915,MG
0.09850068438835176,0.3330455195450995,-0.2269011426467191,MG
0.05807425313033538,0.0859166861304482,0.05052203483637746,MG
0.06304554906164557,0.3537798241379057,0.28764870376821006,MG
0.07251869797231239,0.3167750333934457,0.0659798998754993,MG
0.08841723559825419,0.030365369301883036,0.08520500170981675,MG
0.029831895409865916,0.15275500618828347,-0.011099408158260576,MG
0.13639428729428715,0.1425583236219416,0.5400306565362605,MG
0.028707837291784364,0.25935736708036644,0.3091758110531323,MG
0.44889615299816277,0.5541856295299304,0.323728439998436,MG
0.04867273014343757,1.0284282318110052,0.1324456422057284,MG
0.05853129897442991,0.702625924514489,0.19306910261483595,MG
0.07047828021010358,0.5498661729695908,0.5869831614596897,MG
0.04068734546341259,0.36144822269139,-0.3437891313058807,MG
0.0582817370015475,-0.03116123598030105,0.12149984505682376,AL
0.08949388181346392,-0.13834701465413277,0.4497453729454644,AL
0.21940274028836662,0.5038129030418971,0.053150728837446294,AL
0.14970322397078112,0.24939255595340354,0.0572889192144769,AL
0.07456402919548623,0.4343764516025845,0.3164488134616946,AL
0.21662990409134297,0.5865176291988141,0.414863404824741,AL
0.07474198692717104,-0.06613321269700036,0.5242442839339834,AL
0.04089675174187868,0.35610443902642486,0.19335112719475844,AL
0.03242083183544762,0.2330938821673778,0.21532086271670126,AL
0.03951230952541893,1.0986122886681098,0.3433453933321099,AL
0.05299410750847939,0.6410908186038922,-0.06452614222788354,AL
0.18997483981157046,-0.4864531443537542,0.407620422183796,AL
0.17964962835524664,0.13243168576882663,0.286141799314623,AL
0.04396002930799387,-0.14024671252281162,0.4095819766344969,AL
0.04561487805637911,-0.20391913906715814,-0.02577756239783896,AL
0.04547399654791276,0.4470415349539047,0.37069852305021916,AL
0.038582707544064045,-0.14045183546909645,0.716246910474694,AL
0.05572967525678008,-0.08110002972657258,0.05349487145382529,AL
0.22086409583939481,-0.04786376710409704,0.1826146374087947,AL
0.20504532761542182,0.398496438792071,0.3068111482009981,AL
0.04611285935377103,0.33402724762814634,0.39066724995468244,AL
0.04735459423614714,0.5824816126724259,0.1297676925928594,AL
0.06074061238647059,0.048383080915286016,0.09988837423136274,AL
0.03517118491877129,-0.11236296818704429,0.39217967046167385,AL
0.04103099159044008,-0.20597574769184437,0.05913097136905522,AL
0.04832630234750984,0.4508932830433168,0.08326849859823285,AL
0.2199868810665196,0.17660997534600373,0.24078586114352965,AL
0.04397135171668408,0.0038240964384034758,0.3527414692749108,AL
0.012805923188727236,0.09894902848637066,0.25130027623212625,AL
0.0664732907434517,1.6196583782769536,0.5554092715942239,AL
0.043692026945486476,0.05773246666857171,0.21994672236568535,AL
0.06953261554978654,-0.016319491828601183,0.36280266634441594,AL
0.12407993572304264,-0.5279787029922401,0.36678789432770903,AL
0.10123228893968074,0.8748174836675799,0.13392931848897605,AL
0.09991667266009403,0.548022473474591,0.3071665984294935,AL
0.05852301571407296,0.6560209146166578,0.4004705257930195,AL
0.18230117615958494,0.1814831721175696,0.16584665378392677,AL
0.059915128074643054,0.11971353818644143,0.20466537772337778,AL
0.11064353250045868,0.7433041320162522,0.3272125867969256,AL
0.047693797465428435,-0.2562405466169619,0.3486212627214963,AL
0.15549632077676076,0.44865351407540904,0.08022112356914426,AL
0.052955020304693554,0.5824460324479108,0.08959807215307727,AL
0.04506170963707982,0.4102566841180637,0.16636787842087486,AL
0.05098490838820488,1.4505747485626317,0.1707808535792727,AL
0.16009838710629626,-0.32962334296605805,0.14114586261334738,AL
0.06814489748993927,0.3724101429255688,0.08170798938191248,AL
0.04584256096658136,0.4786429918364433,0.2998668145196491,AL
0.0691000231226768,0.8343285695893302,0.15250326021347435,AL
0.05634546630600063,0.03402627105723497,0.23737363951185475,AL
0.10578453654566801,0.22450687804207384,0.42396383384682634,AL
0.05383255547418833,-0.09691003793598599,0.48245913845545024,AL
0.03921345878682136,-0.08338160893905101,0.3908508822670641,AL
0.04477424744582485,1.0604853378310364,0.3122445435770465,AL
0.04174668523465015,0.924372544344069,0.31466899839153745,AL
0.040006160972258197,0.6418538861723947,0.18755838906895886,AL
0.20239516109096403,0.46932246345284306,0.3494203630772577,AL
0.1819988187945892,0.03189336377595379,0.1006360504597999,AL
0.0571413113807696,0.48967902805528557,0.16218442539698077,AL
0.04348963051662281,-0.14772392248836502,0.20785160367990527,AL
0.19464735438473668,0.1083740051309916,0.4193435074402087,AL
0.02722844953990811,0.7410242743326714,0.5421524693343247,AL
0.08809522134541047,0.705467664947986,0.2883727455175394,AL
0.03659258750258278,-0.32832937922593725,0.0838569591049383,AL
0.05761334463132888,0.5113051250938065,0.3274426810489628,AL
0.042591559154423114,0.39975080684472575,0.3282401447710576,AL
0.19632111571940952,-0.5171329276164847,0.3460051859908778,AL
0.04922166460020184,1.1312752696415764,0.002937977920927262,AL
0.05433565584152065,0.055660847105553815,0.44645061154767074,AL
0.049318807245085826,0.5251456775407392,0.2068460306410927,AL
0.22463591008614014,0.2977506230756401,0.07181581386947848,AL
0.06313655539354743,1.2120618271990198,0.4513345637541296,AL
0.17502168835736656,-0.04814407445796116,0.2882579463944329,AL
0.20231583902717123,0.45092542742347436,0.16597284360259607,AL
0.03146115971440666,-0.49561620510246185,0.27068540915085537,AL
0.037016472868068424,0.4619863183400068,0.07218171641989023,AL
0.22641910626901093,-0.012201305530228884,0.05864804499833963,AL
0.011138833695125834,-0.015211171372120861,0.21442178245492804,AL
0.2336524836797291,-0.21975680846521653,0.24273058837176997,AL
0.1984850243288161,0.23972581936712764,0.44337467020033977,AL
0.09665785468922193,1.0995031573239111,0.18242752964307912,AL
0.06292570657097904,0.1481301920456754,0.1603762548074217,AL
0.15285620129412716,0.467502676493243,-0.20452177971013066,AL
0.04465491350743724,-0.2484613592984996,0.0192982264340292,AL
0.05186908012814606,0.23582871084152549,0.39190719498336907,AL
0.04185691169110543,0.40779339786775554,0.1535173306310249,AL
0.1920548018543507,-0.11128803510311318,0.250185006951421,AL
0.06923216022523662,0.4997910290422816,0.17016321652452013,AL
0.04568064946174421,0.631573221625916,0.1280697212480305,AL
0.04328970773148124,0.1951012834403536,0.43239448564725047,AL
0.054334098702880744,0.3165582803134342,0.2517274522863357,MG
0.08687622195293113,0.54501698851427,-0.0802239011624857,MG
0.07103314051295191,0.01504919297385801,0.4302948745150658,MG
0.06828945979380709,0.25223800257883483,-0.2243481630221585,MG
0.040500660649715935,0.5366950037444078,0.19364863728164788,MG
0.11633823528854799,0.11751284362540448,0.05813261567569395,MG
0.08654453962887913,0.4330491817877837,0.07678802932449537,MG
0.1847769729693129,0.6703397028516362,0.6783926150680332,RJ
0.160140111221913,0.39352129119066487,0.6107055806381523,RJ
0.062490874006621684,-0.0876524484583853,0.3957056236608114,RJ
0.13660389743324294,0.5463456151741604,0.46880832830936214,RJ
0.05283725064358513,0.25782910930209985,0.191948115301822,RJ
0.07248307746185098,-0.0032388692281435805,0.45414247496702087,RJ
0.053271921928546836,0.13463942597888431,0.3378204447661199,RJ
0.4379268874503551,-0.08793484715522855,0.6854955275562528,RJ
0.15358163477463452,-0.058151794761551724,0.6483138759170494,RJ
0.4030668103733833,-0.2926483827656982,-0.09825029564907445,RJ
0.3270704426251394,-0.14156612022906367,0.4234728261825114,RJ
0.1509997891284626,0.21777801194957802,-0.0741963571163815,ES
0.0914635494035427,0.2052144042523549,-0.38305836089648604,ES
0.1006256897575383,0.346624608085231,0.4069004637196277,ES
0.0449245749544067,-0.06742079130151989,-0.07902758261882663,ES
0.09007974534068343,-0.058410762156414484,0.8894239538450857,SP
0.04592648434432821,-0.007017572658646535,0.46527698070084655,SP
0.2936456320957269,-0.03537078285410181,0.31846606408229905,SP
0.03406665376941703,0.5882893037666849,0.034763420930567154,SP
0.06819879147845366,-0.6007738604289302,0.2808062290833934,SP
0.2200363498458422,0.2402237415867478,0.3305262491271784,SP
0.23066622447038485,0.2861453460299228,0.3833023392251963,SP
0.11135907403276919,0.5960693750319308,0.5049250511659564,SP
0.09736237970703499,0.1623629110872861,0.20715810605244084,SP
0.10728101554020698,0.30629391964638,-0.05334565838210745,SP
0.09837861695935093,0.2894458609831147,0.45658981968626466,SP
0.06117037614974258,0.1901570523179032,0.1251803933370432,SP
0.12547252506558274,0.4087213793019396,0.002900967107978455,SP
0.16970986001599436,0.28954031821619175,0.827668236439592,SP
0.14766496562588105,0.29792279484574985,0.15373070627400803,SP
0.07317733752285858,0.378399856599603,0.4128941340759938,SP
0.04626600067361545,0.0926415347809745,-0.014164816297561344,SP
0.07094486564755398,0.21210726517132392,0.8168013434705167,SP
0.12551005072709168,0.4715605883008503,0.4789344375712852,SP
0.045885853706225624,0.04879016416943205,0.47110722818138084,SP
0.039432184013480545,0.41376391092285947,-0.07003916683632792,SP
0.04230860706336538,0.09402894964827639,0.013992990683205864,SP
0.05662387742664057,0.028039220064393126,0.22812906022436316,SP
0.028393320225724245,0.329753286372468,0.8524178185095126,SP
0.04363183849786036,-0.07155369234862508,0.44825643734948994,SP
0.10780248381257644,0.37615722135439295,0.5091288032498988,SP
0.046289714484787005,0.338382125212879,0.11532220702377845,SP
0.024129072647650664,-0.22080619146550498,0.25795478078572526,SP
0.1301293689523576,0.08195710727366581,0.17402828724204786,SP
0.06270849784391581,0.30677182586403984,0.24559735974492616,RN
0.05159559426224011,0.18020579357459107,0.3310802479431146,BA
0.03579315391840166,0.490405784757248,0.2572593087801059,BA
0.03490811822399433,-0.010627092574286238,0.34637820050019597,BA
0.0422134631933948,0.007905179507113247,0.2770829883448948,BA
0.0405193479378812,0.18347829492177828,0.17478831259624392,BA
0.0372311719058983,0.19008784447644017,0.13636714963951316,BA
0.04023608129107975,0.09208379234880218,0.06543664788476877,BA
0.035898634114402896,-0.45887496538428973,0.40063616083478665,BA
0.17615452310646829,0.11736576045733903,0.23843175433825742,BA
0.03798213733084811,0.14582749836338285,0.11733763187887097,BA
0.035215589447494325,-0.026317308317373417,-0.21986514231695614,BA
0.089873977623757,0.008113634774169631,0.542416448315413,BA
0.054269416610279675,0.6231784429144026,0.31345442255992095,BA
0.0422471427301485,0.8316092794978911,0.05748154037400204,BA
0.04014779739476982,-0.2790008827067343,0.619095238732341,BA
0.06452190149274332,0.14549885945674476,0.4384200660604686,BA
0.036489570359253785,0.09113131872935802,0.10148925985488398,BA
0.03311507541738802,0.49049291969820696,0.19442219569701627,BA
0.049988152334882706,-0.12082255167428015,0.03500812101199287,BA
0.06830640549300472,0.2344554763504145,0.20793426280088834,BA
0.03988237621304232,1.072321593436392,0.3662917614330622,BA
0.13550577750268755,0.39465419200394874,0.1653236568850985,BA
0.031410232282043156,0.44006554160142974,0.14323085534743188,BA
0.0768423529951298,0.14674162436132898,0.19801674705507316,SP
0.028746150565164708,0.2765842504689824,0.12664948434659729,SP
0.027649728145796408,-0.26060111384911017,-0.4771866018192771,SP
0.08701508992025328,0.2775203221922815,0.1847385480996574,SP
0.0955017136986237,-0.07588469752487269,0.19363359690631207,SP
0.08706693691559154,0.4056874538567179,0.3936762023376035,SP
0.0010778034867401365,0.11273184852414167,-0.17745210220479024,SP
0.16196348616825895,0.3658929422802252,0.9203528810743716,SP
0.043404645913032384,0.27341067834644817,0.46530787567572224,BA
0.06494750645218414,-0.19594332501505327,0.13804814369560212,BA
0.037778648358199,0.6436132454376686,0.1258773907073996,BA
0.05011237131113152,0.060138358738533314,0.21829381862021469,BA
0.04335710314408178,0.06181163972984102,0.4181005488904825,BA
0.060042949885119365,0.14718771907200826,0.20228154042424762,BA
0.11393128705321429,0.778266108720126,0.1718490072385839,BA
0.04691600929320923,0.2789978570293229,0.37956069508338125,BA
0.40710539652880046,0.11167051713678483,0.5437451546334479,BA
0.04537651597317336,0.5256502587797924,0.22599796342083583,BA
0.03866723890328437,0.25268241755033094,0.27093377424046894,BA
0.042091678622526066,-0.24512245803298496,0.8131242401305161,BA
0.05230493200854011,0.7310269980115637,-0.1098953642182639,BA
0.04294036783858174,0.15952703686363875,0.18112356547522493,BA
0.05775292911075549,0.0733008478934882,0.09152232678561387,BA
0.10106277512739312,0.1912159567887704,0.1972770085632865,SE
0.22387040139424064,0.09970261185272361,0.38254990580726606,SE
0.05189262406540567,0.08392018441995697,0.20601071370385868,SE
0.06714799863068402,0.2727528281574265,0.06255402095967834,SE
0.1386616631296377,0.5058743803167878,0.06102256441532455,SE
0.12181891340682952,0.21419676532440352,0.25481615446823414,SE
0.16525852922238665,0.32711984685779744,0.509438589049947,BA
0.047545567413089865,0.058343063415784414,0.20644130212622752,SE
0.0422322671747946,0.2601499690615794,0.5479720912768138,SE
0.056793523776913754,-0.008813307312826592,0.1244634870991901,SE
0.049939084698299996,0.06633216877050756,0.2092493598715246,SE
0.3515905112150103,-0.0525108007226176,0.4056312771304288,SE
0.09801098038938648,-0.024940110987212126,0.314160033785727,SE
0.13042777539016132,1.5519334179539093,0.09284592900630727,SE
0.07857025376014096,0.578854175023923,0.24404822466456122,SE
0.045858305744478356,0.36798201485342386,0.3605072577875305,SE
0.044533815922772405,-0.25982511794881463,0.23181286718886007,SE
0.3827549262489611,0.17180506996560024,0.3216240550013376,SE
0.04089328133295777,0.13707959268061998,0.11129692767689349,SE
0.045340678112080125,-0.18936383941936755,0.15374245628705063,SE
0.044186693889210184,0.3341403272862343,0.31298338794596037,SE
0.04825701325697619,0.27428474287995963,0.10174770330840902,SE
0.1646793094223253,0.4685213359314387,0.04586212161570211,SE
0.0713637572640724,0.04514558755654225,0.4182932508079811,SE
0.04866976416210381,0.5020241172973965,0.09740937448015631,SE
0.15344493936980283,-0.09053132071009448,0.17508968097677607,SE
0.03947138896660326,-0.368429907170176,0.14866533680413396,SE
0.046556748064355134,0.30781388173370594,0.35620922529449195,SE
0.3294994269554866,0.27508965321135304,0.42881231520718976,SE
0.1019756530836732,0.21185025915405678,0.203087341818173,SE
0.1327834076094927,-0.2375916870615958,0.35091919653866693,SE
0.05517320959220187,0.24430177682155577,0.28309961148327284,SE
0.0861987900008023,0.1050527760031434,0.4468469724001363,SE
0.07950180580257978,-0.4491063883977013,0.19033997760140944,SE
0.0817178978082625,0.3402335677782111,0.31836021544597787,SE
0.10064472469536305,-0.331153075143613,0.3452375097307343,SE
0.21002093153817816,0.18161509261762748,0.2131467706840173,SE
0.14263453908763638,0.64398939338065,0.07441350105715713,SE
0.10697391231104159,-0.3620697656251946,0.32892660305591837,SE
0.0715398736995457,0.06555426525740667,0.03527657623320406,SE
0.13620334659323965,0.4855833676249918,0.3094243205256351,SE
0.03955679614256834,0.8833817361112253,-0.02918402140654445,SE
0.03980150610787582,-0.2269100341096867,0.510749981159014,SE
0.06769548583872279,0.33168665782119994,0.9379246404720405,SE
0.051912777934165016,0.18498163816491625,0.45326807111603423,SE
0.060379461649979656,0.11038472817493848,0.3008485977243164,SE
0.038429320895319814,0.18991041694677588,0.32996401957335925,SE
0.07975717654505785,0.47827497499641275,0.36916124700854336,SE
0.05672428946821087,0.40975827630907485,0.32775315323632903,SE
0.15589164895727609,0.02399620395363804,0.3178621197745104,SE
0.04404411114625372,-0.5475508728293457,0.37731860038185266,SE
0.35987547567902833,-0.15573452494156778,0.308343914815358,SE
0.39510283223025683,-0.036763840689528204,0.3432045511914005,SE
0.11533083830785679,-0.24206186653324924,0.5286093691867806,SE
0.2500385324511154,-0.06644509940815274,0.4316988501664484,SE
0.1514551519366518,0.17558485606372742,0.16502389970551629,SE
0.09815080791741529,0.21968931644612213,0.7405445672808525,SP
0.05058705961306309,0.2147753016436931,-0.08673024062881853,SE
0.04945741448287477,0.4664762887277672,0.40260575220097405,SE
0.3264194731501529,-0.05760739576424161,0.11603802399950586,SE
0.1515762019414672,-0.32426259581451883,0.20890692284034185,SE
0.04045486259095576,0.2647584325498438,0.4249352771479075,SE
0.06361520279233703,-0.17580687577276086,0.523087096450512,SE
0.026286567847451536,-0.3367176655094249,0.15303577925797018,SE
0.051554546316905855,-0.01834913866819654,0.2690427474135879,SE
0.252504279364251,0.17648277982012187,0.486984344363091,SE
0.05535858642154258,-0.2986350844709781,0.12976992434652684,SE
0.09323652144451271,0.11527901002319293,0.3733010039319354,SE
0.057039484834444557,0.6828091163200537,0.26988089301823626,BA
0.03559921701317418,0.18001515995855066,0.0900371883869952,BA
0.0443013992903666,0.24099278047285297,0.44892765589734757,BA
0.07165221143667287,0.4934904117644449,0.6353334277730966,BA
0.0544378526934893,-0.07314388434706441,0.09870794323294874,BA
0.055182741943787646,0.3020467757754169,0.11958161694746591,BA
0.054669679063673635,0.093975193432701,0.31646976486338363,BA
0.02566540805914721,0.9808292530117262,-0.06963487539219118,BA
0.0640626622270465,0.28326426785417197,0.1002564813742015,BA
0.1308871277028323,0.33751304006115906,0.3297004117208573,BA
0.03984023981144039,1.4052293987168472,0.32918489276683216,BA
0.09700082339509443,0.8121466556746958,0.16252206300666594,BA
0.04109623767578017,0.13166707307884362,0.2013221118259411,BA
0.04128468448048004,0.2090317071215285,0.0329695095005663,BA
0.043370467810270506,0.06669137449867214,0.33564609237943727,BA
0.044231690375918,-0.13933973422026952,-0.009494836943424475,BA
0.07221852223438287,0.33377317965204784,0.45372161089480123,BA
0.0414368394585058,0.2780732133451441,0.3278173432057678,BA
0.04655542051584755,0.34358970439007686,0.11949265263912846,BA
0.04136047381832795,-0.2127937647141779,0.17342387382978686,BA
-0.004568610781494628,-0.35046302933556184,0.5389996190584954,BA
0.03709314284747167,-0.0022246950221111624,0.3333676494479418,BA
0.1633064853958185,-0.025556199185377975,0.42446116153053226,BA
0.07743313184313058,0.07368228928102923,0.6381388909254662,BA
0.04490160273365843,0.4914320985798879,0.01934128264996734,BA
0.035918506200215757,0.024391453124159263,0.30330504420457416,BA
0.4503443431730067,0.19192780498408646,0.4458327810340388,BA
0.08495228382424938,0.6145878111804358,0.3572733158889365,BA
0.037062172805554676,-0.027587956518829053,0.3400644627746754,BA
0.34191754532670726,0.4556893380992724,0.022329558620479775,BA
0.12780961267552385,-0.3070717415486754,0.13495812917511896,BA
0.0491341579046097,0.7326548789354573,-0.041365518918093244,BA
0.04787262084785982,0.2646667427797038,0.10264252852524852,BA
0.04189623572734912,-0.011215070820140068,0.21310898000951423,BA
0.16663853592727687,0.24846135929849972,0.3153184408684985,BA
0.08315446480639148,0.1318361896418543,0.3258341723594719,BA
0.0705795471971165,0.28037806575919483,0.29777364987496785,BA
0.04827229318412569,0.807211357337592,0.42168705072102225,BA
0.11278452756001159,-0.5417864395282758,0.23181902282307168,BA
0.07328267533660165,0.10744168186165078,0.25954276702509405,BA
0.03780818029442966,0.5018747932459062,0.6774350482740708,BA
0.04085790335417923,0.35179015138612646,0.5285302631758876,BA
0.03889358695846199,0.8908773627067451,0.4010901529175252,BA
0.03933399826981077,0.24710450698720976,0.14487918956232948,BA
0.04904778337767572,0.05733722474789042,0.3488323887452522,BA
0.09801363501851477,0.23933517387003447,0.032130788708006064,BA
0.08885057238212286,0.4395008429440605,-0.08008824750332091,BA
0.04574705232750188,0.09214746389292754,-0.02816982203215807,BA
0.08384628756833495,0.06072414906210041,0.18056647053484315,BA
0.053820470090111205,0.058531333224984605,0.6779623863768173,BA
0.159038557386479,0.37971066810975956,0.1644083326268664,BA
0.03201851258782594,1.1210958954165244,0.6331504837204118,BA
0.05334793650446595,0.6838137794726402,0.3532833900878127,BA
0.04486045537577677,-0.03244780606083568,0.38121673292782976,BA
0.06293754141576799,0.7461465960693909,0.27578673834819567,BA
0.042641502357131614,-0.03722934176835604,-0.031446937362021234,BA
0.040353930004520706,-0.3392304363471549,0.28177366132812515,BA
0.09895500446639559,0.29418515616785684,0.13804488015492283,BA
0.04846318802192917,0.8817246681372917,0.26307109080794566,BA
0.05893833780694933,0.04919024419077178,0.25844425730752363,BA
0.10220203479233463,0.6981471909766511,0.053622406988381735,BA
0.05827152989452899,0.014882930691710239,0.45606863312054996,BA
0.039514939572148515,0.35532267868871864,-0.17274292609796266,BA
0.06024753037852074,0.4851718507189069,0.18932723152336736,BA
0.07130841270206555,0.1543699299925743,-0.2716644692201217,BA
0.06790731901705062,0.2408146938770206,0.3999950134001149,BA
0.033927886367419516,0.2394554099629045,0.4963539147328085,BA
0.39786956893902903,-0.029040153221163687,0.4869388504238108,BA
0.10362132795179081,0.48603947284415283,-0.0772570720490602,BA
0.04381508957797293,-0.40268346514628756,0.27106295437074635,BA
0.11647957355555442,0.32036899344302844,0.17836339962918307,BA
0.045997988755119956,0.16073161892367918,0.20235747336825677,BA
0.08942701384655244,0.6538893609668371,0.37627930085907774,BA
0.027062772064202052,-0.239391783324,0.3343066747319664,BA
0.06694265098319863,-0.1528490930543339,0.23339286423386346,BA
0.18580529518510214,0.09885236010877525,0.44429845782318944,BA
0.10249805384443897,0.6234890736458426,0.4038483229896634,BA
0.07120756963182688,0.3419700394018564,0.0013834751836343893,BA
0.13374167272798576,0.2755370658567523,0.17072554820968064,BA
0.04455052589507628,0.2997346820172882,-0.013882956639503098,BA
0.054643178529974516,0.1390410484354922,0.09950395539084667,BA
0.07809461552857341,0.25854547836512565,0.31223626698392787,BA
0.04839096698384704,-0.0018570107472127711,0.2745799576267209,BA
0.13707726305690646,0.0645766650545747,0.8062350074863636,BA
-0.0032609655138546825,0.20305358992386305,0.2910345132804464,BA
0.0798830769249261,-0.012851039219159916,0.41399346897226585,BA
0.049074500584761045,0.9075570519054004,0.18203955895400922,BA
0.08260817165681329,0.4706959103394966,0.13340370411488928,BA
0.04686773361508256,0.6407007051874027,0.4872088546721429,BA
0.05823132427219269,0.16418288931278494,0.27683321193779264,BA
0.11312826409193186,0.6691265668535906,0.32208187559665974,BA
0.2952020429837584,0.29377965231989944,0.210251564791227,BA
0.05443200488840876,-0.06133308801680828,0.4051910228659386,BA
0.19230635637734192,0.433507002745261,0.723951027325384,BA
0.05056154251443951,0.312168216682695,0.12079225152766526,BA
0.04267896814586188,-0.05053706899635567,0.4335804858830627,BA
0.0788885626699004,0.4296850420003092,0.018514522628993803,BA
0.06037670890306496,0.4509767541910414,0.3529055071251422,BA
0.1337162081593403,-0.1578883033150257,0.24075858982669351,BA
0.03402720864970028,0.7171620567638193,0.2094949552703107,BA
0.1233271909947689,0.47351109949406944,0.24542142722733035,BA
0.3126575852984809,-0.07087177968168064,0.11848841874885341,BA
0.34014915200839496,0.2725208525030569,0.17915861481127135,BA
0.19280263708532505,0.8170943580684338,0.40450877953654035,BA
0.1413792548154531,0.16085278909912362,0.4840623599255493,BA
0.009029403045988848,0.1158764573858018,0.18840691666517595,BA
0.042613094331236875,0.189027798074038,0.09384195569367396,BA
0.26456911641046776,0.317500795475455,0.35014642371210475,BA
0.04679287266988772,0.36772478012531734,0.2336197774187021,BA
0.04186655756018621,0.3378916832754393,0.28298299998016563,BA
0.049660776707620875,1.5178707189086098,0.2508174787635287,BA
0.060690736575320925,0.35309296615075625,-0.05579866328198045,BA
0.03616171990425013,0.21489040955748936,0.07275426085343331,BA
0.03997974654909919,-0.0890040711063401,0.030469494228245467,BA
0.043182376232075874,0.7295293662723692,0.2737708580598759,BA
0.04114504022608446,0.32246818853719644,-0.11733257944100725,BA
0.34220819357590304,0.10697086378899975,0.6790468032593596,BA
0.03600274633040068,0.13481922280895126,0.2903074512435071,BA
0.03976510282567597,0.5058589425328113,0.2620128924950372,BA
0.06479631191588575,0.48277631995609116,0.17904028466635893,BA
0.04362079133214289,0.24087165460779048,0.1741226594412108,BA
0.06157932907220602,0.2735157054697993,0.1503585385537033,BA
0.04091356666683905,0.6029960835656478,0.1816766002552559,BA
0.09281005125537374,-0.013917364129571019,0.5943825402068191,BA
0.20029278398326827,0.31140272066440167,0.3761863464062248,BA
0.08883134456387239,0.2525005349451508,0.28162845689288624,BA
0.2311338054496851,0.19228518786274265,0.3967298311963148,BA
0.05676754086869998,1.3615143321214036,0.6182668072650533,BA
0.04286740128524639,0.8432737100874782,0.10241025866034888,BA
0.022641106564923217,0.5044553639769611,0.11113995224571999,BA
0.12135435582135769,0.2849395270234746,0.21581804332768303,BA
0.0441042225846235,1.333945961363727,-0.04210265932593584,BA
0.05066787431283174,0.13276610598734087,0.01747494207458345,BA
0.13536156436696273,0.13638446160692905,0.04155074079910913,BA
0.17737954063112557,0.5074528135919336,0.2672047534190345,BA
0.05055149193379849,-0.006964935736841628,0.42283420912761227,BA
0.047161339802759675,0.2576686214185904,0.14547756782916474,BA
0.04233816079229482,0.36279651967956195,0.12814390539822848,BA
0.08176294193636369,-0.08050799399918941,0.37087992036826184,BA
0.03342288650787597,0.7022542038221908,0.1735335328305413,BA
0.04621802698149361,0.3935345185681304,0.24215636974095336,BA
0.05783517189347146,0.5357953598166364,0.1704405388910359,BA
0.05108627770125824,0.12145951038569211,0.4505918838499448,BA
0.04081147882808357,0.9137797449929971,-0.10932411007730493,BA
0.03585379518144916,-0.24537969276109148,0.6643358175316972,BA
0.05631335282559194,0.023367571256112992,-0.08648390359372533,BA
0.11174240332764529,0.4090308433303162,0.3897075049367474,BA
0.11025307654673117,0.1422039460307105,0.007928864265997006,BA
0.048178435120690685,0.8225826435630581,0.1292186750681564,BA
0.05551348547924243,-0.2161306656685533,0.2899616249445484,BA
0.10947175892320925,0.3476085443371008,0.17951693761464052,BA
0.052351090626582344,0.4014017136509078,0.46404279662556824,BA
0.09727552023096604,1.0199392565956338,0.15131370754872994,BA
0.08114346481654193,-0.29084830200983053,0.37247729883672565,BA
0.1933352989490267,0.14872469656133117,0.15628015314978885,BA
0.07766960419985948,0.19938402518685525,0.18518966068880935,BA
0.04080037745269965,-0.11999395851145377,0.499353346714489,BA
0.3255509094086588,0.13903649223452555,0.3959419520066587,BA
0.32401899105516263,-0.20394077871325567,0.23779420656943392,BA
0.05437977968002471,0.30202318972243863,0.21290420423859066,BA
0.042329868088517464,0.010050335853501506,0.10824717949739829,BA
0.041331637237551726,-0.06551460711062657,-0.059222557398530364,BA
0.08113420708058419,0.5153099362133193,0.23122842339163652,BA
0.08708269098191226,0.24446508643533135,0.47957162522433844,BA
0.19078721556707556,0.3739348378406137,0.4650985135571232,BA
0.23556364468106855,0.4385516574998014,0.4092746660184727,BA
0.1978794542325472,0.049298605946310685,0.26700732614930905,BA
0.09221413029801477,0.8302504307741108,0.4309791419461956,BA
0.05039573419178596,0.21875437089544655,0.6632221689276908,BA
0.04993034942323058,0.4569664540932614,0.29420375158765366,BA
0.023191596586365413,0.2834905460829394,0.1898858172274967,BA
0.07791819660321742,0.3623962509223415,0.24117146729734026,BA
0.036341966872513204,0.3080055454236951,0.4031328894478367,BA
-0.0018974595943677896,0.06492498308331184,0.43757004530346166,BA
0.10256488151156211,0.058007683226513826,0.09574925196925527,BA
0.04676410939125573,0.10697211955216773,0.3662769984434768,BA
0.054701084286157234,0.37993466536579584,0.22862070605295504,BA
0.046164822329997086,0.880905643950636,0.7930864739637399,BA
0.07217517524034692,0.191531038838026,0.1282035214655883,BA
0.1967754564713074,-0.2179421171574032,0.5395977693327396,BA
0.039512796844333745,0.15940555266561707,-0.02197041580844277,BA
0.03566453540068249,0.8902298603534685,0.342823854534434,BA
0.17776606303281772,0.5083664621542942,0.3221307900334438,BA
0.049385037591944285,0.7365557550537013,-0.14780603008744783,BA
0.03846538956094802,-0.09454272005829037,0.10271509768644961,BA
0.06711458933707443,0.5110564107506291,0.18749186647922184,BA
0.09862461395945794,-0.03661736323822319,0.4223460103715589,BA
0.06881831244108814,0.07666588174791694,0.3391664969730047,BA
0.12411703166952169,0.337996239964188,0.4585926709259096,BA
0.01267761631140041,-0.24180777358491168,0.18764231042559695,BA
0.10249325284261855,0.14347575661169765,0.7052319523587629,BA
0.04517479240223844,0.569444465883262,0.0788370903514941,BA
0.17583065507059936,0.2824224143713728,0.15537378434946444,BA
0.11776439551512853,0.33700791044987394,-0.1609945383508415,BA
0.11297531412466338,0.4096298945718002,0.1703395133394525,BA
0.04528113680852564,0.17132321683013307,0.393316800462492,BA
0.33192122510977756,0.17957935621794024,0.19767349999282924,BA
0.0769231909889185,0.1471845654976683,0.24420413582554304,BA
0.05310271334883758,0.388617537535553,0.2251106221902551,BA
0.06066702861348291,0.5377433073359195,0.16001594111493556,BA
0.1594857091598185,0.3282375447971637,0.29849373901169096,BA
0.051692107562688654,0.08573691163733364,0.12108851269574498,BA
0.035931074758720406,0.5524870448746695,-0.14933455769692935,BA
0.07821879702496418,0.49437526606702176,0.30910834850475705,BA
0.04740329056070335,-0.26492193175482476,0.2863962761379543,BA
0.08295436968628818,0.12658692027171164,0.26421555892527193,BA
0.05084906016345422,-0.13353139262452263,0.5162305876250612,BA
0.3376412929176122,0.028543293696724165,0.4227226550673331,BA
0.07436823986966407,0.30976815591456625,0.16107003121116223,BA
0.0728683392159489,0.44435889922943794,0.11790977597140141,BA
0.09803940365630825,0.3047393940596407,0.10065867113199081,BA
0.04125870013771541,0.22048750725609342,0.3947555913145203,BA
0.042617361262788346,0.42946545339595715,0.2639887745926837,BA
0.11120996827108076,0.4010271178108095,0.11879567876767458,BA
0.04063314410396075,0.5876276950265756,0.4492597097465726,BA
0.049922972855254474,0.4737632939124374,0.4433066574987921,BA
0.10248787216910603,0.12775320797623332,0.40728095123086255,BA
0.036630878210138856,0.4745702067429806,0.4386934458142906,BA
0.04668667839876399,0.36947150546025903,0.12427458664765655,BA
0.03923898939485361,0.1253965424182467,0.2592507100623573,BA
0.11720906036893577,0.5835242580751171,-0.11067295711731252,BA
0.06736700497748457,0.5413671063470233,0.3810575667926618,BA
0.0679433142416325,0.07453305186256677,0.571101740011791,BA
0.05178298403042703,0.27590216670637996,0.09225206500413141,BA
0.09722515290433764,0.3267951071559325,0.35675849227195355,BA
0.07238974439926268,0.4978622527951505,0.22536769691903408,BA
0.13096717950674078,0.21409993178118847,0.043273495259144215,BA
0.08383610670879432,0.13151756365635667,0.19212478714843328,BA
0.03774160217826265,-0.08346865629286644,0.4610123470013585,BA
0.05150032888644996,0.13066766053757253,0.4084403491427444,BA
0.03999795586632008,-0.01102547001170771,0.27972228655575815,BA
0.08941348928310427,0.22350191003512057,0.08816805405725267,BA
0.06721770971372663,0.28984423545627613,0.05035946819659449,BA
0.05178381612150611,0.7809676845457376,0.05097526185138547,BA
0.10733256489478786,0.18852135394214925,0.5000473642562538,BA
0.07756401047266617,-0.01663931900396467,0.691526839028225,BA
0.052842098694151726,0.6082155270235651,0.1917993365773521,BA
0.1713611038440978,0.159284880136866,0.46528323092429913,BA
0.11648574293208189,0.7469946216095562,0.3019573988994675,BA
0.14490987781395862,-0.08385933681277026,0.37470000350025173,BA
0.10067056802747015,0.06763140088863027,0.3357446246294277,BA
0.058582589144874624,-0.04165044079493645,0.4421457219307149,BA
0.044369547866800314,0.4710058007009174,0.3458715674751998,BA
0.10180881138107646,0.3019802857276916,0.27006502714989156,BA
0.07876551697202214,-0.017819313271111324,0.2792065758042957,BA
0.09177061429578767,-0.053821249063894745,0.4004668649937861,BA
0.049124601476994004,0.12436980693461011,0.06765898644455054,BA
0.027651935204299465,0.6290683238754229,0.45090760966117155,BA
0.054926502758094034,0.1999252612122025,0.14491174535799453,BA
0.0638316886013759,0.43219968138256337,0.2574586867198294,BA
0.13217595114682304,0.8354006707625546,0.20092270591120748,BA
0.05285288649731007,0.2519523868352384,0.613685831854279,BA
0.2199037054702449,-0.07337399547849839,0.09090923499566858,BA
0.07196365439019974,-0.06702259629609447,0.8076723060419416,BA
0.1715454960539269,0.2852261336270458,0.23296374041465603,BA
0.03618094307993945,1.0106632651025165,0.48814248763521056,BA
0.040703978678909625,-0.05540603757429868,0.5297981376610108,BA
0.04736274845606613,0.30715417586460125,-0.11695348464431567,BA
0.04376187459278119,0.28354617290773254,0.2804903425979139,BA
0.06643384010303209,0.817084081790707,0.27076915255451345,BA
0.050759859638284985,0.3630376377265611,0.5662844877512403,BA
0.03908320395558213,0.20736758872004224,0.1388135953728498,BA
0.06478869429117527,0.02950066439669784,0.567018460138752,BA
0.04809618264222911,-0.2560877070335638,0.3035169228710517,BA
0.0784834557613519,0.2783652348715504,0.3030101665193028,BA
0.14279333028367297,0.4930683423056587,0.15480399902534986,BA
0.15001576562849417,0.22098541824193008,0.5600093294840686,BA
0.16946330427803158,0.5590198758744057,0.2932340928026139,BA
0.037508845165011344,0.5581963412811964,0.4716658822743854,BA
0.062165686633848076,0.49425453821205245,0.05448995831217159,BA
0.02870932642643402,-0.11043237775578668,0.18301454217345928,BA
0.038560075047487485,0.7361889318185133,0.055937643285135966,BA
0.061151572636543916,-0.19895395684309664,0.17084979205819303,BA
0.05316782759923734,0.13044401752627116,0.2637587403810751,BA
0.13689847347355735,0.501599938867262,0.31146015458011916,BA
0.23467020179261777,0.011368727606759759,0.47708043856121196,BA
0.02673929777926025,0.31379231339984254,0.2628255462930425,BA
0.2254734248560085,0.4805250079872683,0.157125863110364,BA
0.05719341878981297,0.2730192747960749,0.1916636530638141,BA
0.03203788583627185,0.5574305254414251,0.1289958803476477,BA
0.11631710704782797,0.3052957868455953,0.04625739052798809,BA
0.06872807477380938,0.3089060989189321,0.1549921712701753,BA
0.0467779949396748,0.1295204483229618,0.20579078339899795,BA
0.04377879166125502,0.37621954001170266,-0.11166736428044019,BA
0.0626700464440525,0.2509365707287058,0.20523463536596337,BA
0.02505842683968166,1.405311725673293,0.6806695629731667,BA
0.050783894384470105,0.3211748212328952,0.5840473131532952,BA
0.24474352551348277,0.029335563269087008,0.6209862256948127,BA
0.08312293761133699,0.03764345222592945,0.40060574743961735,BA
0.04302321276732064,0.3190210426445006,0.09516150080655508,BA
0.07702896763240501,0.7564806775284648,0.34654345726967767,BA
0.045787934390565777,0.2572597490036655,0.5436680797946427,BA
0.06601856755945493,-0.24550045841548626,0.19599668099945822,BA
0.3067405490013384,0.24568781497117181,0.3329629534206609,BA
0.13880173416776653,0.2973207012895497,0.4600169920007701,BA
0.10661940297191631,0.5490903139019059,0.07784425012744592,BA
0.040965326964141895,0.48039174588272215,0.6202915396459772,BA
0.10270884133227999,-0.03735578654376886,0.38728968391680163,BA
0.20791116575621685,0.3202090137897688,0.269940971246065,BA
0.04366755936281929,0.18312233473527584,0.5012853862056842,BA
0.5359327760469722,0.22048750725609342,0.42478236173175693,BA
0.1201797433137124,-0.10558027172947215,0.37782613916878316,BA
0.10541690420224512,0.40920932373472535,0.4514256411148321,BA
0.2593192265556238,0.9153595566089961,-0.0018521032134323032,BA
0.07309032450620241,0.07968816060369949,0.18447717673706857,BA
0.11509827351657952,-0.26479416622899854,0.10761565637140529,BA
0.21218497878137216,0.41403833881865254,0.3734200798337724,BA
0.04294062788426957,0.3912341435741672,0.2698161388824505,BA
0.06087460693633184,0.008968669982760316,0.6801721086172725,BA
0.13702392295255744,0.6892864700275919,0.09794130234567085,BA
0.043261326605022785,0.06747426830976136,0.23148510586383314,BA
0.13486448790925315,0.14342793116286429,0.274013135382911,BA
0.054758025331172994,0.599824125931428,0.3555579058655493,BA
0.050876722122884466,0.30895698358127743,0.03350670431108557,BA
0.28096237297562004,0.12228294097923581,-0.015749037639992497,BA
0.22410992869632856,0.10161203499052085,0.4961212702416883,BA
0.20596007581572273,0.1644039441935463,0.05797555312857055,BA
0.19125660640508527,0.35834718513109454,0.6959514369940865,BA
0.042688584907227684,-0.2773346039263564,0.13988021803458126,BA
0.04751481753930232,0.3086304694155915,0.04855804419949194,BA
0.0031988748730960486,-0.2182183206239441,0.20116995643491292,BA
0.07047192069253083,0.16925846281923024,0.4798472279336442,BA
0.09222413261776131,-0.3410319000137109,0.3980663454746045,BA
0.026373035592323818,0.04220035449037647,0.2882468035258614,BA
0.07023306815670656,0.21130909366720696,0.4227451504544383,BA
0.10122511422372889,-0.027330893716971304,0.1693872952537815,BA
0.046673298305506414,0.3106130135156979,0.13185607158716342,BA
0.3781927499166998,-0.03143971522300423,0.8421604724615231,BA
0.045580668231084594,0.39214267959128785,0.33917670032118247,BA
0.08504118789706876,0.1469753968934604,0.5214168043679337,BA
0.041582920795529194,0.14162598109943694,0.37238476938878945,BA
0.1284352628204834,0.7079866944227196,0.31883323927255075,BA
0.12495067031765983,0.3721791304746977,0.25634519455001653,BA
0.10076065061797138,0.1310563921972609,0.5005615080386362,BA
0.04752020824576848,0.3411484675680454,0.20604293433831036,BA
0.0664268970108433,0.3802017381869816,0.10597427138566792,BA
0.23165429632200435,0.5926919609666724,0.3503821488594021,BA
0.11085274621952178,0.26526847761488087,0.4713630696108988,BA
0.059725177401090755,0.7005515747341554,0.3395876148428679,BA
0.22935560851693662,0.1912983022486071,0.4070324731770354,BA
0.4183019680514247,0.2996153882867937,0.4581092965036521,BA
0.07519162005563852,0.8493964970441249,0.2598000966749387,BA
0.10885485167504315,0.0590174581138208,0.565365127263274,BA
0.22040240559151175,0.33253234368960605,0.38988653820709157,BA
0.05185073900946801,0.008583743691391435,-0.03477908605714247,BA
0.07411117813290162,-0.05035388614561479,0.009589499868813117,BA
0.07516009867208473,0.08845168528817987,0.46013098336341707,BA
0.043341339246283785,0.3936647121468777,0.12238380514421889,BA
0.04651358236747091,0.06842613868629095,0.17146538124374566,BA
0.04055895236490908,0.03959046727100856,0.2764450390216657,BA
0.04465381982093313,0.46389984630771774,-0.04866923209233247,BA
0.044414412762348,0.13713067665416945,0.43481861552053397,BA
0.05114672807379253,-0.01664393483951167,0.24201673574815075,BA
0.04885908294166803,0.03184982588709917,0.31631370322600133,BA
0.03934531924928896,0.013025643017156061,0.30375641672383036,BA
0.048500523187377964,0.3361039803106619,0.04343148717808601,BA
0.07920819131021038,0.6135226204986065,0.17786762589422794,BA
0.16023749855751107,0.15887860787085142,0.1483580403247545,BA
0.07632114492401795,0.399894063058709,0.22184709011288803,BA
0.05577391938956088,0.3566749439387324,0.2692030714222675,BA
0.04179674844898691,0.09438681870455605,0.04438562205150099,BA
0.07027917847701046,0.0348467313301681,0.028210085306008312,MG
0.17689490352860526,-0.011100342512513064,0.29177709130103785,MG
0.10382249584113135,0.2640638211035725,0.062278160031686375,MG
0.05170141754393614,0.30132484885556754,-0.22010752136511666,MG
0.04975372240671493,0.024136328553298073,0.02305192619896029,MG
0.07270979700224922,0.05436120921888743,0.1605103400313819,MG
0.028227006820911185,0.18876952148185328,0.5173380689352939,MG
0.1416186387459734,0.20737190847709905,0.3247127330969333,MG
0.09600846862899177,0.4719979537542535,0.32676711666832126,MG
0.27577293004249454,0.21780812321069004,0.07550090550841101,MG
0.104670022255062,0.5630771967220122,-0.032571604623530634,MG
0.05945083033775363,0.37590630586662,0.33483038867685766,MG
0.21355532026286864,-0.1676226150275276,0.47154219202129466,MG
0.28875093673925756,0.24540801381693955,0.5620765489196793,MG
0.17408120973853222,0.3977575394861017,0.14273624549170158,MG
0.047890118547628494,0.1620660455900568,0.20708336841488464,MG
0.12538176315603886,0.12297660731590127,0.17694186059739764,MG
0.12518556552063687,0.25868464589791573,0.3979336353472822,MG
0.09022724583738326,0.036006372490644915,-0.023751790522924667,MG
0.05168021275488051,-0.1232982163444936,-0.013715455686883508,MG
0.27646453451442576,0.07014951627045399,0.11514711746478533,MG
0.002415037403242161,0.22892391422970923,0.08200648594519909,MG
0.04903856885407724,-0.06572667370033027,0.39365178766591247,MG
0.13742946459357294,0.15211277408833773,0.1619679694314552,MG
0.1530674838001531,-0.269273323041711,0.2324309186964892,MG
0.11509860704992482,0.3796321479834276,0.35245564002395346,MG
0.13634410622917753,0.20950077491042318,0.3935955513987036,MG
0.0642810310116594,1.0206240666578485,-0.26793206344500636,MG
0.042358852890205176,0.3525427066538219,0.04379380155478467,MG
0.3216771020810115,0.06776210210081876,0.30529600011427444,MG
0.04810217321031522,-0.12838116664820687,-0.06147341910066494,MG
0.1401174075502723,0.48338107384238993,-0.07173031125216002,MG
0.18832235091758504,0.31522519299832263,0.4503333135312688,MG
0.07279325770679909,0.4675375367505421,0.3889749573866809,MG
0.07025319631949871,0.05505977718302739,-0.18568558176414457,MG
0.14536971483777303,0.22314355131420976,0.0973157027686348,MG
0.29089824200761566,0.006611594332312789,0.6534658790725678,MG
0.15302345888002952,0.185101435046882,0.4762213213823182,MG
0.1166449034327869,0.023835541963824185,0.493016048294307,MG
0.16097641088839806,0.40768508549476623,0.4470680993745788,MG
0.1068177279115567,0.18841165424264106,0.6764150705643093,MG
0.016823003901111463,-0.0995847054294366,0.19564725672633088,MG
0.08587266735034882,0.2504106776545494,0.05704739327154293,MG
-0.0024578900771119426,-0.11474975649955593,0.04643744210462671,MG
0.07675897314791919,0.21056476910734964,-0.12346502562888212,MG
0.19881013225127414,0.34235806879847436,-0.0006446189177777126,MG
0.1642672970160221,0.21392242312717566,-0.018116585219436862,MG
0.28559916614345315,-0.5071861216162368,0.4115062641208748,MG
0.10873457175886642,0.14740650404479747,0.25672682204314873,MG
0.04346033379584022,-0.1056982964413115,-0.47192821078676955,MG
0.05536271358286908,-0.22696399531159558,0.213531915994832,MG
0.14917554286312396,0.7544876586221162,-0.1822549799421771,MG
0.2287687079898201,0.16424500872557382,0.20625260129937611,MG
0.059997684381803904,0.2857116284644823,-0.1005031004591996,MG
0.12165373854024272,0.2524831371792482,0.3314492827471027,MG
0.15636646087442765,0.05103291915644295,0.2958764947696717,MG
0.15641136416685242,0.36969871127028625,0.06677820368826252,MG
0.13580009299560408,0.4968672715152837,-0.4575857949311073,MG
0.24815471212334178,0.14379163230641143,0.6454241982204748,MG
0.14083740927024743,0.3201280052024367,0.18032943794850775,MG
0.15486952594833087,0.3568119208583357,0.37376170461939967,MG
0.03521477152568532,0.5198754592859086,0.3498767011847387,MG
0.1224327233364119,0.08110744258528048,0.49084311014950266,MG
0.19229327787039593,-0.2876820724517809,0.16836734407990026,MG
0.08818979882412306,-0.036947339056808894,0.8519022716931552,MG
0.10192822357039645,-0.37538765287088643,0.30735886197581724,MG
0.11364036452639649,0.35758730651405846,-0.023928898383616937,MG
0.08597164878361772,0.12087422822605623,0.4602951146844792,MG
0.06338150862063723,0.10286003010627479,0.2719750972439631,MG
0.23065955013166015,0.16970529578603705,0.5177723319394895,MG
0.08955435120788785,0.34111980501775985,-0.09314379377264641,MG
0.0650379573511379,0.08018230423968759,0.5255483531209124,MG
0.09577392619269054,0.5772400666649977,0.6280729275010863,MG
0.101146768811992,0.16173492318556626,0.09500010090411586,MG
0.1259434493639829,0.3420146915359782,-0.15980076156153677,MG
0.0939857621648719,0.20036037738363296,-0.7745012233041794,MG
0.10054827168517438,0.23676871727852733,0.13625282334985092,MG
0.044803684296346694,0.16618940670181231,-0.19280338438619932,MG
0.3774238614503682,0.08067823359260705,0.8307005189534508,MG
0.10310598814242702,0.15670898093722832,0.1236956301632604,MG
0.03414246143272057,0.1169344993305446,-0.08897169735612347,MG
0.10971737904600314,0.24035430233031915,-0.002271983113856508,MG
0.051048419781362146,0.21045072451579083,0.15076725536365498,MG
0.053166020804769766,0.10680455923005999,-0.027242489596888606,MG
0.09049748700416671,0.21164571817996883,0.06268622179372911,MG
0.1271714851628149,0.29143442207033143,-0.12604491858721825,MG
0.11090018840167035,0.05034447770153614,0.29774387882882986,MG
0.07062898082233751,0.46579771648990637,0.011417842853473947,MG
0.05554339430274456,0.26819357893429685,0.4278163863351084,MG
0.0789043617627498,0.146041157432069,-0.003476579527443358,MG
0.19663858700749468,-0.23009183306264122,0.4240012500008597,MG
0.08068739334605458,0.19252158204224193,-0.038508337205035714,MG
0.0385539379691966,-0.01440947122015168,0.43483178199169115,MG
0.2948910922956428,0.0905781385880681,0.24493168835736379,MG
0.14963659697745277,0.1797619497653655,0.2051733824071884,MG
0.04642227431050047,0.23869027505250973,0.35774574900119055,MG
0.11501539847247975,0.3544547391716452,0.09377313593490656,MG
0.14495408404481058,0.12472731814867655,0.3602489423268294,MG
0.03921646565313619,-0.05387298994015163,-0.2710520511930999,MG
0.18744941640806786,0.4357639907831319,0.1822358669652178,MG
0.10561210970873783,0.2205223968074607,0.8125789663451091,MG
0.12567601841337478,0.06990859021399115,0.4844197393905701,MG
0.05876650833843316,0.4529749288322811,0.4625409882917935,MG
0.16116964555751576,0.1681408352597926,0.2956232012911171,MG
0.08042624370088285,0.20244454790114041,-0.042781997525177654,MG
0.1517254783129151,0.2707950828422409,-0.5199546679907131,MG
0.13648783032411665,0.2749403953699315,0.2697504158370095,MG
0.12193419210923954,0.21708019015912874,0.2620311496157819,MG
0.16274880119909743,0.10672897293604224,0.3933102853786373,MG
0.07185778517980966,0.23909884051278218,0.12651004093592114,MG
0.13191096808795053,0.2979882756782036,0.03606028964089708,MG
0.053144226405673706,0.30724424769694836,0.447845498443622,MG
0.11910543510640753,-0.01847239763544243,0.6171797035496666,MG
0.006635080373062858,0.2797867478314597,-0.05697316959806544,MG
0.056053900986999826,0.3041069521191812,0.21795955587633936,MG
0.08136617520971738,0.30325524591475084,0.3100184705355423,MG
0.052179302759835657,0.030002250303798914,0.5537965459911958,MG
0.10674521846827674,0.5237405363098254,-0.2569990932455959,MG
0.13875552869429678,0.4680744568133268,0.3889054831092365,MG
0.04500742699485678,-0.26323800851608786,0.6142368706199223,MG
0.17474745436970543,-0.07718244636103078,0.24446145589959065,MG
0.2827086500439817,0.28297447730123565,0.10943610239591191,MG
0.09957245895070349,0.5405855682846146,0.0931506008873704,MG
0.059173477593095054,0.10397066136877194,-0.10641158689591051,MG
0.04459324010161226,0.09401490736696701,0.10825512789979713,MG
0.03687042846274227,0.21592330334072274,0.23519420180607148,MG
0.11549342002431423,0.2135019372094475,-0.14191746222605223,MG
0.23547704583900422,0.09073080333657746,0.24429351002020325,MG
0.20766193915519704,0.26997289985075107,-0.2954187680034701,MG
0.04303715251615916,0.3491271510351479,-0.04613843547946999,MG
0.06296777853785585,-0.12826338656703792,0.0708655142874931,MG
0.1057122297417058,0.2501390556562214,0.19003909822960183,MG
0.05815450273756481,0.07477323440245097,0.1881465824672916,MG
0.053802790083838425,0.26426179824368246,0.06249101123177394,MG
-0.0014068583962146375,0.15822400521489416,0.2007381804982967,MG
0.05781761437493775,0.06935256879171643,0.02548855188959293,MG
0.04202789728542138,0.30026233359744336,-0.21284151137035726,MG
0.11708953488742652,0.15014943466816177,0.3940627251157579,MG
0.1552661267692098,0.2429577876863651,0.2881391989863528,MG
0.11272125050773099,0.17850226717946635,0.19975894992605847,MG
0.07917768454595782,0.6092656965792432,-0.1998104650189024,MG
0.030771122800813795,-0.18495660443195977,-0.3977820654061807,MG
0.08148922471182721,0.17715358663551203,0.4119693466950359,MG
0.0478743670284632,-0.10008345855698253,0.24054706430425213,MG
0.08450481607058884,0.6051535817056689,0.6566549604965429,MG
0.20751070082202033,0.14642863373334808,0.5015023393381982,MG
0.07820691278727779,0.1898262824480223,0.4299706317405517,MG
0.25467140411848604,0.02963814367393523,0.016480174233216516,MG
0.045573243451339014,0.1924522752687767,0.044453612444584754,MG
0.17464083453310078,0.03065876181403684,0.20372680216057992,MG
0.035642270019468625,0.1764564373415565,-0.32880964375057886,MG
0.059204319071278766,0.2496760908265884,-0.23171511468529507,MG
0.061256711055522495,0.32327666353688433,0.006177267813479556,MG
0.05543140091056274,1.0760008422815628,0.38864593667230235,MG
0.058517971252171196,0.2538801769623398,0.28255928716715173,MG
0.054461678325691584,-0.009871748479154117,0.20172231712364794,MG
0.036490810254587364,-0.03829628507728044,0.46782465838861126,MG
0.07551400675958726,0.5866444603233419,0.0029887035470808894,MG
0.5528116850617409,0.38464770302464196,-0.0634448698533898,MG
0.17226129320979724,-0.15756248798159486,0.062050244246135436,MG
0.06419724001472023,0.3607957058389907,0.18547355971563773,MG
0.12298419692410849,0.10423881054862622,0.040370289575128906,MG
0.08474944932476018,0.1482918082076432,0.16735478230763887,MG
0.009214105911460947,0.5307034701377634,0.29141986699133254,MG
0.07410564995509271,-0.16924947522660183,0.2052758855772772,MG
0.055649838422216026,0.16256442436823618,0.1758248146905441,MG
0.06641458069441195,0.0425596144187959,0.19950783507023864,MG
0.17155672052961307,0.1951947597301607,0.3699348669796055,MG
0.07370810773325405,-0.20359895524123955,0.37278702443262507,MG
0.03849265077557817,0.8596357390191869,-0.35480760501147035,MG
0.051803084333098895,0.3201956750702699,0.0395864881017846,MG
0.1283828579395781,0.021144261299758164,0.06947644141450478,MG
0.047902357947873404,0.10940753543210575,0.7240500821893989,MG
0.14838363451486716,0.346624608085231,0.3458671066812984,MG
0.14370337085100415,0.4065549759246553,0.347047997914214,MG
0.0542747562090752,0.20307598826340054,-0.041757047882850465,MG
0.16043462809598585,-0.48113546961457987,0.6833578502726458,MG
0.21239830450887565,0.19484384940877367,0.14822071637940326,MG
0.11859583874679383,0.3927091992083696,0.36994392460551073,MG
0.060824146245016336,0.0063492276786587445,0.47400040122683773,MG
0.23100073576590863,0.08994687052810144,0.6179811398174084,MG
0.0850906896960835,0.2096298321474869,0.06332069296753676,MG
0.07568208478194213,0.40238344157075623,-0.06177518505037544,MG
0.05307127599898698,0.37384595186255215,0.8226567094080165,MG
0.040372713863363,-0.1308579191643603,0.36649485121770137,MG
0.11343801587083274,0.3559093448200555,0.1769471503476009,MG
0.07516285872622552,0.3691826029267412,-0.06182760753199286,MG
0.11442627503875971,0.2288591766679488,0.476324746158794,MG
0.2150019300855642,0.18032596790297548,0.10545439421705706,MG
0.04996183326988333,0.36096127711941767,0.05961669300568352,MG
0.02467083603949462,0.13776393971248557,0.3331899518392701,MG
0.0721993245213718,0.3612100991041237,0.09363362115696117,MG
0.11184566675911477,0.42752959829226633,-0.4334605642700516,MG
0.08348888745848848,0.2468600779315258,-0.35297962934369526,MG
0.043588190453801266,0.41985384556026406,0.2258518216523996,MG
0.04621937830887366,0.18792381234262448,0.24641616454208545,MG
0.0316136604482697,-0.08848666616795264,0.46974968114501353,MG
0.11801868346813683,0.9518221602526405,0.07156700469259689,MG
0.16429130143470363,0.20489743108640512,-0.0822527247467439,MG
0.08306611643535743,0.5283789913468915,-0.252905480960388,MG
0.06023984391856838,0.5164100020598913,0.49829624210225043,MG
0.1812015725694843,0.25640150636147013,0.35717504873731876,MG
0.22001188020446585,0.3405320158864568,0.19755351606467705,MG
0.05027146316370906,0.5573694373090486,0.39037232592796145,MG
0.30407658672565463,0.1252313813790896,0.44939050082141785,MG
0.10008782718153075,0.47076501839465357,0.26941131195831747,MG
0.07521345140794726,0.886031900652209,-0.2205763174063012,MG
0.06018644020518538,-0.15896532562279886,0.04033218540922218,MG
0.28293839981558916,0.40862361792374446,0.23715401588640556,MG
0.04349085917542286,-0.01526747213078842,-0.11618013895366595,MG
0.17265637413158547,0.22314355131420976,0.24693306369204693,MG
0.19323249669804538,0.1587116911548208,0.4069465173636314,MG
0.14215528931026766,0.45117198843633083,-0.06582882870676568,MG
0.03817635831356802,-0.17154242253912752,0.5375009673751118,MG
0.0688606260806118,0.4015588531410993,0.20835207068186556,MG
0.2140311258883948,0.09353749402856137,0.8098539279131628,MG
0.05579263259661955,0.13181994260896832,0.2133280706909721,MG
0.0886935094168335,0.11111711050216304,-0.3514999280700068,MG
0.07285437712674869,0.4063260638221294,0.030617511977153386,MG
0.07834880331887653,0.042808092491884435,0.24809366695041438,MG
0.023815525855462028,-0.33595822992780927,0.4707477470099876,MG
0.10573485139979553,0.2885619669212204,-0.04406419118210817,MG
0.14106024229366307,0.7188261949776368,-0.14388821295700838,MG
0.032339454137824825,-0.1643030512912763,-0.2544199509514081,MG
0.059211975695438526,0.0117303397854896,-0.4781552280700708,MG
0.09099277499269308,0.2881420893271782,0.32301593317152977,MG
0.08317320200529997,-0.08319894385497392,-0.27925762485214334,MG
0.06818360476260601,0.1487959146895984,0.40748655490960034,MG
0.13596370926475204,0.1488762321288745,-0.3630941618575843,MG
0.07798884120669043,0.2735973325700418,-0.37242009559051453,MG
0.10647847362369432,0.25617046793736,0.2967511396180229,MG
0.14792426685569998,0.35919542416406736,-0.07566347516983064,MG
0.03945288193048964,0.27160525432122073,0.1916961014932709,MG
0.059087128578795695,-0.023469134540847123,0.6926577541986452,MG
0.10163345406470943,0.45205181931116145,0.5927965602960535,MG
0.031651952687827244,0.0,0.32827895978522265,MG
0.15880243458491727,-0.13917156550078374,-0.027148342543716727,MG
0.1859422265601202,-0.4148700744652422,0.11311046014094946,MG
-0.00421776816035622,0.07688999570254369,0.1831360997578239,MG
0.07252970215134313,0.4264800431894539,0.5788657372949114,MG
0.11288537445003347,0.9767346088042743,0.2373978411184853,MG
0.04792877840077875,0.22047332275833081,0.6218747880790798,MG
0.05912506274028065,-0.34396290835037047,0.4523495777965037,MG
0.046490037972681864,0.46447366123627437,-0.021272759412872076,MG
0.06327314782572763,0.11351135039108032,0.10528349335723595,MG
0.12070289333787212,0.2525705520486329,0.1375861710505012,MG
0.08295801819806764,0.25098187091169544,0.15211601920140977,MG
0.03011541460257837,-0.1367834280108999,-0.07434242925159992,MG
0.07959977859453872,0.052985906286023024,0.08321684899001393,MG
0.16524834829335172,0.15224709042761575,0.24176423995324933,MG
0.1193592776296695,0.29044919398806773,-0.08837713400047843,MG
0.06177485638201391,0.31668939543716185,0.4260352881478588,MG
0.031745747788348995,-0.43842559395742486,0.050526571285978226,MG
0.042890336449925244,0.27103483901862463,0.21009871559981289,MG
0.049667603772579595,-0.11394425934921772,0.41363612869066013,MG
0.028465219300953262,0.7443845449718107,0.19583460004869896,MG
0.0846532022882922,-0.16650115631150164,0.26076015332723984,MG
0.045275119571144516,0.18269686173361985,0.2905267093331324,MG
0.062214800754537516,0.31084913173331524,0.37810734189549583,MG
0.10481467914110619,0.3139465205214715,0.3798543679604266,MG
0.21802941407965334,0.3195953632193609,0.36898141042383314,MG
0.08606909667399994,0.5542790264164906,0.13024473302898507,MG
0.07233805755582108,0.14675472579921214,0.0674388774903178,MG
0.05774601611478796,0.24571096534325715,-0.13012692989723865,MG
0.08326566500346447,0.5397369672604106,0.051478086786322826,MG
0.3168967437176098,0.17390884390562755,0.014890388088166923,MG
0.21901654309189136,0.04183889755050863,-0.04749353836517121,MG
0.1277502355796321,0.0024503810349520085,0.24124708090814984,MG
0.17287500785986623,0.31227561334388343,0.5034250428894108,MG
0.05394342680554127,0.11386087042321875,-0.17932684558406356,MG
0.19532852123458838,1.0377385416196625,-0.20061900639256872,MG
0.25002947971980316,0.20775181347364574,0.2787942432014537,MG
0.09334119866102297,-0.054394072065798806,0.29774754062978903,MG
0.042639524000494436,0.6378397621582481,0.6987799576614532,MG
0.03760806780067197,0.4126680204022224,0.053397174812104174,MG
0.2689901694622144,0.1328245652858577,0.01320381155310331,MG
0.021682603280986368,-0.0677090094541379,0.5968768194421106,MG
0.07084549426866447,0.4367573018967648,0.4912056956669507,MG
0.1191781026505601,0.21321004471488647,0.1272176494653645,MG
0.05805432893076453,0.30522310813190406,0.14774059979328444,MG
0.10435845694127549,0.5562685044753657,-0.16866489661455042,MG
0.10071677282010659,-0.07205331764005754,0.14397423221489403,MG
0.11379861589533355,0.3307589854180119,0.22327953839313522,MG
0.04999877732321681,0.31753503560146207,0.28081156128737345,MG
0.14471284137847906,0.30140279157448613,0.32564406297015686,MG
0.10199154384513454,0.32328336218587855,0.11374919256954534,MG
0.04528137220632554,0.0050125418235441935,0.2237451150420412,MG
0.24211690977574932,0.36127740920552553,0.4997532747580936,MG
0.06596476869398195,0.15736004637279583,-0.08297902849792715,MG
0.1263908977857798,-0.031631912721118385,0.2017020492490841,MG
0.08656936110146002,0.12722171952078673,0.3731282512055434,MG
0.014679952666167286,-0.01636697746420536,-0.2807093617351828,MG
0.258866078834676,-0.05979242774831553,0.09373528093861548,MG
0.17252788204370614,0.8477050679668914,0.006558971654866786,MG
0.1605070303906644,-0.06166828167808254,0.023304737934596094,MG
0.1333136919789149,0.10748303547831259,0.2501962093310063,MG
0.07341339802234237,0.16012924519959237,0.48552497814530465,MG
0.24187084918968013,0.1366194033130991,0.09455844105206795,MG
0.09692313926065513,0.33695617589627985,0.2109590051405183,MG
0.16058174934849878,0.007126251866926245,0.3822635863923528,MG
0.04771987545518299,1.1406328591417727,0.5937196337633417,MG
0.1375627477784718,0.2872701259989935,-0.3498669602104545,MG
0.0830546862258579,0.3562720430469002,0.42682499470672597,MG
0.13887093513992183,-0.03941269925003581,0.5460759424556497,MG
0.06612200708947,0.28199583330013617,0.1616006298843403,MG
0.05113427178080163,0.13639739822227367,0.40779998949398966,MG
0.013279942353077386,-0.2765796586474757,0.19773675731724244,MG
0.058953673744374574,-0.08431658374058314,0.24279979765043194,MG
0.12700094243791007,0.3118833588294642,0.3371941954500503,MG
0.05921586244557152,0.3283030417426929,0.3757621121878089,MG
0.18844616006049905,0.005962037386619668,0.4576742211694499,MG
0.10420301412868828,0.32127862367382176,-0.13331802729894346,MG
0.06316668029437127,-0.14321883078021203,0.48060646095032333,MG
0.13661607554188193,0.30146395993598935,0.22268307154928146,MG
0.055706588194406076,-0.1463987030229403,0.2938106375350384,MG
0.08076342613460777,0.14548792939004396,0.3225881346137564,MG
0.28564411710151283,0.2622830329983752,0.24216402559210762,MG
0.242081174226225,0.11419563317833642,0.37801181353471097,MG
0.09384846697870841,-0.02748587403609436,-0.3981048112701604,MG
0.13714239994858748,0.22393723714448907,0.11953128277961149,MG
0.1840456429278729,0.051214625465667546,0.3900928889156073,MG
0.3976164678693016,0.14015903194743212,0.028046531976516992,MG
0.11413707373888599,0.5858156660942478,-0.007618983240362047,MG
0.04721799188325678,0.5124798838620171,-0.48638186255576443,MG
0.2545756911219582,0.2555785020352952,0.3143150552059202,MG
0.04022458145512684,0.09027026993423633,0.0156773078590881,MG
0.07234693682864637,0.9010266372602499,0.11150384909691315,MG
0.08184248988826395,0.20353507992583345,0.18880131954896806,MG
0.2060654979679168,0.09656351369035497,0.35481723699091516,MG
0.05454509271467133,-0.004219415542708211,0.4150935892810922,MG
0.18353237071242545,0.23727935039625014,0.7856216949118768,MG
0.0563924377589809,0.569352963213281,-0.14522430476699863,MG
0.08303766766304467,0.25147902378782033,0.02113712556151519,MG
0.060330471346108576,0.7214902837070123,0.08825700830420538,MG
0.02715276458377963,0.02486453306529551,0.22125724033581223,MG
0.14700242840475466,0.33802138882649274,0.6168478456428214,MG
0.1421590222835683,0.21327910634329592,0.16893635837590176,MG
0.19649428163847285,0.27257647021948966,-0.033000470354789084,MG
0.12465983137673503,0.09859250021999523,0.2783338244781889,MG
0.11929169707676984,-0.01924369839262708,0.1719674094007382,MG
0.003664610843897597,0.07318997006964864,-0.16560049387777576,MG
0.08527782162958233,0.26405665785675925,0.30865474153204747,MG
0.03547114641830063,-0.01876227645552289,0.6319649156829559,MG
0.12636069399486652,0.0686495238440935,0.18053142499513133,MG
0.14954997005721388,0.2591980349094414,0.09361520419136471,MG
0.10442570623349705,0.05589690238212387,0.20821695462213752,MG
0.06822286336372757,0.18472251833149275,0.43221769274155036,MG
0.048516662076103736,-0.06108769197983815,0.3222299201203399,MG
0.1901548407096498,0.23783580733165766,0.2471690880540572,MG
0.09131456869186186,0.35771799512597857,0.4806703166572033,MG
0.24212679884361135,-0.2236253629351904,0.6999640852975737,MG
0.06419049352269461,0.09492759993611188,-0.3247103918189402,MG
0.3026722807826806,0.27210196651457624,0.4375480826736646,MG
0.26664381580134205,0.10073455732066437,0.4338363334438168,MG
0.037783883486535635,-0.20436365666261347,0.2877584818300537,MG
0.07858411813738182,0.007077170374085079,0.1783736744221417,MG
0.07725048465038659,0.19697067701018653,0.36691117054380995,MG
0.2562460592007761,0.2527139292279908,0.377827091511123,MG
0.03278296028988684,0.3894647667617233,0.44473235561544083,MG
0.06670444942527373,0.5075036015009502,0.2757361656685772,MG
0.07445508571117493,0.41190574412477055,0.45973270356625534,MG
0.14746591419266614,0.3543856666812082,0.19326008687509574,MG
0.12297155888325385,0.34218123173296466,0.360676119765402,MG
0.12586631853550914,0.19298898615670243,0.22645445361165514,MG
0.0459241493889988,0.1315325912394859,0.1220793630789521,MG
0.08519190306091921,0.22680655907294694,0.13938899835201787,MG
0.033344029759495804,0.4049818995942927,0.33625332260117724,MG
0.19675721388818485,0.21666297943440047,0.227516262426634,MG
0.263883926121595,-0.16421720332796655,0.27546159204072607,MG
0.1773205468951291,-0.04236403222866892,0.01817851649447105,MG
0.05674947060892297,0.08540752740765525,-0.18144993713761792,MG
0.1608001919098392,0.2403955448345472,0.2217876189030739,MG
0.04642207066907562,0.24846135929849972,0.24655024361978298,MG
0.16398589495418525,0.21555246261256364,0.2710819558423606,MG
0.11674093167748863,-0.084557388028063,0.3659158465293365,MG
0.21944117323873927,0.11780738581161686,0.2981488718510275,MG
0.1339863128375215,0.6293479529027378,-0.1967842540349995,MG
0.09825462330888779,0.4691124959623464,-0.03483053962914106,MG
0.1057286862437287,-0.03035463404791737,0.14762978526392723,MG
0.20204314043743313,0.18894998211889946,-0.22033854164730726,MG
0.12708899408062302,0.24467955145135026,0.5115457231073086,MG
0.05258124336865548,-0.0004716981219535882,0.06139376668674281,MG
0.1477457626443172,0.16504828947319278,0.5116233900627883,MG
0.13395667128152275,0.1843723137290318,0.25040557216468473,MG
0.11500309872591237,0.3994894619167954,0.30816354981480076,MG
0.043348452375446864,0.6473617568922667,0.27887756701213395,MG
0.04050197172937783,0.10217696944023232,-0.26826963299225765,MG
0.05043826538321922,-0.0652176383113799,-0.13516121128922196,MG
0.041859734958238845,0.2334605182851421,-0.07503621417328735,MG
0.13645239776368678,0.18467112059511304,0.47893687909300425,MG
0.049441533236311314,-0.0031695747612790672,0.1542450362791622,MG
0.05655321324215306,0.16653011891398167,0.29318479215829163,MG
0.338444785786071,0.18858918517456316,0.414737815985713,MG
0.19453237470330145,0.31294173921101875,0.46122213639693765,MG
0.08289062749794313,0.19798767353835398,0.07435586035270902,MG
0.07284525827674838,0.5277092648862048,0.34705328673276303,MG
0.12990538078683367,0.2822646743220071,-0.3388588841695855,MG
0.03286395116849162,0.3491048850781871,0.8558129391497588,MG
0.08467415002621169,-0.09299198091300251,-0.06380566425568027,MG
0.08372092364528363,0.40391351741674547,-0.0806382624566614,MG
0.1331137656845049,0.20763936477824455,-0.2847766341287993,MG
0.07422809938324983,0.4409394963018243,0.1429650122951998,MG
0.09095581039722957,0.07779689950680779,0.0678438545817349,MG
0.34957498790158165,0.36276568243433477,0.045622715817983474,MG
0.06175316924524215,0.5098325750249988,0.022624879162361368,MG
0.08670592792938042,0.23815000634689648,-0.27353075545985167,MG
0.16842259839503856,0.21637304474699906,0.23222722065847062,MG
0.12964031359271738,0.3534087461521113,0.1501865057344174,MG
0.11116283400017475,0.17575735979146784,-0.1969817277556382,MG
0.03234771382110731,0.053556104468962085,-0.4945447381618531,MG
0.03204565060667177,-0.13011707545340706,0.14498870037279418,MG
0.09111240635948117,0.049109704034748854,0.29767797543238605,MG
0.07816200682871723,0.2822423491559627,0.4999726097806926,MG
0.11872320720670915,0.21473207989450216,0.002520816808177142,MG
0.19346708351381595,0.5091124145067984,-0.14467374275781614,MG
0.12784054323148084,0.06595998548494877,-0.5080945523392117,MG
0.13244129581691752,0.16122498926979556,0.3997354436882346,MG
0.30911270312792516,0.22741456431326604,-0.056584427359241546,MG
0.030724644923458673,0.18499750166075504,0.7411809052257002,MG
0.06041819402806502,-0.0873651714387474,0.12689348353418214,MG
0.09609745028232697,-0.27071196823331944,0.25029317136911183,MG
0.11337126044588562,0.6010633882111431,0.03153905820532048,MG
0.1877023437751313,0.0991749531719186,0.22107653387507573,MG
0.1411059713178607,0.22965052487959597,-0.3581588491944442,MG
0.12020250750154755,0.2782160456694469,-0.02394917296823532,MG
0.04231318462517474,-0.14261410719884193,-0.102488207860919,MG
0.14398551569503001,-0.005640172876261197,0.2497531293965319,MG
0.05012513232851624,0.26444977095851246,0.0831705409141286,MG
0.04768588634335276,0.611503191519435,-0.17072977708854006,MG
0.10227752559407752,0.15094040419701016,0.23035461644422917,MG
0.12952385503834524,-0.03706066336325685,0.44501873075876686,MG
0.25107664391663265,0.33783753166635744,0.5027053968228323,MG
0.06482866274076984,0.04922694076515067,0.022320032175613777,MG
0.2877940313190754,0.24469188752041268,0.18661006444761072,MG
0.07632627434524063,0.20409535634351522,0.5348277010563195,MG
0.10339848420247669,0.715364575943122,-0.04354743368506043,MG
0.0493884776697488,0.4629030076961593,0.030637942769417576,MG
0.0459372260938039,-0.1809431968238333,0.36088868799551954,MG
0.1377053418487338,0.16535795063351422,0.36705992573850454,MG
0.055759847752592004,0.1919568687776267,0.1334937652401441,MG
0.02584066303125542,0.6540797123690358,0.18256969124300623,MG
0.20883654513021302,0.2253101148771216,-0.22480937932016726,MG
0.10424598927035275,0.24020508544132443,0.37906140922583487,MG
0.04999680207180844,0.29769370786602756,0.5748860339753054,MG
0.09645012570722204,0.5060040886458033,0.0064712458426419315,MG
0.04885374873388928,-0.09867152750702966,0.7119129157547299,MG
0.030340301269046285,0.23401979145834859,-0.2909012265778922,MG
0.04397109842506635,-0.2488960474166244,0.47343648891579343,MG
0.13436960706438392,-0.045362568697164575,0.23956602543684274,MG
0.03789733645378412,0.08876792056440654,0.7123442518615398,MG
0.06279725438085995,0.2105353992378966,-0.000722713288827656,MG
0.15472393173922516,0.43225891340842354,0.6213104613346838,MG
0.16765609227130893,0.16786874865934245,0.4786685672763469,MG
0.12930468234930154,0.2694847133998734,-0.4556365901506364,MG
0.05172667533519146,0.12341378343685178,-0.009127056411215664,MG
0.23292989773907763,0.47349966615330424,0.23268103435683982,MG
0.04433382643112875,-0.3619242998248761,0.019683091821286695,MG
0.2658415648520893,0.13256582469905143,0.04963487032255731,MG
0.08064792968057008,0.5439395957004097,-0.05592670254298372,MG
0.03585462851358812,0.6688696109785984,0.46638095327212653,MG
0.20234171555220673,0.15110871022938363,0.2859757590996154,MG
0.19400426499372891,0.29797806072196215,0.3513535888401504,MG
0.16607894953533325,0.24374610057454033,0.30537623345322074,MG
0.11569031540461082,-0.22469617444966633,0.3264773217639491,MG
0.18980829118391576,0.052413742684040136,0.30884899523235637,MG
0.08440163085213791,0.3433608976163982,0.08443411424232154,MG
0.06909900023170627,0.20531107501865345,0.5126912400753685,MG
0.11549771159165326,0.47463928682070544,0.08443000630818658,MG
0.09304925678330861,0.16873665145005862,0.12479304472974348,MG
0.04508464360613932,0.3434378720993952,-0.16795288816729634,MG
0.12704528758908026,0.37621954001170266,0.11467784786773161,MG
0.019464270380581822,-0.09466522654107835,0.5007857987938794,MG
0.10884908979394943,0.29470580633108845,0.24218840841477268,MG
0.04778310121213014,-0.1935847490726654,0.603085734688364,MG
0.21621555711600918,0.1861269432833421,0.47641620189933187,MG
0.03622230956117199,-0.208989803876116,-0.23544076257495658,MG
-0.0016740410066689126,-0.04510048137399284,0.9801962748283386,MG
0.012067446466286354,0.13596836074406787,0.5963312547093857,MG
0.04194091673471249,0.6778272445963995,0.5616357809874051,MG
0.1516595156432696,0.2768030644978238,-0.06200309200296937,MG
0.06842488960099566,0.2395038344194166,0.12644379417737836,MG
0.05220654285931752,0.14903557916048796,0.15257497988605884,MG
0.0517889897068701,0.4542552722775964,0.23585090575120132,MG
0.054987183947750956,0.17069186962849192,-0.01629386693274686,MG
0.043983509585555844,0.29747647004406863,0.08630723392495199,MG
0.09898984979941944,0.29740553548117316,-0.03950545237504215,MG
0.04205766407495711,0.31659164877303303,-0.13395864977078753,MG
0.19438471513636407,0.3519431081470974,0.35812977814636615,MG
0.08888296870715537,0.3432227992309435,0.07897984127756683,MG
0.12549614566788542,0.4607117138765087,-0.16672415609913818,MG
0.10915462532923126,0.32779206978994635,0.22282831227327685,MG
0.13404275262858278,0.08305679299855993,0.3411382773802815,MG
0.2449738399096482,0.23878429705888804,0.31157399431985605,MG
0.023668811995268494,0.2823223399757505,0.35430211129000877,MG
0.20477521557559555,0.0669218141353092,0.774048208714797,MG
0.1659971819547249,0.2263367418933647,0.2784557808922337,MG
0.07031423965989443,0.407448954585646,0.706791051923577,MG
0.12053290804999227,0.37793201374817514,-0.2039873720418783,MG
0.1854271319435417,0.08240009825685077,0.1185923262610472,MG
0.05446987137028143,0.2787134024690205,0.06324199162709682,MG
0.10052967079988312,0.2094496436308518,0.3379007788095503,MG
0.2066386545098718,0.18157043006860465,-0.09800208816623217,MG
0.19382200747798828,0.5537579440940851,-0.2218852543721534,MG
0.045671309049159364,0.07639543026132088,0.2484067050702355,MG
0.13612034033473236,-0.13523508217886873,-0.15668447946805322,MG
0.25658069253856886,0.29129398289806135,0.6664886601425454,MG
0.28822661434144037,0.27769197937669465,-0.2280570965972787,MG
0.23975667159111744,0.3694480271483486,0.7510914671495357,MG
0.1726518252589015,0.3147747821981319,0.5704904302945404,MG
0.12151843255602886,0.17071601067364667,0.15467012800542795,MG
0.06572840641668676,0.6279968515109686,0.47625860042337104,MG
0.09290130231350563,0.4496882522193481,0.08408074894809994,MG
0.027092151595363344,0.19885085874516517,-0.3302071687907667,MG
0.03962202383731983,-0.33338422593263634,-0.38373232735464136,MG
0.044718039753504066,0.18025871487606596,-0.34856317514464463,MG
0.11524788629765888,-0.004363643287773353,0.07749126092971755,MG
0.1798484569406076,0.39407978588303894,0.04712104788237026,MG
0.030879365921102457,-0.17301916413164112,0.062127511717037794,MG
0.04161158052720155,0.35858152220931394,-0.029548762131304054,MG
0.10333220937530105,0.4765924521237485,0.4531582922231606,MG
0.1518259029783738,0.17130375905350773,-0.026083188592108716,MG
0.07854162080559197,0.13582936376214627,-0.26434589685204474,MG
0.1840850834686331,0.2897807091087021,0.5852894927034268,MG
0.1928813110631895,-0.05756682715989969,-0.04896601995230678,MG
0.09622827371361284,0.24156439035681546,0.20893463847396646,MG
0.1203565352326362,0.24783616390458127,0.05435628482641634,MG
0.21097068643879374,0.40018355993023214,0.5990105100184092,MG
0.07859153849974236,0.13559931668921182,0.27718889853142215,MG
0.13691209028647494,0.0005264543422460413,0.5034601807961375,MG
0.11762950101548443,0.0415104991683786,-0.17021776774405575,MG
0.020745740326821138,0.22877736903246568,0.19177757395141898,MG
0.038776184688763295,-0.20419492818468093,0.1716039506978294,MG
0.16097962794214885,-0.0175957618903796,0.0810173844004162,MG
0.09225604106952288,0.16658397574594452,0.5657084219506758,MG
0.10946110931707007,-0.0580238401163775,0.12165700997531598,MG
0.03105152556303914,0.41038048371493774,-0.14918667679623296,MG
0.07341110880137645,-0.19259310711578437,0.25536826501176835,MG
0.139212301453448,0.5659303087049496,0.012622630735219263,MG
0.20829650884478998,0.20282156432023632,0.3165540729783291,MG
0.07222149064462019,-0.12260232209233239,0.42582291842868386,MG
0.09465208835835802,-0.030270064302756337,-0.16844365450533064,MG
0.0627308357579891,0.22470727329039256,-0.11109698645022584,MG
0.1428489573027469,0.4347509366899717,0.4238199585385148,MG
0.007806471365886011,0.2923921854548141,0.4095750316735724,MG
0.11251288081395704,0.03070648873613666,0.31132883084287494,MG
0.04139029810954995,-0.023420274208098498,0.24226874574875149,MG
0.07284151401932117,-0.008759180089881578,-0.3526013921369164,MG
0.1526418687389628,0.34598115563223436,0.6537343831703618,MG
0.1243631190133383,0.39069863799186344,0.17996630033367003,MG
0.3042418445071792,0.35839759725017867,0.31767507646577753,MG
0.1303533157388076,0.40552481138290675,0.1426634957431664,MG
0.04633985313052508,0.11548153866810429,-0.05852298930427935,MG
0.09362828385247579,0.04877424326448737,0.29097013446082803,MG
0.11950184352780857,-0.02097979046919452,-0.3092268351165225,MG
0.126583082689645,0.2672854445441351,0.016935753286347062,MG
0.0316847154464181,0.0056497325421191276,0.18064479014617765,MG
0.006560882625541232,1.052882570651784,0.08348258203069497,MG
0.08100271340585426,0.07243369714998532,-0.13161687543709716,MG
0.19172565744395145,0.3267073012920558,0.4554553320558995,MG
0.07377925897677658,0.03320617589640654,0.00538647166763607,MG
0.18024016380990132,0.18505351183977625,0.13529808271347774,MG
0.03750250572509212,0.6998812127412894,0.32037568658977694,MG
0.10938445071687466,0.08236645970303635,0.11537142031607979,MG
0.06385009003408833,0.27657645603927156,-0.1678635832625035,MG
0.12155405407139433,1.057888098441541,0.3282669891211659,MG
0.1130453566357075,0.6496620686202065,0.05447207522242145,MG
0.018615365717761043,-0.26706278524904525,0.2551359562523966,MG
0.035714390571469246,0.008097210232619303,0.42936578151381866,MG
0.14667905702513434,0.30860591272524274,0.15997546192413797,MG
0.07497445063465401,0.42848247799491285,0.1489203067709516,MG
0.08207427851287409,0.4843051698159404,-0.03438094334594879,MG
0.056108287639717654,0.15890128258585617,0.50410515775645,MG
0.11603617446854894,0.2643133114439513,-0.07973428728389124,MG
0.07964541629517531,-0.040109997338165386,0.16645594245711448,MG
0.07574577768981786,0.34266420686913407,-0.1698005912504711,MG
0.034253991088504035,0.7626833826769432,0.21655691115080541,MG
0.03294474230880139,0.06813780516721804,0.38423616600996435,MG
0.03210827355225625,0.5877866649021191,-0.03781778517395601,MG
0.142423563877245,-0.005910288539732837,0.32218850335511257,MG
0.1492401204102865,0.2750636084925694,0.07114836536384561,MG
0.03981129329944561,0.28658977305317207,0.3744047728111243,MG
0.044062163790083604,0.4212134650763035,0.19003385157064612,MG
0.03585731836238509,0.224467178244718,-0.04037297821900326,MG
0.04757846837830096,-0.1555154951066724,0.14377281363203037,MG
0.14684043440947098,0.02262217803627966,0.019299325798656865,MG
0.06464746453540246,-0.16052689696653438,0.08430940290589944,MG
0.03442867732354874,0.17544867750619267,0.13403154675220602,MG
0.18041141407059935,-0.09545679662153635,0.1288877827638265,MG
0.182341582644256,-0.057284382222051296,0.6609371182477435,MG
0.1566745902039795,0.44619298055201695,0.2133623672623775,MG
0.13801650225957604,0.23726143285999468,0.044771003955571466,MG
0.08353281313024376,0.13548761869533166,0.24901394673341004,MG
0.06033104809683375,0.27717074776909467,-0.11095734193860643,MG
0.09796637537625222,0.2898630983981411,0.2413512327256696,MG
0.05287382295100676,-0.1606231943328758,-0.36773723520917134,MG
0.042899666104880434,0.42107373847446,0.3183967525716778,MG
0.04203506197748786,-0.4538481890234504,0.23391189935101628,MG
0.055509861803779266,0.16910844256621485,0.24930757193786218,MG
0.5106550669607638,0.003362760630000647,0.028218094122107837,MG
0.14373869162781824,0.9337733141709499,-0.0005400382366095589,MG
0.1640702205477935,0.32322904009925796,0.448513879800876,MG
0.11927712614585632,0.43314683632235834,-0.022488828036314832,MG
0.044764388353964096,0.23883647437341265,0.09135010353527381,MG
0.03847686776388573,0.3139130846006507,0.5632528632300379,MG
0.041136460082726985,0.9266233181708795,0.09593983784231376,MG
0.24003064944632327,0.20054324468983942,0.04523127505284221,MG
0.03675992032423529,0.22937410106484582,0.46821702660130227,MG
0.12095075696555188,0.24202559981454114,-0.055867756052076334,MG
0.09640556773485157,0.4417128985005054,-0.17469356719396173,MG
0.06462532313996305,-0.04297415492632623,0.301719804191614,MG
0.04995662622596104,0.27678103471796667,0.36296211258551947,MG
0.008736894011870958,0.25794491035601874,0.32571250802132123,MG
0.04565205539625822,0.4870554044320787,0.511120394651918,MG
0.05014078075120092,0.10948423284168841,0.37821168027788765,MG
0.06585291167068155,0.06816948733174619,0.19760519459205078,MG
0.08622310318289442,0.35179820709943965,0.05210039846917209,MG
0.051505220459050406,0.17072980863016957,0.09024767598009666,MG
0.23448505153825336,0.13764662476962916,0.4962952874299286,MG
0.07786091665361114,0.24403699890248715,0.26947109294522975,MG
0.08271312695541734,0.17281374095918495,0.012356906128910128,MG
0.10403699902663205,-0.11501130551128312,-0.28502219137010176,MG
0.057829297551649186,0.20232222350062407,0.28278618590327737,MG
0.07671891837843112,0.8834729561797038,0.020975562807206364,MG
0.11916452331428348,0.43127873544407364,0.07680177738541301,MG
0.02021669748537323,0.6626788739355604,-0.15102784405730368,MG
0.05050596755978789,-0.16687264585290698,-0.0498199096754049,MG
0.18855908198070614,0.26963601000957454,0.467367876497266,MG
0.2558648270195795,0.17516258346663,0.2899560888008469,MG
0.0514727735180626,-0.4835334814779832,0.5383710623741434,MG
0.05488932490962354,0.16347475670238162,0.10649443118923244,MG
0.1757322029114625,0.225510416324476,0.6721907637425818,MG
0.15393024923383763,0.19368151858389349,0.23421071585139128,MG
0.14529891615041585,0.3686903806831435,0.33998341048880143,MG
0.08168663309679082,0.26316941749005346,0.2475921006803306,MG
0.07084131156966625,0.6226170297541075,0.5392707982504009,MG
0.007909364872554218,-0.11109404750558688,-0.07328965181324888,MG
0.13605522162703726,0.48436587206961945,-0.016878181116169746,MG
0.09507416767638138,0.09309042306601203,0.023820656464713444,MG
0.03724459436958392,0.13483806993052525,0.1891969299191318,MG
0.05323377118544303,-0.016103407566578735,0.128797340784843,MG
0.05903483338740164,0.4098829127057734,0.1841632841228701,MG
0.004973593172855304,0.08378267463325739,0.3118365080288792,MG
0.04779417901995377,-0.01204833851617448,0.10516087501032757,MG
0.03967362780927018,-0.42725246229307173,0.3385254785255517,MG
0.03847537322383457,-0.23447803638831627,0.026076814362545945,MG
0.09606894046710748,0.2925064132192668,0.2676085106233379,MG
0.04401103634282867,0.8076706091392913,0.17245876480538685,MG
0.09045714787505103,0.08667146060578648,-0.44491362762994857,MG
0.05064566290203182,0.06376661835898922,0.5275562990842403,MG
0.10615121003078497,0.19608138538216796,0.44194663788424976,MG
0.24648974616973574,0.24238037514592692,0.690809497284164,MG
0.010726695365156027,-0.01680711831638129,0.2623809793512058,MG
0.12025345670273892,-0.30661008233729975,0.7962287390722935,MG
0.07543348256496415,0.01938386682104859,-0.1783941877359493,MG
0.09938671092572929,0.5682365309793297,0.13346847421403438,MG
0.03475114245388231,0.18702744783136735,0.15310535715777202,MG
0.07912682453443647,0.07255622095008935,0.08191842217265866,MG
0.13151813736474458,0.3080150318071774,-0.12694839900574775,MG
0.14598101272917802,0.2737364010237659,0.04230704552698214,MG
0.10442059732320788,-0.10934740281142004,0.675551010626484,MG
0.021091575521488583,0.07356256717701665,0.6517146331967357,MG
0.0753794201276505,-0.17908006286978365,0.2909354837409431,MG
0.0664781667437019,0.1083147275552577,-0.07299503955774098,MG
0.09070632818242606,0.24098668488179395,0.027513314193158316,MG
0.21437261586907183,0.21586388631315626,0.27735657979620304,MG
0.1353790736484993,-0.02476054968065211,0.516709083563384,MG
0.1101628916176613,0.43445761823773094,0.5212158013289961,MG
0.09531020169552092,0.49672669938648906,-0.136384785001956,MG
0.21138514274329115,0.028662398234886345,0.4425456714271056,MG
0.21033164354896727,0.14644054140129084,0.19876054934079546,MG
0.09653844215724637,-0.12079403966834772,0.6004323310833707,MG
0.1697284783894723,0.07701851405203254,-0.009406201465975265,MG
0.11171375769575598,0.3180241937532889,0.2037797154825297,MG
0.0294098309619572,0.36093720437157256,0.4080804139362556,MG
0.13853736191671215,0.43708057446801185,0.45003688686880294,MG
0.11001673241364195,0.3700816042188478,0.20940583004254734,MG
0.008453420526682787,0.27648602674669576,0.3761269473392179,MG
0.13563692461625598,0.05104479256551797,0.2823903918442466,MG
0.04033447993534097,0.5315765678710297,0.21984520712149325,MG
0.25568548830270404,0.2003460876113123,0.6949312170269727,MG
0.32432646308702595,0.1696136285835187,0.8605039653363634,MG
0.04095703632825723,-0.17318907323068206,0.030445263078909074,MG
0.1430928579298036,0.26018940196329005,-0.16072286731917904,MG
0.17058733086377376,0.23845313934796933,-0.3957776207546467,MG
0.042546974477122274,0.48137407129348886,0.17265976985572493,MG
0.20835491037237672,0.254472790043952,0.5668977213753901,MG
0.04737672285833046,0.12808263928708374,0.2541541768086774,MG
0.056545320132728845,0.07805704789259138,0.18589415094023146,MG
0.09571845529847854,0.30966650792700057,-0.16122494206834936,MG
0.16526130571922615,0.2612568446422438,0.1761368271079328,MG
0.13108055503303845,-0.1261946025606683,0.8632379975962708,MG
0.17094659699793927,0.23352696672922219,0.8376446532293843,MG
0.357196338852556,0.11132665516026467,0.026874881140330317,MG
0.06855983385064715,0.14345539071051036,0.42225162495716767,MG
0.041150706243933875,0.7087550782259363,0.18783683588982233,MG
0.05451239663990088,0.8658934375465481,-0.15618665312483926,MG
0.003375232989167121,0.25131442828090617,0.13545684485803655,MG
0.18699474873324184,0.38071935914327526,-0.6391502279847882,MG
0.05499666328440203,-0.0580808380359688,-0.1528343753903521,MG
0.1673838779875013,0.10742348951837108,0.21543596236814253,MG
0.08714105997859425,0.15174278075871794,0.39003184673838037,MG
0.12505810190250535,0.2603922308416682,0.34337724324439417,SP
0.23907230017533523,-0.2602107716365872,0.49201311384500473,SP
0.042331471684768765,0.09402894964827639,-0.006346510567903251,PR
0.13232007797198783,0.6284493204511391,0.187732994981552,PR
0.1659439860317008,0.1973808193426759,0.622638387270316,PR
0.37274608035595264,-0.2420253296901016,0.23242193959175755,PR
0.032630040305185654,0.26737680629103544,0.07084454867346283,PR
0.18489249572706684,0.4126779162974052,0.5793339525433916,PR
0.03697448549437876,0.008080852053938674,0.6965148780189316,PR
0.09212087109585897,0.569636283731629,0.5573172599886763,PR
0.0494830284098465,0.04070329311350419,0.11999666128823833,PR
0.027629214306535085,0.14615628032588518,0.15963255274324173,PR
0.043737732246643006,0.1008046991219655,-0.026365104085287187,PR
0.09082310282195244,-0.002205072558313981,-0.364462134490501,PR
0.01716521568792653,0.09769966720170627,0.19267844986253724,PR
0.004525028266113552,0.1507637163862425,0.18217910395416864,PR
0.04246841839356177,0.5763142637398821,-0.4421344796395817,PR
0.08142794985925163,0.27205426276846006,0.30406488324843434,PR
0.06784935110534969,0.17824823140631876,-0.02200391329599728,PR
0.21931072408465746,0.36041244416722124,-0.1085552619537429,PR
0.093420202881736,0.2358054325613237,-0.2352165782804945,PR
0.15030021112671624,0.34907433075328953,0.46776312336558873,PR
0.12113969062071775,0.49077187004969997,0.4590891585772595,PR
0.001956064778131042,0.2145964907357513,0.17002857247796233,PR
0.16677449851085338,0.023186955489649424,0.08207489672341865,PR
0.38191781050692203,0.27219052742167194,0.09587709695202314,PR
0.11694391490189009,0.6471708294737876,-0.2686317205872337,PR
0.054423666713149785,0.23788157273772628,0.12096438435529787,PR
0.046254141458611356,0.5555771914657378,-0.0675883146570799,PR
0.0994856973201765,0.212817193487607,-0.09676845166648604,PR
0.1672451402318701,1.2068258733083426,0.18899553560802748,PR
0.03098706883299481,0.4138975076327621,-0.037606636511175594,PR
0.06400916284745647,0.34212196916333204,-0.22089709939610522,PR
0.09443314855990562,0.11296511504304563,-0.17175282336659334,PR
0.01828898002169965,0.14694199823031476,0.4604365109373717,PR
0.05476399775571818,0.47751842574822195,0.18971192999846906,PR
0.04438211136766707,0.12323264042394806,0.10022260919382121,PR
0.09380878632555206,0.5165645204350088,-0.24733383339166545,PR
0.10980335652262226,0.03900965363371359,0.47032856832251846,PR
0.1173167691952696,0.5515716878798781,-0.25779959146520487,PR
0.03811074090682355,0.20633643299782858,-0.4895868107758518,PR
0.09914846633277771,0.39437442141400614,-0.6010049329625147,PR
0.0914411044831228,0.2024124010317669,-0.33349552610182115,PR
0.12888429054991835,0.15947973572471302,0.34761643433648776,PR
0.12203519593920979,0.36000273403140703,0.10387565119404522,PR
0.09598576124585718,0.4784528066031487,0.8038534922224384,SC
0.10049828602286727,0.7423951153942722,-0.08689368863232189,SC
0.08977091654315497,0.21994247032283806,-0.40735871693466835,SC
0.11881794092718591,0.1720612298643022,-0.2697920881262582,SC
0.013578348632223573,0.1948956594450918,0.3821328578601575,SC
0.12352175076796952,0.2028038670770871,0.3540962709562556,SC
0.19798999805153628,0.7302413049661861,0.8759018024016625,SC
0.046572206606432354,0.2012755646776291,-0.005336237780154699,SC
0.07698253723430992,-0.12333159970228583,-0.0009918470988277681,SC
0.19983339791656946,-0.010730217252113034,0.20425881506725213,SC
0.11422971332592811,0.19376066518068188,-0.0740321120114376,SC
0.18568526332870094,0.23621563288156255,-0.01729877549082905,SC
0.38574868203685797,0.2947995402206448,0.09841843130483857,SC
0.07216784780153797,0.3888257891041997,-0.05923671523985252,SC
0.22577992137158748,0.36283658757392345,0.3917111712243297,SC
0.2233494775149112,0.08991077014863216,-0.4113790255426083,SC
0.1814763222249772,0.30673026742247544,-0.4059503760172156,SC
0.2976148985892143,0.47285902584213985,0.7124041574264662,SC
0.14765767067070956,0.3025880915374084,-0.4208114223708531,SC
0.20015184172399117,0.8922021803445949,0.2782237743532037,SC
0.09608919231362423,0.5746285803246078,-0.2835204697748574,SC
0.1083557229070331,0.24005402346252633,0.15271088313270462,SC
0.16897858303453595,0.2872761459189085,-0.49067403967410916,SC
0.31838624160134626,0.8820668594865776,-0.28724041449907944,SC
0.1559296050201723,0.3917828021065863,0.019831901445151765,SC
0.13784067405752268,0.7906677130785192,0.1804459308486585,SC
0.0959814404951771,0.1499737229284353,-0.07373908788523678,SC
0.11785559554605038,0.09905432610389729,-0.20319636914582098,ES
0.17105954582622512,-0.16172843965697062,0.3470795745605599,ES
0.1668347688924561,0.4502010019495558,-0.04987602538238071,ES
0.0675065870868776,-0.2575690823574174,0.6581601160038377,ES
0.09808878813535754,-0.0721143149460288,0.23921084167447348,ES
0.22629405054328372,0.32507345145024574,0.3683581440337724,ES
0.16777764018283653,0.24414245321259273,0.5747414768992747,ES
0.09894719311690384,0.27009232636250463,0.09556885420141568,ES
0.09107477321249371,0.1595556868956213,-0.23107832789885652,ES
0.09884190964020548,0.2965860956625794,0.5253331859768405,ES
0.24067155465169196,0.4348310029125289,0.5230030659316364,ES
0.20445516362731544,-0.043498173510932284,0.7090400810024138,ES
0.22968775714798045,0.2682028748455051,0.7497410424728347,ES
0.15197905604739373,0.2594995193120669,0.3940074297148495,ES
0.16832249282745163,0.0699966342306778,-0.1620182317571133,ES
0.04758004033247683,-0.016890996589699395,0.5178990527786691,ES
0.12065488616457332,0.12170430175849445,-0.021202554416951798,ES
0.15220402663241056,0.013605652055778678,-0.29849713314157683,ES
0.2892073744374526,0.3627075457490302,-0.3578960329156386,ES
0.14137836574622747,0.01659259509341963,0.042571686267970824,ES
0.052998914954462996,-0.08565261672812675,-0.0677410898528633,ES
0.20991082376831252,0.15941945497737137,0.5627544328817752,ES
0.15087064284544022,0.030676620603937926,0.22246695654612017,ES
0.15446127157177597,0.13425590579132113,0.41471198591206093,ES
0.2124256065997631,-0.23373438499975688,0.7343285528979909,ES
0.1672474256546749,-0.12206376766360355,0.16118500376048964,ES
0.10775877324730944,0.1385320178747637,0.13207107410586721,ES
0.09891288546812115,0.36704381312590095,0.36538349238835754,ES
0.05381787023297731,0.5921362345840296,-0.11645319224330399,ES
0.19408437660792832,0.22921923970846705,-0.2070909325644804,ES
0.04643572903627384,0.35082376615546335,0.10725746022953898,ES
0.13792865291583759,0.19062053389452857,-0.25388514685628344,ES
0.10843781606675755,0.24864776003399083,0.1423161030077963,ES
0.09850431694465789,0.20185563502076934,0.38475512931678707,ES
0.11233595342521281,0.2849451566140099,0.2959447492206077,ES
0.019836446829397572,0.15501193214128212,-0.06338413912063595,ES
0.09997034284181798,0.21627147255447599,0.10673212323148633,ES
0.10609218656395286,0.19862496273959157,0.48702648601777204,ES
0.17965296314270357,0.19809305478580752,0.18112272365017515,ES
0.09852380074211359,0.1921151202747524,-0.11371362643247333,ES
0.07709590255572325,0.11380341380624333,0.13062114615786893,ES
0.05175630669667824,0.5230132089578758,0.08192069317632396,ES
0.08319692454112165,0.10685472587232807,0.2966958938812087,ES
0.07008439539735674,0.22386792657225146,0.2290906791056039,ES
0.23612213762904588,0.15599167642299885,-0.21805408983505037,ES
0.12337768927210432,-0.13004578839462788,0.7048494871709329,ES
0.1604869225915144,0.27012801654465196,0.4230440954095436,ES
0.16988380045951162,0.320011567772007,0.47646654830245583,ES
0.18588771699914675,0.2528009304673363,0.47939091436278797,ES
0.17672224762570252,0.47769891731575553,0.7672778101813189,ES
0.24043327644756038,0.16504387233447881,0.5535603172375493,ES
0.2160620053099304,-0.0441290324796983,0.5417699751740608,ES
0.06955433485046403,0.1817994998778951,-0.005091343828773717,ES
0.12152171989183708,0.23187959102296823,-0.062279020229960666,ES
0.07632972847934873,0.40671477353902585,0.1696907892513946,ES
0.08696029651630528,0.4459169273604425,0.27597923504364213,ES
0.05975956130023868,0.3282800777225835,-0.019347776990006536,ES
0.1265464971929221,-0.14025993263906958,0.3141897210266206,ES
0.17995324705962407,0.2659312035882777,0.46597476509902014,ES
0.0699344778126132,0.039800591395103065,-0.05025242196097548,ES
0.12531093397619056,0.46590260236435793,0.15699867937627385,ES
0.09643734570577285,0.14498156114712865,0.1501141339618835,ES
0.1885148718081465,0.1356207001347826,0.3077590725180056,ES
0.14626348191804361,0.0822159900764807,0.011744082949976246,MG
0.0701812507247555,0.17139876926717723,-0.01793494040248382,ES
0.0350783963661833,-0.06669137449867228,-0.5985406868578825,SC
0.24132612380323468,0.6736533858789442,0.2209088912693285,SC
0.2573879067454404,0.28663110020580584,-0.1741114223897964,SC
0.08460198360159521,0.14618251017808145,-0.008826746993845471,SC
0.3751366175795412,0.08752628354546832,-0.288292193870164,SC
0.07992693495119547,0.340140282916356,0.0439666834604116,SC
0.14447651969976208,0.46475427335959174,-0.22502232265213537,SC
0.1325645676812972,0.41338280584494974,-0.35708570997366257,SC
0.1551111798768988,0.554161489929641,-0.5071414990618156,SC
0.047016672253778924,0.5005822563512298,-0.011775721770729776,SC
0.05689103872326098,0.08029994240164291,0.4794926288872888,RS
0.12148130028098449,0.4258849471169071,-0.1111243159231706,RS
0.09286296203291053,0.03319806940959583,0.48003648763835643,RS
0.15869928220251311,0.41954135098297407,0.24518778535555763,RS
0.09541281892707675,0.09620543501183614,0.6847955918617742,RS
0.1636159839813031,0.16078640424265664,0.18475941648860558,RS
0.23780917993755488,0.1918120344635687,0.08872573643523524,RS
0.17075738171120913,0.18563611070685526,0.5664160798724973,RS
0.111263707319288,0.20742747792503088,-0.29269762528670396,RS
0.12998403675955836,-0.12361395596717664,0.2929716718043352,RS
0.038437259943705476,0.28591995745838167,0.30528815211417326,RS
0.10583794105218222,0.1498398393454384,-0.010327936074890985,RS
0.1434845965603206,0.5479877499403035,0.4529716040560428,RS
0.08893688981334047,0.5750244132882678,0.7434232365030955,RS
0.08444170721633919,-0.030708656619166334,-0.013105554061289567,RS
0.05512658401832932,0.3048351516780303,-0.08962828520365548,RS
0.1945002442958744,0.49652033438837523,0.13780883296104987,RS
0.049652270617063836,0.5015389381977865,0.475083360311478,RS
0.06917623421557835,0.09118281545458425,0.6697095846578008,RS
0.07373633002486776,0.5553233940201157,-0.291450868345989,RS
0.10637278204314655,-0.15459286422535426,-0.09178597823594067,RS
0.11342547516903037,0.022473342423773968,0.5822170753430906,RJ
0.16304362791508203,0.4882944582640184,0.40333893590562525,RJ
0.15633590604508807,0.06671772303892073,0.4670551959222078,RJ
0.1764690748549875,0.011012839583082933,0.6604444052614585,RJ
0.1048913606825635,-0.03878409746365567,0.37403648672276113,RJ
0.17947395550040296,0.06751296001152288,-0.08154197000162576,RJ
0.15493618916012222,0.10544291673862817,0.32290351149452856,RJ
0.34768134111246873,0.055434481256356985,0.43588384234436417,RJ
0.09835286480735791,-0.07023385512562262,0.28178663241145585,RJ
0.18762129470295746,0.04862531168778636,0.555305307715151,RJ
0.0905385864251687,0.08960486072472457,0.2344850081317439,RJ
0.14795605848506002,0.2753682146789125,0.38631550507255785,RJ
0.1115765940688599,0.16408823259111424,0.4359927538389429,RJ
0.21470617657413382,0.22934003551136242,0.7202975386245608,RJ
0.13225611852169655,0.0495275366988482,0.5280581718663433,RJ
0.034541500640958456,-0.16070263423976383,0.6668666055646242,RJ
0.25480543791713917,0.03599987970283334,0.49427190925888614,RJ
0.09232336193938497,0.3450929796651199,0.3929082161816203,RJ
0.1091537892321374,-0.23039385227385561,0.6255875342394327,RJ
0.08203275832605623,-0.028542441155875325,0.5628906141573599,RJ
0.17879086956445864,0.086605010576994,0.04401154882826109,RJ
0.2342060179258447,0.32584114556629185,0.30058701819741906,RJ
0.06360908674492932,0.13039065251095833,0.11064296675833143,RJ
0.18209445612879588,0.08081309363032337,0.8933052980532982,RJ
0.17593370278240808,0.3406987450020798,0.5165737478662864,RJ
0.09947917761267924,-0.18303746582084363,0.8850020582899519,RJ
0.16156701720952285,0.8275726277813487,0.47670823667445755,RJ
0.10298092739786723,0.08185771311564903,0.5140338682375083,RJ
0.1610666013755108,0.33450406604457783,0.570571846683329,RJ
0.1299917089705043,0.03986169523744145,0.5784875420279942,RJ
0.12148815260512127,0.06683823404113495,0.2757949663131426,RJ
0.2163948432640989,-0.11613194474229772,0.2608146741580373,RJ
0.28831664783065936,0.035351755205609715,0.7031650650913999,RJ
0.1302775390782972,0.10570742050998269,0.49491979950848025,RJ
0.21875054358804175,0.0379137448911435,0.7237943046001302,RJ
0.14008631895079704,0.7010258898200039,0.633244948094443,RJ
0.22323227520190533,0.08072724848748941,0.5328491705711214,RJ
0.2835389659710514,0.03246124873365017,0.6052850656093035,RJ
0.5100010503357125,0.23144457635359628,0.6656122945016939,RJ
0.12679441763556948,0.09170613451747484,0.5225161502195425,RJ
0.20196335366671658,0.15652151699046252,0.9894837058360981,RJ
0.2996227044407557,-0.20117744329356202,0.6313032855541723,RJ
0.10623758436247842,0.13598150682763543,0.8010556199101978,RJ
0.053218645870646814,-0.0948878188000674,0.02215118332560778,RJ
0.14384493617358968,0.07531599646111325,0.5464526402367829,RJ
0.1250009631248832,0.06290630835625217,0.22198579566809257,RJ
0.23233006839984055,-0.032033532238139276,0.241252001972456,RJ
0.09039894915984147,0.5665676067742259,0.5705569522662108,RJ
0.2055207073833156,0.13228189525621076,0.5245893449607183,RJ
0.12895887369758222,0.3627035035725032,0.26959341246924545,RJ
0.07719604147088673,-0.07876692608437853,0.15334138255049096,RJ
0.14495321416896353,0.12314321914055014,0.23111817203139398,RJ
0.2903264165061714,0.1495332730753743,0.5159368949147664,RJ
0.06468650568004192,0.8403994514969543,0.02175622684986618,RJ
0.06839916042429661,0.1608040643179949,0.2698373741973023,RJ
0.3324318673153737,0.14522815284762675,0.6930301255700098,RJ
0.1882766137782669,-0.09368024493400669,0.43554376734184846,RJ
0.16534973359728133,0.1107739835343603,0.43478506495443536,RJ
0.2612089445547938,0.2352995823038614,0.5910064500264601,RJ
0.20964362490344113,0.17122530441115366,0.6047416739543422,RJ
0.13022342016118532,0.4918673603911368,0.5059586427740304,RJ
0.08394312169580939,0.35399577287868395,0.26169947695920054,RJ
0.09278503872406131,0.4100840539644589,0.4077103506699894,RS
0.12304420783218574,-0.0055096558109695845,-0.03052782701769793,RS
0.20106631756377458,-0.0990055237754491,0.5261951210970921,RS
0.12898645050445195,0.20327534809748463,0.1342370351916755,RS
0.09202326015358568,0.2696252887045383,-0.030019332709722058,RS
0.17244232618743963,0.03333642026759171,0.30489605318646884,RS
0.06493918974128271,-0.12445417447340598,0.13881658207065042,RS
0.22462877647167584,1.4984116592405967,0.3027696982727928,RS
0.13355168743488033,0.07828722132929142,0.5296468263738974,RS
0.10150071870615195,0.7166776779701394,0.4158831924258637,RS
0.07759151104231704,-0.1696363972666389,0.03833856867969845,RS
0.09443098450113291,0.5121362399431111,-0.051608974107867696,RS
0.06427052021492442,0.069869679960486,0.19665066249917876,RS
0.08351522481850515,0.46505720531041,-0.46493552941176963,RS
0.08802716833585711,0.22226980726561296,0.6896198156772967,RS
0.08895654798451422,0.4722876043535662,-0.23166609250241374,RS
0.17078594317041554,0.601629558653061,-0.2339241208736552,RS
0.0426190100183339,0.010840214552864807,-0.38279912436790337,RS
0.07785298708396515,0.38441169891033206,-0.2778791056149584,RS
0.04325745462997107,0.3361533082179355,0.07211111561542784,RS
0.0573503526188482,-0.5686342326873628,-0.559436977027481,RS
0.0842885291668326,0.4018744399774358,0.15973732477063457,RS
0.12423740884916565,0.21377336302662509,0.22113049891422978,RS
0.2665533409798895,0.053718607008422015,0.560742781971583,RS
0.10191406734881536,0.15844437470195769,0.030261902070222516,RS
0.1903670879328181,0.235314086934465,-0.17127995211015398,RS
0.37496507737482276,0.3852383626180257,0.19067065556895146,RS
0.04059971725570248,-0.5452270504833231,0.8683434473377825,RS
0.04568259317554525,-0.1376894027731863,0.59364796465211,RS
0.18419936316554675,0.2726118195307827,-0.5259124437420108,RS
0.09545798186746668,-0.25131442828090605,0.6757968558832695,RS
0.2845431052932627,-0.014212070285487835,0.6947679596220144,RJ
0.12108663861543442,0.3135517046354492,0.3088601472233837,RJ
0.1435928043180016,0.2556727742347538,0.09153476384235672,RJ
0.08777738901875884,-0.15606447807818066,0.41145392411824544,RJ
0.12167188801858307,0.45766679579848185,-0.09517542779851779,RJ
0.07336770725653097,0.21045072451579083,0.46265221158603953,ES
0.05195403466175729,0.7563846404762761,0.40770884452631684,RS
0.45381383534190795,0.0405852801150783,-0.00299890166621388,RS
0.4866624131747632,0.7004563110030904,0.6037279045017752,RS
0.073073440659512,0.16851358382761988,0.001042438877313162,RS
0.11331219080694678,0.2649129641905048,-0.5429288691504079,RS
0.1262616358786489,0.18018251854520517,0.23531914904497903,RS
0.5194534752907717,0.11876335924165106,0.26189589035575855,RS
0.4483234996658581,0.03953083875663522,0.4189050416165154,RS
0.21756097909218178,0.3321164296426114,0.11354358535296559,RS
0.06527064843933539,-0.22571534870258123,-0.55702236552005,RS
0.09060959547397249,0.3982863263811586,-0.44037455645289114,RS
0.046352623204525066,0.4465265949059383,-0.2541765098004475,RS
0.11767703251282519,0.2954642128938359,-0.2990011515176301,RS
0.10268563958088434,0.3351844064367842,-0.27033127567081583,RS
0.08846453398822735,0.3463896732785589,-0.29003989548672254,RS
0.05369228442750091,-0.19933290262049125,-0.18043479296116377,RS
0.14414070017199823,-0.09292395061681777,0.3405660577097387,RS
0.04405507966469434,0.16388785510511664,0.6144386362710708,RS
0.09606394968364461,-0.07546436435896657,-0.4632412695609594,RS
0.06759742071366032,0.16588926216687305,-0.14313521310641314,RS
0.0634776490333644,0.16279513444359936,-0.20616694923478587,RS
0.20225835841646883,0.2131686263948859,0.1740983767037668,RS
0.24051767782102,0.008202074904855966,0.385457018489155,RS
0.036752519560553205,0.25941163851352544,-0.32096209247593355,MT
0.19807138283562298,0.5202262409883776,0.23703419909946846,SP
0.03600902643622693,0.2473578094348043,0.09514012312191632,SP
0.12345529768252861,0.3783340556001966,0.3517554950738903,SP
0.43413073188778345,0.33542566405054186,0.5734193842608328,SP
0.2478081465573422,0.26072977809992565,0.12780410755506322,SP
0.3806391283224183,0.014535139619113223,0.6264169165032596,SP
0.022973545177062564,0.337302456677202,0.40101831171802244,SP
0.09667884708425357,-0.022025011977088154,0.8530674867707262,SP
0.3866703274259787,-0.16022120979328866,0.954183733063577,SP
0.008938264797342105,-0.43018546803132535,0.39204255454782294,SP
0.16345932127354867,0.17954412791596752,0.3304332723844324,SP
0.0338172101055639,0.9877689061222666,0.3012597431800708,SP
0.03316824237288747,-0.0134591533740048,0.605012564255617,SP
0.3029472430569917,0.061677167052012184,0.8656157200576953,SP
0.18980088709161605,0.30178382584165225,0.8507190938187074,SP
0.06748435519396996,0.22870574284948395,0.26165206045170714,SP
0.20612248980562534,0.06373945651377477,0.4549696493427703,SP
0.08065325562065503,0.36681939301050476,0.4766426474251798,SP
0.19997485730953424,0.38216426172282203,0.5290228649444183,SP
0.10115740841161405,0.17712303328804804,0.28240542968015203,SP
0.05721895077738486,0.17850277069158918,0.9074370676289507,SP
0.047823097271242405,0.12459737207611364,-0.2160863681452472,SP
0.11449846883162723,0.15524309855071056,0.3779881213857563,SP
0.11514245336706151,0.4570793782648003,0.10242307256653888,SP
0.11290104461068662,0.45813512962497577,-0.04945193699539795,SP
0.21253737683893487,0.16427541930293751,0.5201993892467858,SP
0.12488048882954944,0.2532936471358141,0.8785803365646563,SP
-0.0005291508336466892,0.07036649807656337,0.1850807933318911,SP
0.21323513275735292,0.16983228321084004,0.6511705945497945,SP
0.19485304121491678,0.0675754050694492,0.6382225078453018,SP
0.06334275822882622,0.04400458536941904,0.6239310484427071,SP
0.04533521249629914,0.7667589979031912,0.20823765867115815,SP
0.10205053799725713,0.1769500129920437,0.9900521457619842,SP
0.1491481651027913,-0.4745696428189491,0.6313735588634025,SP
0.1940379190139782,0.10938357453628655,0.46225128588863573,SP
0.13443175807251984,0.44222714403347596,0.47231618815830295,SP
0.2544230881393123,0.2646485470509715,0.33582264156630115,SP
0.17554449131782923,0.3064121099414664,0.2573227025931527,SP
0.10984077145273019,-0.4520724485477235,0.40985878800081843,SP
0.07901563574016132,0.3007340811546349,0.7149078016868021,SP
0.1430732470893706,0.2687862128294505,0.35285967045147276,SP
0.09341043095751464,0.5885463268890836,0.7872952157907662,SP
0.07774796256246709,0.4427575650703767,0.5806410560307266,SP
0.09587228524459121,0.5045318517863978,0.4552695740178682,SP
0.15221321667579057,-0.014925650216675706,0.24324705703950503,SP
0.3114920558873876,-0.16842502103143006,0.8934396371299829,SP
0.22375857563590168,0.041772138986708,0.6392779420728372,SP
0.05271994466765403,0.25723776265718584,0.534834427443726,SP
0.23508223540290407,0.23001601517716566,0.19071994364048891,SP
0.09988222635992858,0.3941560163566241,0.5396826171973361,SP
0.3299736420867744,0.4293231770692124,0.3553147669310799,SP
0.12505839318808987,0.09428359106823646,0.504693894640854,SP
0.16215294977543188,0.05257452454359914,0.4878031460441972,SP
0.2932412915914331,0.18257831922753764,0.2336944983853192,SP
0.18206186971041344,0.21487958351218936,0.3045095102165118,SP
0.1785232188197194,0.25782910930209985,0.4216954185807254,SP
0.08811366804725762,0.32047189527477177,0.73884599812744,SP
0.22824506748423132,0.2109129514774547,0.31570237804378926,SP
0.1692236011430234,0.10020016509851672,0.4579289462966373,SP
0.09535895893449839,-0.4318579194645709,0.29188653536959996,SP
0.31398804060593294,-0.10061645595306808,0.5660906522221406,SP
0.04516586776042698,0.216223108469636,0.950145551103084,SP
0.50911739601856,0.21795188995192016,0.5328876920987841,SP
0.1644625331258776,0.48918506927510924,0.24452867250458954,SP
0.2748995366832524,-0.40319495957362517,0.0008323337649118,SP
0.12867115636672238,0.4304848090698262,0.6960139266981777,SP
0.26702019575084607,0.0788729800866586,-0.03958612590081657,SP
0.21759055248732576,0.2721063250998068,0.6175355339996108,SP
0.1958996276569014,0.3133205638981936,0.22304922391908225,SP
0.1028180730428185,0.3504233994925711,0.5729453581563991,SP
0.20000148701525422,0.06712363683676649,-0.3293136264129371,SP
0.1662962681230506,0.34116071815936466,0.45785875228645534,SP
0.20494555100973197,0.12821804991636113,0.512916661160976,SP
0.20446557472053242,0.12893368337589323,0.6426606154193499,SP
0.20534876009069836,0.32701793328208506,0.5262945400435977,SP
0.1453497140030793,0.3388511672248712,0.7580893722020856,SP
0.1559759130333662,0.010811399088789808,0.53895017847195,SP
0.23410087298637927,-0.025451291985970178,0.3598054962640122,SP
0.11401298687023381,0.16228460026413083,0.04093190137831545,SP
0.046466925851061915,0.15255323539810106,0.0536004493542666,SP
0.28899581666011254,0.2784819053347692,0.8891757396731584,SP
0.037264792776099814,0.6912970412717838,0.20717459990804873,SP
0.1893794188052291,0.3531768614081282,-0.043934329581219435,SP
0.09254278464486915,0.27189903240031216,0.2012142001390783,SP
0.08132054253999996,0.2808433762314398,0.4025393097670001,SP
0.2848185140314336,0.0866703966698253,0.7051598243012891,SP
0.12301892151546978,0.011511656984020327,0.6909437610378786,SP
0.2574174831286926,0.1971224954060538,-0.3278360105516475,SP
0.07112133816870413,0.4509856234099737,0.7156040074316069,SP
0.0882041599365132,0.20279609477446467,0.6116387269605857,SP
0.5157674958622304,0.4531068288522572,-0.3848600658867755,SP
0.06970342601406183,0.21952254554725742,0.7584446087124643,SP
0.1752961903074241,0.31093780934591303,0.005843647259838655,SP
0.07507728937302804,0.3816082207635494,0.6140482341480928,SP
0.18620420556640704,0.32166202680364714,0.6394664018977817,SP
0.190485727582089,0.46733453862799246,0.5223541046452869,SP
0.19761178202715068,0.12702136579801662,0.7966003526692659,SP
0.09855279174548952,0.14929103111747286,-0.18142868364533676,SP
0.1295104361895209,0.29860082006446775,0.2343870496315835,SP
0.028868097527434626,0.2547379167324269,0.024663750712350233,SP
0.16539064116048346,0.1937162800334496,0.5784675335678846,SP
0.24282703041520776,0.15168421816143068,0.6689774057003652,SP
0.06329528390357675,-0.27199547628408133,0.2330626788540075,SP
0.17457042413468685,0.545158302846496,-0.40059447780319746,SP
0.1298701505340237,0.12942954104270707,0.03893976040426115,SP
0.2307943746727472,0.16774910092384235,0.3428676137780016,SP
0.1208555490754814,0.781925342461461,-0.1321736598022039,SP
0.10582669517366676,0.079167294780895,0.6062255692474334,SP
0.0995941371387521,0.1948306265645859,0.3611894412646138,SP
0.17308590488329495,0.38135833522235246,-0.4093996116090591,SP
0.098373336913807,0.13248285234948073,0.7735128199883962,SP
0.14761170202184765,0.12718538833477372,0.35778755788934197,SP
0.07954960759578672,0.09457214213090456,0.449071796231623,SP
0.11985913027190094,0.23443817077401086,-0.33435059508985454,SP
0.14259516429022248,0.47345071987035675,0.4363194458005001,SP
0.029516841220444914,0.43168476494359903,0.09206849908070262,SP
0.15863359154204743,0.20144739453032334,0.356877179419303,SP
0.22365501768143872,0.10511912001848757,0.1685526489424495,SP
0.2698541894852914,0.17154955397977004,0.7864908862706541,SP
0.21380936750963705,0.4726545525959651,0.44148552717468786,SP
0.14373634686212253,0.3296729741770179,-0.3221452588922709,SP
0.0966226484104775,0.2516007561282453,-0.036431433180050155,SP
0.09935226513368413,0.10107540388909218,0.5441006510327722,SP
0.15681562941600288,-0.2223314788669164,0.9396371364462228,SP
0.1312527958285853,0.352188057922124,-0.014264277256153727,SP
0.16639003207794095,0.2511510162370749,0.1127360020953183,SP
0.17935472467686422,-0.04860680580126508,0.3878788736797617,SP
0.31950598235183947,0.48195473557619867,0.437358956073842,SP
0.07012332637648824,0.678735401898642,0.21684196230982955,SP
0.20879954542378049,0.008175323492914638,0.30662619909445976,SP
0.15250579259105293,0.48972378571592323,0.49620699972808646,SP
0.16805423005542588,0.16354187772350745,0.17281935598582965,SP
0.15907435643851894,0.1388364448542159,0.16042358827530276,SP
0.17600643196428348,0.20852549686990224,0.523132268533305,SP
0.08188653127740483,0.5165533145093152,0.607960574097962,SP
0.03845385161635556,0.26943143169058353,0.02045357477871835,SP
0.13472406597058142,0.3992406588757673,0.4745476959435472,SP
0.18998184638566176,0.11988760096966113,0.9794721957297541,SP
0.15701855262648712,0.17852193218465348,0.4919345877573339,SP
0.23191794746826652,0.27694625730718614,0.8045141886523625,SP
0.03993504751592378,0.22413808148071818,0.2264296527656339,SP
0.030554021663225225,0.060454463026936085,0.5534429311957152,SP
0.18458161310743423,0.210571426249372,0.579252535445413,SP
0.1485600029182297,0.5390745251543706,0.7821438993132094,SP
0.041989221251853545,0.06475856734816313,-0.3008605751842283,SP
0.006500213947562141,-0.0990055237754491,0.7652137741634731,SP
0.1330313716997242,-0.4068735590452223,0.05602756002968135,SP
0.5482058407561258,0.14204344047046252,0.48714609615747456,SP
0.1752794028370106,0.15173322990525057,0.4982914521904726,SP
0.14752540665413458,0.4765041174001776,0.8487185097624327,SP
0.2518142425087844,0.13282442900370275,0.06370185741866011,SP
0.18731617609568252,0.04622270628232372,0.2737915730915496,SP
0.04457892753389956,-0.20714320996776867,0.3987998017082997,SP
0.11832040906025348,0.39512613031298516,0.31293665830278555,SP
0.08382979998874883,0.36886125783563195,0.40195622675444254,SP
0.11632617482438495,0.38936568917398334,0.6684308450815561,SP
0.08382296534601569,0.34228620648663277,0.3637587891506333,SP
0.14418200714526158,0.3656887286354683,0.2278206777442848,SP
0.06211593197185363,0.7019356865930246,0.9100758630041575,SP
0.0474327409232181,0.13803854686028114,0.03432345056394489,SP
0.18854797131907505,-0.11289183932797452,0.30171612171947054,SP
0.11874818756663805,-0.09716374845364774,-0.003837980310968715,SP
0.13027674299264017,0.3416643221571329,0.47483362711513316,SP
0.057651829620730954,0.19683559967820868,-0.3199680382638022,SP
0.09655834200636629,-0.05071082664950235,0.5646349323543987,SP
0.21473257222718783,0.08063720682552515,0.6639270065853193,SP
0.17370555178070762,0.26496101624859636,0.4870192847210178,SP
0.19320119805146746,0.08559952759164827,0.5143184336714108,SP
0.1295266553959783,0.39788127075887103,0.6993189999673847,SP
0.18888905521115598,0.2557351417787041,0.09405749614936211,SP
0.19610619203569515,0.1122576658351467,0.18217120143187454,SP
0.20654301601185043,0.2012935652657063,0.8455234600870972,SP
0.0004272724817200006,0.23802315808482322,0.352064608367818,SP
0.14679400201327897,0.43168636981084035,0.19293790247897458,SP
0.12995852163483892,-0.07023587972654842,0.9949548967210355,SP
0.060727273559836425,0.322225227546915,0.20901761320662243,SP
0.16951551121598132,0.2366405720980422,0.605345651846732,SP
0.13260093973597986,0.3394911068384648,0.1438969947449882,SP
0.445640696917988,0.13371122131862992,0.4674123525914514,SP
0.14499845410815831,0.5369682337734619,0.886880963565912,SP
0.06164079768360781,0.36169703432780004,0.30955636178739876,SP
0.09473301589539006,0.3491842722095748,0.36758246200194583,SP
0.12387270505600337,0.05888437073594924,0.6493965285111789,SP
0.22388093282833157,0.13385575201757086,0.3155550526514038,SP
0.07675393382822263,0.22887124205753426,0.28419552485903354,SP
0.11838471706803164,0.28445473220391987,0.43318007186873037,SP
0.16086711514033072,0.30915069358936453,0.7905667836915165,SP
0.1499931520398307,0.31015492830383945,0.6114427565899314,SP
0.14361379424964177,0.18102369807835464,0.2902776897945884,SP
0.05443902037045024,0.050377913228944284,0.1894859585490392,SP
0.24934460222545166,-0.051278918206007815,0.5048007625131796,SP
0.18340040637017865,0.3933704032248196,0.9811885675046759,SP
0.1159484006047558,-0.14570363105501064,0.6852142935242808,SP
0.048812836767890555,-0.026668247082161294,0.0328199263255709,SP
0.11770880147801369,-0.11826872517156849,0.3555653685665416,SP
0.14180375417573465,0.1986948114234983,0.1930379522580114,SP
0.09748645724103333,0.27128118691236425,0.6215943909530822,SP
0.08326536352247461,0.3557221091834605,0.008846695822972967,SP
0.11181360831646364,0.3657824408809701,0.024259920244933623,SP
0.08690002523159777,0.2539900891176178,0.06731946204639158,SP
0.11435903254711031,0.5016278072613592,0.37634010807094564,SP
0.16792119283632476,0.32143435925667246,0.28683368984313873,SP
0.1453103500697119,0.12421855661853512,0.44723093186401247,SP
0.24496803428731295,0.3845280879007981,0.7430277704509961,SP
0.18041008030147856,0.368797790150378,0.2643876520492812,SP
0.16331293257197346,0.23095334617632166,0.2108930205841858,SP
0.26900966301226037,0.20622102823570487,0.33171415005502575,SP
0.232774659601658,0.14903557916048796,0.5413104607975368,SP
0.15055095991424097,0.10486392493386752,0.5540584940634377,SP
0.10678426137313758,0.18899173059800503,0.27847166382865396,SP
0.2047011189933016,0.19102660712053005,0.1409075284097319,SP
0.04165473740411736,0.10436001532424286,0.22695642525753598,SP
0.19256627298702536,0.34835226931133,0.7200022664243013,SP
0.19794506887841196,0.3407904306629419,0.4798978403068532,SP
0.08376055508906248,0.2823290370573146,0.42202876734872025,SP
0.20128045410744355,0.14557924835222685,0.5889880677407908,SP
0.10012844683136961,0.10041112422696306,0.9036768021045419,SP
0.13630886839219994,0.397706092707061,0.5484369771548322,SP
0.19533205109746152,0.0530244683082204,0.6498229317812916,SP
0.11907073697747501,0.4149438520627081,0.006238195162211236,SP
0.29866270784995247,0.1398251889699757,0.3735062141299737,SP
0.16435838256176122,0.43931775742602314,0.5241477455584126,SP
0.20986048689202635,0.11717508250531782,0.48057307572854296,SP
0.06891304448886507,0.09470795154161896,0.16321504688182736,SP
0.21543573301366822,0.16312802745977067,0.47460884664413894,SP
0.35561704141977923,0.3001133299978435,0.21633866530486937,SP
0.23586253497481033,0.25240316001610275,0.41122707588073354,SP
0.12225563966267204,0.14407007075798214,0.21205477983068824,SP
0.47106184677989077,0.23330655338919723,0.1703536731930413,SP
0.25540518869011136,0.3592071497965884,0.142190880303154,SP
0.03754117175936124,-0.06870372879301857,0.41382507484036285,SP
0.1419165212683241,0.13727711745877016,0.022550337554979143,SP
0.18117848386665103,0.17483034158299168,0.6309734365944936,SP
0.23666543188819855,0.4987619015362351,-0.14738207710246526,SP
0.3993840828383127,0.15256330980841548,0.7041494659541195,SP
0.09335780433033454,0.25859334319485566,0.30879517692297853,SP
0.12000803551084918,0.27881938519393556,0.4464417787926416,SP
0.045867300301999064,0.010173027713050568,0.7142777979104722,SP
0.15532473921759896,0.2910567221055516,0.22011972334936192,SP
0.045295256510175935,0.5318362238283469,0.4816523375881241,SP
0.25458318709885497,0.11460292569300423,-0.1253338030845695,SP
0.14681618465283175,0.17999083935025337,0.5168740067347775,SP
0.11462588126685047,0.13956239769916481,0.1833597439821521,SP
0.1528751218414568,0.1565048208628241,0.26537565033172794,SP
0.06161076521841315,0.17557656087673318,0.12695600562368975,SP
0.1975998141373067,0.1892299130745571,0.5772493965086727,SP
0.0969914607450341,0.5331885403201365,0.004167252480679988,SP
0.0607609433248404,0.1997354604161949,0.6050948929535469,SP
0.19400795935568044,0.14472540261044226,0.5081141410143816,SP
0.19016799993000866,0.4834753509867537,0.37897294572519036,SP
0.15777578659443126,0.16301852612706128,0.3439521805030867,SP
0.32366388246241995,0.1898982734306686,0.3712204775088046,SP
0.2064796951049297,0.2301291096944854,0.5210914233721475,SP
0.19569254403498879,0.0711512949187549,0.6217048110225738,SP
0.5037281401756638,-0.567389428957563,0.28625206691553556,SP
0.075946036407495,0.16687723436648108,0.6756840028860764,SP
0.0967722060254743,0.30647404073581797,0.3274401117115137,SP
0.10854786894553539,0.14137095318085943,0.8901362322878739,SP
0.06433842641283283,0.04298656084350582,0.36624398400293146,SP
0.05235016704611905,0.2256218673286768,-0.10570717961840731,SP
0.08694179202138881,-0.011173300598125189,0.6514314467338661,SP
0.34517669554830865,-0.22385867623614042,0.6143684179434914,SP
0.020269089586246694,0.26252028287797996,-0.07486837063914797,SP
0.02271541701777773,0.13041709549516392,0.07222324201322418,SP
0.19487524757738336,0.15858554087974225,0.23416101809261128,SP
0.17618356727292941,0.20598163107264678,0.4634923699353718,SP
0.07635717539590614,0.24199135886856346,0.6962029583533262,SP
0.047322646489152784,0.16195618328146075,0.27238459525425834,SP
0.11568070892080583,0.4709816244337123,0.5080703001403608,SP
0.05159365288930157,0.025176154892474188,0.5944326764864644,SP
0.2875758728804478,0.2385711298313246,0.03793994516779357,SP
0.04538873876873547,0.08988081941758264,0.1327410950059555,SP
0.1516788100162992,0.10220729532982553,0.4353366764196346,SP
0.10911723380514961,0.005262765089720383,0.47954287998903133,SP
0.1638326982806071,0.2155365093783299,0.7215222356055716,SP
0.08696568217124612,0.33600722847519143,0.6819484498722007,SP
0.07448093006351232,-0.06431706171910438,0.19348138407240376,SP
0.0712541547723354,-0.05310982531394841,0.8547443580047225,SP
0.21697313246887132,0.15762894420358306,0.5363228597994228,SP
0.08631998881498748,0.6974344325715653,0.22830429427912693,SP
0.07255240492524477,0.08390663520242404,0.06998408906008735,SP
0.20870010007990925,0.15574335386489982,-0.04674819023493628,SP
0.10525152235248945,0.4487679627912817,-0.24039522891772186,SP
0.12520742455278522,0.2141781757425359,0.020391792076752544,SP
0.0645446181005028,0.7727648085246367,0.6143899021942727,SP
0.17179340559413872,0.17656176409717939,0.10123685028236436,SP
0.23630873289262472,0.26489277212812584,0.44452034690059306,SP
0.17225199071466404,0.16241467051837585,0.5531501335439637,SP
0.14893465349192508,0.3243512319827707,0.467139247279339,SP
0.149382743646394,0.638740458352781,0.1295415093311178,SP
0.12032990123757402,0.5220146926691474,0.23259137037116992,SP
0.1560896900899055,0.12243806003923494,0.184878927259145,SP
0.12444434060360766,0.05947973153312376,0.1408578527291554,SP
0.1941745547909277,0.30777793645491913,0.9759021126009023,SP
0.06531207411683775,-0.04721501764002906,0.3774118743631659,SP
0.08902368005415967,0.2539882266653083,0.32346997064885524,SP
0.18461836587393432,-0.21848153820839847,0.5162208622753635,SP
0.11629658247843466,0.49710936310206966,0.41371782805486595,SP
0.18746961027393802,0.16673383448853005,0.445030470470137,SP
0.05038789771963208,-0.01869213301215252,0.4486959639916944,SP
0.13252877690510692,1.2427333453667297,-0.09830025652690531,SP
0.09783477962495706,0.21286362069446046,-0.25234870916877467,SP
0.12721709586839894,0.22818795961996735,0.5165638238681431,SP
0.09981437304443835,0.1343797980589301,0.49682892317406635,SP
0.15656021146561966,0.05418101280430852,0.5652234478706906,SP
0.07252866324623997,0.0421608108242779,0.6856652442251037,SP
0.17742044875462515,0.5507896053071507,0.2368148936540391,SP
0.219584600580037,0.02576752944960036,0.5880854345189406,SP
0.1214447093204221,0.3314471004185398,0.510570545901505,SP
0.04764958871174256,0.053859169672729204,0.9530826788077318,SP
0.22134378284956455,0.5482461564151241,0.41305765637926933,SP
0.1097087267678891,-0.07345444854915306,0.7270275903630904,SP
0.3658953935817748,0.311079488950351,0.5666319457375973,SP
0.11786939577287085,0.10785336389099165,0.115698341066369,SP
0.20870699783148494,0.4210021438171546,0.8394026879327621,SP
0.04946419035025915,0.33550651950125404,0.5484474377036628,SP
0.021709910384736773,0.01101939524961048,0.452319117114008,SP
0.18779719683067533,0.32319110902931364,0.5089280197253617,SP
0.2111106345274713,-0.17486281150627853,0.5421433117279533,SP
0.09699129421513392,0.07321564609808184,0.08785129663328967,SP
0.24347406620187725,0.05733560884351306,0.45478378801094366,SP
0.11564330071646008,0.21652608439469004,0.8020468520398653,SP
0.21358550384358796,0.272446619698369,0.3341110682722183,SP
0.14498910077325708,0.16332505610329962,0.14224712005951923,SP
0.13640472530182393,0.15699604976319165,-0.20610177385149617,SP
0.18672227714331016,0.21810989301951933,0.7218435870994714,SP
0.06893932073627383,0.30623143136291275,0.4144941238094028,SP
0.19673526589622967,0.49924193724149973,0.325726292952243,SP
0.11919114354546083,0.2203760890570535,0.4079924480301634,SP
0.1570743987547239,0.43817448364419664,0.47147237108675305,SP
0.1011420830986856,0.30266181619617916,0.09232836601828655,SP
0.39151609225038503,0.265309180568017,0.44290972563324316,SP
0.06135113007903563,0.06474964749748138,0.7164487780395674,SP
0.0794069692344518,-0.30941241249126494,0.5991807180031983,SP
0.12383118378331927,0.08223809823697201,0.04050808815709935,SP
0.2175773366016958,-0.03278982282299084,0.42679978868128926,SP
0.12095869767510385,0.3120654880568006,0.0841708322453815,SP
0.047565362108410156,0.3305020696347091,0.2905180713734246,SP
0.10723248168551158,0.02454828120526139,0.12712635892283594,SP
0.13295276509084025,0.18471247245772773,0.5596475801525523,SP
0.2133729677567211,0.23282172490066919,0.0906312020465254,SP
0.2414972078044734,0.37738743346585807,0.5379942151291612,SP
0.18986157763059716,0.02896284216162345,0.6079111645193458,SP
0.22490837448112663,0.33767036135299294,0.49543519582334905,SP
0.07282173811363786,0.3002265511065049,0.83973356493088,SP
0.08473451848482964,0.01904819497069441,0.2840098029085151,SP
0.07835761702179721,0.3862980403906053,-0.10570122552751687,SP
0.032674929679170135,0.2565783274004471,-0.17041714054729754,SP
0.2921101952343308,0.04975588128939087,0.5577610773661321,SP
0.0656303615802158,0.013566099526718852,-0.06219155422473877,SP
0.2801328818813975,0.3021988340534529,0.6126711783459714,SP
0.200634141012913,-0.05629012883692805,0.5677269821020346,SP
0.12779935764773598,0.320685974556283,0.24352110984925895,SP
0.14857286798530248,0.2784030519701991,0.8033467978035803,SP
0.5499885054339357,0.08890352514166774,-0.499547703725413,SP
0.13772050243907377,0.1608686060121974,0.854998465038946,SP
0.12893392684706542,0.06180278998679905,0.15074342229004947,SP
0.13352114549213212,0.2033608938635639,0.414344493382171,SP
0.09034596292169732,0.25454294532297383,0.31182521441453415,SP
0.08752375600494378,0.2688356024007814,0.1687925477702355,SP
0.12837341396924218,0.20670992221658338,0.001972446841663625,SP
0.01934684043187113,0.14509221502559863,0.28406116767598444,SP
0.12168876673477734,0.01051949214070633,-0.07971866568165005,SP
0.21176764197357645,0.30294436633431904,0.16099280642070282,SP
0.1945525331738709,0.17224481873163944,0.24040087978536898,SP
0.14691831273099176,0.237038339633026,0.5454869545587228,SP
0.09808298231274679,0.4496389137969784,0.7259725923926658,SP
0.1486481792527218,0.2923055141954626,0.08196056760880116,SP
0.1631813668340899,0.24643537814668331,0.016123814222563884,SP
0.36317357583242804,0.21705082965011896,0.6801755045329675,SP
0.15949739429580828,0.4580274381990198,0.19310007900265164,SP
0.1814522147629788,0.3220003706765814,0.19423451041050852,SP
0.04377865425150384,0.08581476821083513,0.2525417830032627,SP
0.065402341429414,0.21402648664370688,0.6302018690911656,SP
0.33011738262273976,-0.16538825231271656,0.6822053523541162,SP
0.08067875289938867,0.1801481880541471,0.3699712855769947,SP
0.07432803474352696,0.10008345855698263,0.44858615839613847,SP
0.14922501242715308,0.10228566071511463,0.1796445923324158,SP
0.17330105208108146,-0.37321714387334337,0.42886585452048914,SP
0.0380399196660875,0.36514413353182573,0.38121149515826597,SP
0.09993098958198689,0.32346336151779564,0.2678232054178103,SP
0.12150173915138014,0.3781421545651218,0.2618094217964844,SP
0.16565101410123637,0.11879262685773591,0.4034499999682106,SP
0.4724364227420594,0.2192481081514727,0.31602739702580535,SP
0.2270631958341849,0.26884859173526954,0.5997276428923557,SP
0.1709881292980175,0.4717888059349124,0.3686839021352727,SP
0.062306222470270956,-0.12553774494377704,0.12065134553251404,SP
0.15689082386003977,0.2508302839964553,-0.20936297651637736,SP
0.17927419259208616,-0.04434259541976336,0.13469649933000638,SP
0.3187578441867669,0.15128712298974886,0.31106118498054597,SP
0.14315281227524448,0.2149197691302232,-0.12557084703898572,SP
0.1568558829957189,-0.11012157758709044,0.4124809170167813,SP
0.11700749760309445,0.023202897079663793,0.6423809769663069,SP
0.12022774347105039,1.2996325733664729,-0.3584392066759275,SP
0.19407052411651993,0.19302612885005255,0.6883674010255978,SP
0.10431406374580925,0.24631293436405977,0.1843301213075627,SP
0.19794265728973862,-0.09314751128159252,0.7531726315335641,SP
0.18801851780447318,0.058705294848876224,0.19930938316131883,SP
0.06961731080117853,0.34468529113350693,0.23763648271343865,SP
0.04052260721732147,0.9362936462491497,0.31428883307170224,SP
0.19458564917146806,0.37055373293794036,0.22800875963276077,SP
0.25525952470429875,0.15216206848765298,0.29198309848376863,SP
0.02757402572676181,0.2618159687395999,0.2687214735990312,SP
0.2848650983753121,0.05515396427004747,0.6059629649003165,SP
0.06600796147871618,0.10700187835705638,0.011569706938643821,SP
0.07174541160647473,0.22437735776313814,0.5768107181712582,SP
0.0471140298459703,0.11603297554859808,0.5876073567900877,SP
0.15313562981041368,0.044800953200395226,0.3156370729516096,SP
0.29485631207530266,0.19241690111366455,0.5546557584197256,SP
0.07783131719466081,0.19382487033505605,0.38862897541515756,SP
0.06465860971986637,0.9860736035296126,0.47354930732725353,SP
0.12837229474045442,0.07374942069774715,0.2809379123968731,SP
0.30805650734507845,0.09191094583078814,-0.2567648650786199,SP
0.19120686726602548,0.08890112724404275,0.5075216911552268,SP
0.22856819445015492,-0.007232535250012406,0.11589042922543401,SP
0.20315194284030832,-0.0895229619066586,0.5075012761578225,SP
0.12366717847685466,0.6304868655657866,0.4063129336210363,SP
0.21836920206964686,0.17156115281380754,0.5133210820303897,SP
0.07722770904498139,0.2226292802820474,0.7315125727182376,SP
0.05522932551608944,0.4273565295900176,0.31812159134011564,SP
0.07635619533438741,0.11321601559813511,0.28637159157907566,SP
-0.0009204563091162343,0.14381170203207908,-0.09269351891315307,SP
0.10153248889471214,0.3689647058886379,0.6487735852561258,SP
0.2040905444176347,0.23006065441871545,0.4303493656148815,SP
0.08506515661704611,0.0947163807454386,0.42485709496017354,SP
-0.0017116701753874118,0.1950855985190524,0.4773188822407036,SP
0.21075246843965484,0.2160778858789957,0.8707328901099027,SP
0.17168826307271193,0.3206133441466808,0.6452449977895521,SP
0.15518077522846846,0.2967122945521966,0.13543172262476863,SP
0.08414654903229193,0.06385147198653277,0.5486347033696175,SP
0.05897117838683643,0.10012456176714898,0.8774942411811917,SP
0.0756466680360278,0.2183653143223219,-0.7523940922767111,SP
0.2756609803334563,0.13538124063800633,0.14560231317480515,SP
0.30163831534131086,0.4020924236295252,0.3926050683534726,SP
0.20080683002962388,-0.18445432219850239,0.35591102524524,SP
0.03141774922331337,0.11732693530640143,0.21672691116538487,SP
0.08202894025913775,-0.1476676749491801,0.5444656079207835,SP
0.13740564226534585,-0.19984249519740901,0.3490944464210554,SP
0.21247542257149238,0.23500524655579946,0.2912549805074,SP
0.07594138060407248,0.583052127820007,0.16326940155213904,SP
0.17809410008989843,0.24118810311853175,0.0863317802676854,SP
0.06136131710363417,0.37604310904827737,0.014163582935109926,SP
0.16649874420817878,0.1221265607349742,0.5058054544082371,SP
0.1997513060684071,0.020834086902842053,0.13491712089110425,SP
0.13116678789150987,0.023026027233300647,0.14529751198339363,SP
0.04810863395319709,0.3665496918584909,0.1903103239279672,SP
0.08655243111306465,-0.1517468325158638,0.46478504896088246,SP
0.31579733006855937,0.10034749882465714,0.4049477626097737,SP
0.06096161134558946,0.011396134730869582,-0.609614567490931,SP
0.23945032940196292,0.7628727504077912,0.14270613987275743,SP
0.1731855064613787,0.00732039485566441,0.35234890163981786,SP
0.15258983679014904,0.5433798089575862,0.6788004501174036,SP
0.2960416405956769,0.12112706766997366,0.7095821629551742,SP
0.06781162520137082,0.2924690610090056,0.4145899055703416,SP
0.1654499694149278,0.18851758621705533,0.21843652937251595,SP
0.07891397613734913,-0.01803204380592294,0.27987697490507507,SP
0.09783688747860549,0.20058549118484492,-0.1951582744216119,SP
0.043416110830823855,0.24994174446893383,0.13942018340778378,SP
0.12427227864162382,0.036557595733797514,0.444041721589021,SP
0.2930213208553995,0.0891721910332411,0.7396061542290158,SP
0.15393753449936642,0.385360091937591,-0.15213026842283214,SP
0.22564033287892316,0.025805048568599363,0.5700062807707292,SP
0.2516455766436587,0.07091357547540841,0.634647424838339,SP
0.2378524829794726,0.20590432056258662,0.4392499152212166,SP
0.04395360960227391,0.03319806940959583,-0.02333548043789991,SP
0.20583216538273055,0.26069822014021177,0.657097605389119,SP
0.0384392311994519,0.3184537311185346,-0.18928111714753051,SP
0.05080465812262855,0.33203763955334725,0.9402581967372273,SP
0.21082818741167075,0.2862087610179773,0.5156116417076355,SP
0.05395344449554391,0.20890119459866657,0.5091928107034082,SP
0.053310283625065215,0.13501543939701757,-0.07234409596243022,SP
0.16957920097357423,0.10539997817830256,0.3031502597357453,SP
0.24757001746981788,0.18883365358874943,0.6273161471933173,SP
0.23574235137856178,0.054591751792659224,0.5255538086244453,SP
0.1772763403392899,-0.0005413306038108889,0.37787590618010086,SP
0.10384482890498595,0.22069728065518252,0.3133147328857197,SP
0.29962177401299483,0.027918482731757385,0.662975828156377,SP
0.23880489553361098,0.29167980538350785,0.259541320291117,SP
0.0683432772016137,0.31925022658079427,0.0382188171310379,SP
0.23602460566313493,0.39523957550365346,0.7321309181749576,SP
0.1759920526218616,0.24163114810772163,0.6182673622983942,SP
0.1449283212895414,-0.06030487760907446,-0.0745514549174444,SP
0.2558179209450444,0.242529887755838,0.4675376718901423,SP
0.19507099443038373,0.19927487740516558,0.9744926359865442,SP
0.020545670002850406,0.4256116734988782,0.19866544449056303,SP
0.16826538554906087,0.254811741893295,0.7753481874966777,SP
0.20981615825394306,0.0708484163550656,0.27404757009241965,SP
0.16989680959712883,0.16933045357465545,0.5646284357294065,SP
0.048494480698458006,0.2405794759673202,0.20239666393603323,SP
0.18809370394866268,0.307459962886325,0.5677731881454285,SP
0.04905879919531509,0.2756209116967151,0.21210278757706458,SP
0.22781186790640753,0.24399068601621443,0.1798432083671722,SP
0.20871712307401938,0.20427720217324127,0.9910619384140236,SP
0.13418439209263905,0.04382326654109514,0.7515237621413287,SP
0.16890535254605504,0.34065232517970595,0.26306178922613105,SP
0.20590806181785457,0.3405013238455949,0.4400266872489026,SP
0.09388873077353145,-0.05872355691562184,0.38615930967623546,SP
0.2639965048090347,-0.14289843497689156,-0.11950620049133792,SP
0.23603536846780981,0.2223198492418451,0.329439708798258,SP
0.04218582212421842,0.235580646978693,0.4781596236520838,SP
0.12239739970840123,0.28887184058736964,0.236079598854356,SP
0.07577969770597243,0.25679158543244246,-0.029032676993289094,SP
0.19309875990888475,0.20947341422866173,0.4406612756106708,SP
0.14985087584836834,0.02058391714348719,0.44220205123073447,SP
0.16375151748006264,0.018329734191583145,0.3166345494863362,SP
0.15326823499900577,0.4218871391299206,0.42061342395236634,SP
0.11066789723012847,0.16854271090528597,-0.0008006394549056636,SP
0.20823561655601439,0.4090861138751167,0.05485893717001095,SP
0.18325028786730854,0.09553325511010775,0.33589889190081756,SP
0.19369067880865512,0.08564515744521006,0.5585935192421151,SP
0.0009599969902545499,0.19050395194889422,0.039108195048333586,SP
0.12216907490469453,-0.1629067421766039,0.3899816496832487,SP
0.08005524142497339,0.0068434826536745725,0.1250590207458728,SP
0.29089744557241587,0.12969281634614105,0.5806081203476168,SP
0.01632746728761515,0.07145896398214505,0.3296517877032658,SP
0.12259567386117792,0.22220217788555657,0.26554466595373644,SP
0.19255136833137446,0.6321948682377043,0.24287247531749845,SP
0.06284629013887902,0.9560140838920023,0.0228728762831212,SP
0.2342682082105318,0.21080263036024718,0.5000914076510138,SP
0.1728177160452887,0.3763768840447547,0.3488510067605625,SP
0.01996094076964104,0.002861232281032195,0.2548830330814008,SP
0.18354463883186584,0.39316126902531584,0.34028903275805955,SP
0.043759608780297984,0.3888761954150805,0.35678341120145635,SP
0.13133149401951963,0.08210450662632651,0.027106075446827683,SP
0.055361342179334444,0.1676388800014696,0.9760794859679007,SP
0.06131890196424538,0.14216559708582993,-0.43942225663439943,SP
0.027562367160606175,0.04167269640056808,-0.6242012916189867,SP
0.02407089890169913,0.28730928586778054,0.25040725017490295,SP
0.013015017169609866,0.20714503194094736,0.4092429743316469,SP
0.22524043851376535,0.1629679934875834,0.47909413250569527,SP
0.18307142798673218,0.2605750253726496,0.5233460780856978,SP
0.1426433595674204,0.12043677745393305,0.6255255513989832,SP
0.1659875683526877,0.17485620766416324,0.3675074547862051,SP
0.09643295469565938,0.21770614786491055,-0.09487108046957894,SP
0.18587181176945985,0.10513684847366249,-0.008758020423922173,SP
0.22375800950260194,0.16574501260817764,0.8033166008779459,SP
0.16622061983935568,0.3429897962846087,0.6761715150579746,SP
0.17982108612228442,0.24136729027066128,0.3834971074848054,SP
0.07450797980626436,0.027150989065950898,0.6038970873748521,SP
0.13497741522969436,0.3241972854268784,0.2874208735473312,SP
0.048538641719398826,-0.013210231736806462,0.572240397439575,SP
0.051786019067029246,0.4420992412879448,-0.11571900989945456,SP
0.06640024545630352,0.03670136685042796,0.14590663847175273,SP
0.12441737167713418,0.28524750034239954,0.7338519683384612,SP
0.033218651232343105,0.28886690671361265,0.020254382688230918,SP
0.03509696756045225,0.4312608133536405,0.4000970140271131,SP
0.1766207473491237,0.04399647746175285,0.2987257399657783,SP
0.12351703802538311,-0.07342454983105833,0.05739789198333537,SP
0.2522509603453489,0.41853529547387675,-0.28969136279280916,SP
0.1290145544111546,0.23628486036695306,0.30334654327768795,RS
0.09703539217204996,0.2746828179081412,0.3526682098141109,RS
0.08534520745568966,0.23535913908233363,-0.12156915167520145,RS
0.17887337772922624,0.13325295742851517,0.5755238250747736,RS
0.06536396812566352,0.3650555697702877,-0.36670375833423374,RS
0.11795126316648288,0.2451224580329849,0.26208731470295016,RS
0.10046508821380007,0.48317409243548054,-0.3686385913964762,RS
0.12905509166182613,0.5175207187683695,0.555349975952109,RS
0.061462978218236396,0.2838285031357909,-0.07895553416898578,RS
0.08072206390800744,0.184922338494012,0.020878012619442287,RS
0.2903695508853965,0.2647735816549108,0.4289109327081585,RS
0.10691187279629127,0.14473884564491177,0.11380494791030925,RS
0.08015046322048634,0.3816746912715287,0.855333828944844,RS
0.056105801906817854,0.26426179824368246,-0.0413727564342185,RS
0.19506095299460138,0.23727543395208023,0.19645106710307092,RS
0.16767047001130533,0.37643350769528083,-0.17142460729481093,RS
0.11753689019998176,0.9446352048832976,0.294670485065519,RS
0.23477590387708036,0.28840227413937497,0.3580270429708538,RS
0.059111250916511655,0.11323136644166433,-0.3199132726349425,RS
0.10613795096546892,0.24133457471604802,0.2149947640833114,RS
0.08247622055381201,0.26907993849878986,0.23912647526546607,RS
0.14436489429232915,0.29801426768898637,0.20015563638460324,RS
0.47563748912683196,0.010881500187534207,-0.5309643290354228,RS
0.13313798072137342,0.4568218925436712,0.17765016900476413,RS
0.12064595398963901,-0.008163310639160981,0.4862351947277465,RS
0.26317961727553035,0.1789197479396672,0.30437072968656376,RS
0.18393151850316658,0.19105523676270922,-0.3359545633674483,RS
0.061225120905080685,0.04546237407675741,-0.33913993946987886,RS
0.4149416059315964,0.19284249319471738,0.27368199830964407,RS
0.3264890858691298,0.25758772860333756,0.36983584597198393,RS
0.12512279540333288,0.45413028008944545,0.5469323445272778,RS
0.24868278879681033,0.023530497410194036,0.5043127874926614,RS
0.268819219675426,0.35054935051204966,0.30309307325128276,RS
0.23100903667967038,-0.5406578741908086,0.29935387246154893,RS
0.116332124781658,0.3343691864244341,-0.05550952114966445,RS
0.0850480444576902,0.04433581382005162,0.5073805334880171,RS
0.4263294482344252,0.15906469462968728,0.2983440720663704,RS
0.14812283510628613,0.23517463312831216,-0.7441805759216169,RS
0.16365692903435552,-0.06755815101129109,-0.042458419048397686,RS
0.04954293089810098,0.36183870048679206,0.0390236882289911,RS
0.10750375079734316,-0.11826392049373424,-0.7289313810502432,RS
0.11923261473113113,0.028049303809899586,-0.06806885163351506,PR
0.03683344845264086,0.36697034779983206,-0.027005393810839565,PR
0.09504072131007268,0.5616413847977968,0.3517802821786731,PR
0.20057081432784238,0.2737605519525816,0.45646655129830577,PR
0.23150056101158437,-0.06329145622145393,0.2219610512165074,PR
0.0739040588517645,0.012861913642407822,0.4039771955663257,PR
0.07427549140482911,0.10907885598660512,0.16781507827878908,PR
0.10563717308668182,0.13789388219238569,0.3924594304770695,PR
0.11218468478866424,0.20620380172583275,0.5442110653214387,PR
0.24744227449871603,0.05733370789617611,0.4621658033244778,PR
0.16634397709843388,0.22378232489070465,0.654917208815537,PR
0.20041414414676126,0.09514636622381283,0.5038928699175271,PR
0.14343190253210697,0.09778830720962554,0.37735960258080137,PR
0.155933078079925,0.2204110360347258,-0.08309894875009384,PR
0.057369482726533944,-0.15876353808915702,0.013303946906829806,PR
0.0971935643483856,0.30032825963450194,0.3546070344457054,PR
0.18227020368500252,0.19060994733466102,0.5484986369643271,PR
0.16403852018680612,-0.15062736012027653,0.06593087462894988,PR
0.16995182390259536,0.009213675460365759,0.3125338939654705,PR
0.04427071301829451,0.271624050847965,0.0672955977859449,PR
0.15512708507209125,0.34510745458731745,0.12004148046157327,PR
0.14290250040720534,0.07959442671414309,-0.20471961214632323,PR
0.10946662596723294,0.1937458515093783,0.12815527852038017,PR
0.1443833434499575,0.15203456585968217,0.1594758424630817,PR
0.051340764953807995,0.3291428405485308,0.29817285684497613,PR
0.11284378353685538,0.24592115678096757,0.47156058999579054,PR
0.48958391387824335,0.3599644205891311,0.09649019450876763,PR
0.09008328395921722,0.11411330676742105,-0.1055317598740074,PR
0.2392790861356913,0.47447061295603216,0.61501562574083,PR
0.09196870494256984,-0.026275815402282725,-0.2975094902748595,PR
0.11166984261192253,0.24410867977925468,-0.13247499665274654,PR
0.16700052401790055,-0.19562840106113838,0.31760105566771946,PR
0.15230109595826397,0.21087105184840518,0.4278828435942145,PR
0.14430355704668016,0.25575804319960765,0.18967406721120514,PR
0.09261311731181444,0.27190928263122716,-0.1026308359688998,PR
0.23628098727155206,0.4433409036633083,0.5978000118509998,PR
0.19161278294782083,-0.03509131981127006,0.46090321333073014,PR
0.23643784503144324,0.21797354746530023,0.5057388313738136,PR
0.2067031937021194,0.2873433868565365,0.18870346058879392,PR
0.07780175557979871,0.2860250712441514,0.09384335208083396,PR
0.09082888994835989,0.6174592140706151,-0.37812116382655653,PR
0.07171025709371355,0.24486479833938715,0.46734494029776036,PR
0.021916361633020645,-0.017248271624307896,0.023250537153593796,PR
0.22986738305697604,0.2428154876344936,0.17084286740074323,PR
0.1483342192763729,0.36067712534472063,0.2694540806446029,PR
0.055440766990142054,0.28256697178501045,-0.3916025578822623,PR
0.107763845716446,0.035904261893273955,0.07458900752581674,PR
0.07189252684550261,-0.08485040924163953,0.1264828728186641,PR
0.12442614765770263,0.3398596098093759,-0.024537577766863935,PR
0.15931670130707773,0.12814890021495484,0.5214934340974365,PR
0.23679247615790855,0.013875346493617019,0.36956967366934457,PR
0.33794394871885286,0.38199772208959737,-0.04406288681036209,PR
0.1033378806633901,0.31186520749616814,-0.17271117465948468,PR
0.1705115929492576,0.21753213727542428,0.5366953729569821,PR
0.24981230664163653,-0.03629301312805794,0.3352174831511091,PR
0.0694400917155471,0.2341708225419184,0.2789703318250867,PR
0.04908170988358168,0.37936635514080314,-0.04701189956020636,PR
0.11379805074522101,0.4702126375023225,0.506677020216796,PR
0.12475986118307346,0.36578012337498444,-0.30465304663230697,PR
0.2597373913573847,0.3554512976512844,0.15224074829630524,PR
0.16851478372342793,0.21689175487894097,0.04362844926803695,PR
0.1666646025709256,0.294773655949221,0.626954268690119,PR
0.029266851475892,-0.06320607590379258,-0.05515102612151279,PR
0.28054458573045377,0.062421106323716974,0.22707557048505606,PR
0.24028428580013758,0.049813123805522046,0.5951964005645596,PR
0.210469309724171,0.3926746274437954,-0.032226949738080796,PR
0.05238109611503249,0.20389650471103388,0.33039177332247754,PR
0.1925199642844292,0.3163157315434424,0.2725240916920133,PR
0.11877436917196581,0.28768207245178085,0.31253603188919626,PR
0.14222949840596102,0.1852066852093537,0.26049642392256533,PR
0.11545212054486922,-0.3245299018256945,0.29573674578070447,PR
0.1195101712865289,0.26097756768104324,0.44037934347597835,PR
0.1013245921928519,0.038282186571016966,0.4060754224389793,PR
0.05971656862272762,-0.2014473945303234,0.4488177192777383,PR
0.07094089791356382,0.2891015191060072,0.6898114418547762,PR
0.21137593004528882,0.10208010123146026,0.9699271849257136,PR
0.10737349045299993,0.22451560732639111,0.6555829196654894,PR
0.09508844080660779,0.16728621992168524,-0.34657499335054237,PR
0.24328451698682937,0.2178605460495447,0.34125244229442764,PR
0.19078204803508203,0.21397722677325032,-0.11361517076324372,PR
0.22487077759608695,0.009337135995939917,0.1543397800519855,PR
0.15135113314135357,0.10229955541202566,0.4235309688099994,PR
0.14540815268768587,0.1393707570787372,-0.4970004240471526,PR
0.06010980377058887,0.4118549062069354,0.4878370190478016,PR
0.058819592398509285,0.2484912095992437,-0.08690297708057952,PR
0.09782262703877181,0.05200478499031455,0.6585729598359233,PR
0.13563130679163454,0.148033319013333,-0.5114213951149976,PR
0.22787119988061208,0.2038534205131375,0.12633680483519338,PR
0.09498578147812484,-0.3444048513469181,0.3551901565213875,PR
0.13519537809955443,0.46825712712983797,0.36238435329174323,PR
0.12593745029635933,0.419006146071587,-0.21230451830783328,PR
0.19622886574804743,0.4073335191681918,0.6703963952398209,PR
0.0751462691400488,0.2378314958697234,0.8024778774253374,PR
0.19184885239136776,0.5003916316637779,0.30543334917637105,PR
0.3463718118600675,0.3547222328712446,0.0735656937301125,PR
0.04983504103296495,-0.1853564604891087,0.21591553061090102,PR
0.14947532322236487,0.4105552137739336,-0.32313293890881706,PR
0.14910554869806278,0.3689760511105032,0.26246368465363445,PR
0.15785830450275604,0.16624561182423905,0.9612529760009019,PR
0.0961832230733204,0.3397462317699865,-0.25366262944641454,PR
0.08457885695975942,0.25024290393514614,0.21484903175704625,PR
0.15007445039488884,0.25524679669862715,0.11626664379199624,PR
0.0903403392562985,0.2976607725016771,-0.417065176095029,PR
0.15813435147200078,0.5490858373857097,0.09189213305347957,PR
0.02436297243594909,0.2256218673286768,0.13504075020862402,PR
0.14293452738101184,0.30495015008386106,0.004929319066737748,PR
0.1895338555564339,0.3050220928709723,-0.7232852822572797,PR
0.05811939258328869,0.59984141112805,0.6529920377606828,PR
0.07113787647308188,0.33363937353690876,0.5294727170453872,PR
0.20078301065396525,0.1535704651315496,0.3324510385238238,PR
0.2183268150057043,0.20536128649028795,0.5733966841228657,PR
0.3469053004735224,0.30645993567102436,0.133484029575576,PR
0.22266303057293294,-0.010743842469609226,0.5232483508436934,PR
0.07349581466153891,0.1642136578258791,-0.30630254778234794,PR
0.0011671872261228003,0.05778344176332774,-0.17184374346973808,PR
0.03647538134376204,0.4490133533538997,0.5998535335784313,PR
0.11720944333479727,0.4263699008676019,-0.22021395012736136,PR
0.030357872741924054,0.41907076016394307,0.1281065049372612,PR
0.2948976597763498,-0.02083995443164426,0.11285864695868765,PR
0.24568820579407685,0.43194565252955863,0.46494748535815084,PR
0.06022339941998882,0.125163142954006,0.04629025614759488,PR
0.04227726221610637,0.14114293797361593,-0.2190383095990432,PR
0.10721490840997387,0.02188869878943701,0.28784568077675793,PR
0.1966075944916275,0.14685762367223704,0.14831694600964565,PR
0.17043033461722862,0.30737328534196273,-0.09929152393849444,PR
0.03590879770447932,0.44665266651477903,0.14215501513123716,PR
0.11470414295167243,0.27872339392632456,0.06912215334422986,PR
0.15056372910202329,0.06819510519015376,0.6368568119412752,PR
0.25513934046008097,0.0762515224704127,0.5979508553438644,PR
0.10760861277140465,0.40499749061074936,0.38872071650517337,PR
0.20254973347408695,0.4680787008361511,-0.27749763169098574,PR
0.11624302733648062,0.07845349917127237,0.275045185697353,PR
0.11034733142949674,0.32384303711607193,0.12843441725601226,PR
0.17154785258848945,0.44765574436166894,-0.4936669635014852,PR
0.19840669702827093,0.1892711477839798,0.19623086175840831,PR
0.18302957303560696,0.4215629105920541,0.12998655198736736,PR
0.20355897041572524,0.2931840805953927,0.4912459381236505,PR
0.024611462098860237,0.201661039687684,0.7586796804354564,PR
0.12248470219477568,0.3301906619566704,0.27286534272067664,PR
0.055434580791576885,0.0225831885051192,0.13339272275457378,PR
0.24775226131998612,0.1548921345954149,0.5765701329996037,PR
0.24665897474615753,0.3467326344437675,-0.30445052538500195,PR
0.1171680340312047,0.5215632233996284,0.11862978092913584,PR
0.04564860411296561,-0.10276696103618645,0.22569167842702678,PR
0.21723902173332227,0.3188653868625349,-0.2336546841486018,PR
0.0169077335455589,0.1230363310397292,0.22777840753600365,PR
0.05780531834917399,0.3425328612329039,0.22322210723203584,PR
0.19833747741650967,-0.2811441591190874,0.5153229929539975,PR
0.17784541940402412,0.2665908710731462,0.13118225692161967,PR
0.046284237126403095,0.22211738395889769,-0.2778748620486335,PR
0.06400050441086264,0.04785602117763514,0.08975452993510316,PR
0.06028322448627011,0.25526940757672145,-0.2621637168782806,PR
0.11145502856892929,0.04517793974361602,0.25746555157507023,PR
0.09375897103991754,0.5197675611416519,0.045773482213648554,PR
0.12461440379049923,0.3760466034628095,0.6662043044210074,PR
0.03405243722737384,0.8941486185420621,-0.1266784932328366,PR
0.05363813925618733,0.20219741331595115,-0.03421648058761464,PR
0.11350265430715438,0.6972621955990767,0.6231545104794817,PR
0.20648977993531556,0.2939229508257969,-0.008033472189276386,PR
0.12551929021892683,0.24095436530726266,-0.14850681247479505,PR
0.08992423630443275,0.3029917876916684,-0.07945370434100447,PR
0.1937801788520287,0.6445127602595755,-0.10724672795279441,PR
0.06194929680210317,0.4121604039944525,0.7406282679244585,PR
0.23293361522336942,-0.3819575400354853,0.2853216368596124,PR
0.18415223929797872,0.2355851725664087,0.5732581657525554,PR
0.03556557463240059,-0.1514171929315978,-0.051968234349556434,PR
0.19758349625882438,0.1896376327847135,0.3328963231861551,PR
0.19098404810282565,0.30962618041861395,-0.2006529195723542,PR
0.14346103562519835,0.3473159084941103,0.20312582566514223,PR
0.1707241422320767,0.28485092799247363,0.38996652199487736,PR
0.11109409838363957,0.12917661727103802,0.03250698171347019,PR
0.08169771501054954,0.327770370520126,-0.36163215924156517,PR
0.38463273976550433,0.41522994379913264,-0.2283483232225557,PR
0.044562020141399566,0.28985362596528874,0.7598399477141502,PR
0.0889919798664784,0.2484505220682788,-0.03572326335013463,PR
0.14139588716460844,0.19706812653952824,0.12394468330164865,PR
0.178927433029768,0.35633633887160004,0.45097696792910785,PR
0.141629807463825,0.3284878725089227,-0.04792792624960716,PR
0.12047445504543075,0.1665038278627819,0.651778099155324,PR
0.1180034666389016,0.446104675566162,-0.0842466518030686,PR
0.22459736712305778,0.2527388234490013,0.5595161053575239,PR
0.20065182563743764,-0.446528522176528,0.583137339197767,PR
-0.0010371134651286783,0.5284986412634299,-0.15371810585427367,PR
0.0773919557278641,0.5897115933117034,-0.2818726564620682,PR
0.21716109771324568,0.27471172200915345,0.782155365081366,PR
0.10389047145611935,0.014755465565919267,0.5320598284274564,PR
0.08218798074414807,0.257446797585961,-0.025645270143037035,PR
0.1319541377503402,0.29775541770462294,-0.22148912408537152,PR
0.24857291870257953,0.15361629195583335,0.16904832408120815,PR
0.07140065925457512,0.15758045582866156,-0.022961275397911936,PR
0.03946015854200432,0.13157635778871926,-0.10241960077926952,PR
0.3042177268898795,0.31801324405858533,-0.005738187838581738,PR
0.07497020491976039,0.32270002199998576,0.8096805973295564,PR
0.12968584453003582,0.3308021078236383,-0.19541068474359868,PR
0.18615109963313034,0.2987026821182195,-0.006944629405039898,PR
0.20468908187001966,0.19886480260254757,0.3811111420220172,PR
0.19478557697389495,0.1275823596168785,-0.2397122007791609,PR
0.13257343223375342,0.19511860812751347,0.1222087124925964,PR
0.4051371303981978,0.4035729599561265,-0.22636909664037236,PR
0.08651599002755192,0.38511652283718656,0.668080511937161,PR
0.09675300188527315,0.2912899011279932,-0.40143197901911215,PR
0.4556147264581172,0.07581966869414127,-0.027077702539757206,PR
0.24401552074667118,0.2813808543750517,0.7220677639976205,PR
0.0915057274186987,0.191281513103655,-0.4244616541857508,PR
0.2206394180503614,-0.11091689784318418,0.6971469148218976,PR
0.222439693763366,0.44874362981888627,0.6835983632034842,PR
0.011317063180366438,0.2593144709479823,-0.7579585706072651,PR
0.02258481778799807,0.19659404896838772,-0.17268521095340253,PR
0.051006080616277635,0.042808092491884435,-0.5809234480293438,PR
0.07884196450866775,0.028675799976666298,-0.16840903027325943,PR
0.06451344082597023,0.14497116837541693,0.08468519495703958,PR
0.13725096245173962,0.0037807228399061523,0.21587437666322798,PR
0.014747470414542269,0.1514768814428561,0.48300020207291583,PR
0.06928570630596756,0.11391150235696187,0.5598909373498949,PR
0.06362562946083454,0.4549637142896689,-0.6666893992437168,PR
0.10885142051971226,0.3100190495075166,0.2953712003225791,PR
0.0453293701029659,0.4409717965650742,-0.4382616835593209,PR
0.0362132308859403,0.22910474079385698,-0.5160421041542932,PR
0.11857406545139244,0.23302929760753635,0.6161782282865578,PR
0.0355450643962163,-0.2203747447460766,0.45332498480410643,PR
0.030641688000566755,0.379063938832211,-0.14364174168094687,PR
0.26982666734795735,0.4102157108667622,-0.6578520423571429,PR
0.07918678331966959,-0.2202351634182526,0.6801667392483809,PR
0.11044449897078774,0.25062619700804173,-0.09283184114766305,PR
0.20877289963258916,0.40149031439056054,-0.022937037143546047,PR
0.043950414549303325,0.2282878896098106,0.7059788075332837,PR
0.11342996159927853,0.263679346251856,0.013862196008857953,PR
0.13103943380594377,0.38049218717678446,-0.6144406195077651,PR
0.09720611372618693,0.019608471388376337,0.20854330142383537,PR
0.00038442764618369803,0.019268418865876987,-0.3457475816533598,PR
0.1554204386903301,0.2928659614505402,0.6684162871407734,PR
0.1745259066642556,0.10608699589319226,0.03483460715744945,PR
0.14410148023508584,0.3450972693565625,0.10052115465905671,PR
0.038212193892854095,0.3888513074455089,-0.2513017601911906,PR
0.04525811362991505,0.11297476564307178,0.7442190046603394,PR
0.11760466650494963,0.6034988103223916,0.3317036738280021,PR
0.36180795722141146,0.04268491985095037,-0.40375645243221725,PR
0.10252651759647433,0.39384062725587693,-0.07790347119540597,PR
0.1267298747192885,0.12310425814187805,0.2788078292074371,PR
0.06402438645015933,0.13568424598562365,0.6285855010937224,PR
0.25444153155403415,-0.37707040900452443,0.578799137858154,PR
0.16267316845433227,0.5142764529237237,0.16670593198582828,PR
0.26488555049425483,0.3534453146916382,-0.4282288861860738,PR
0.03129150818365056,0.1409280786776026,0.33490243256551167,PR
0.18478974523560607,-0.3080559029622292,0.9259005264990797,PR
0.020950764882743233,-0.04578456298137589,0.3390739031487117,PR
0.10833936588003988,0.23600135009677103,0.11728948997448317,PR
0.4762163750469383,-0.2836072381415084,0.38111577803005087,PR
0.30338529621774196,0.3386919589032634,0.4359957853336286,PR
0.07672546795947595,0.26975585618362885,-0.19261874762141307,PR
0.17505548124665754,0.0489334409086986,0.2246397024498459,PR
0.1665227822544885,0.7155525772609036,0.4748811857070831,PR
0.19180119703513163,0.21540140711866623,0.8443263652617775,PR
0.33742871913388756,0.20580182440279696,0.029618439292062152,PR
0.11429311915231638,0.2786604415100618,0.5524958747554752,PR
0.14596689466531898,0.41058787810413694,0.19028189529934653,PR
0.1975522237968318,0.5597114679814221,-0.12997738877361356,PR
0.08023276333589839,-0.1074303459082007,0.4024537717111573,PR
0.12052269812764348,0.6193242120354715,-0.09738842766301262,PR
0.22814287124555382,-0.0679158390963478,0.08493437653976887,PR
0.1126105472404074,0.12079236684709291,-0.7378182069386106,PR
0.10519961041545162,0.07222897874106113,0.11282853048640162,PR
0.13458176688156862,0.20921045701028565,0.7868040746687924,PR
0.19500393628304144,0.07503190349841192,0.49498980894206607,PR
0.13580061470411642,0.46801919076485826,-0.089636367307124,PR
0.03406116904924193,0.11249945302037895,0.28188107097724996,PR
0.1818649926333559,-0.4177123738190427,0.5151650131282277,PR
0.10069555102048568,0.3037254972832518,0.1264590694312333,PR
0.06301484012962881,0.10767571431062965,0.6795185107657649,PR
0.04302036411233556,0.014430264829028837,-0.13208238042171916,PR
0.05081091489129093,0.24770978159793602,-0.08393737345689409,PR
0.10779931121381556,0.3238789520652509,0.23030456402749713,PR
0.06388371213908475,0.4028310520226279,0.14235373863767467,PR
0.11813644243538278,0.304448932308848,-0.06948740225606381,PR
0.26251439033637186,0.11370617977776033,0.5829367841286109,PR
0.11282838755915743,0.33210297701573105,0.23186925083251633,PR
0.0936340133646193,0.2095172996024446,-0.3570273014747822,PR
0.08748770165370741,0.4361870068664661,-0.4008403889098149,PR
0.13223887015013047,0.20737934761564691,-0.28802862683829594,PR
0.0788321315692102,0.18259370266582078,-0.3466158823726657,PR
0.14624832320191117,0.23448835100120047,0.00045532412772887127,PR
0.04674497039905126,-0.19888018468836288,0.03918316927386799,PR
0.1696259081955151,0.30070481004723,0.02370489062502799,SC
0.15804621607660435,0.13128450019647397,-0.13159225910635824,SC
0.11971496067055756,0.3320172019850083,-0.08780287305046149,SC
0.1747650897231062,0.3351353380263714,-0.6877358304854828,SC
0.05191583046437926,0.0694094513721676,0.3609654476822676,SC
0.1862213316290941,0.32470661738857565,0.8361450405120312,SC
0.203425816565018,0.6931471805599453,-0.3961495265592752,SC
0.2643739295398027,-0.060702945685674047,0.05723002894582736,SC
0.28079581847977375,0.2037688767136538,0.04180878779660351,SC
0.18710269272388746,0.39504834724990867,-0.21504041713634056,SC
0.1344521373127105,0.7842657119643085,0.5008588193014946,SC
0.22345683433012256,0.20536009966820654,0.07795609866836947,SC
0.0988443811891902,0.2976144340144659,0.6765614490763039,SC
0.1407113450520006,0.0,-0.3697572342233089,SC
0.14036072214117803,1.1052412854524285,-0.28509806996020587,SC
0.12252857090748615,0.8099707205632501,0.9372740846223285,SC
0.11456378527979888,0.4106614529543607,0.49214391864404317,SC
0.2796061367636595,0.0926980482442003,0.6902501182769595,SC
0.08775656250451581,0.22972028439710304,0.18496563177783967,SC
0.24305939224026857,0.3881980561940125,0.5565009617254497,SC
0.2802878602135198,0.1799507223220482,0.28589181453457635,SC
0.34754853787139883,0.1487717786950552,0.5401136107543494,SC
0.13211301509778703,0.5252765241994035,0.1440321430869271,SC
0.1472782434940195,0.47415763419565127,0.038223423768462376,SC
0.24129795560521933,0.17127172060736964,0.0001614418109165912,SC
0.15644298575640037,0.5463613211334729,0.3746681356423558,SC
0.17480082832294958,0.25221492361415615,0.29091137254244026,SC
0.2681734785486632,0.18783041386852525,0.1790543479123101,SC
0.2281745841830654,0.13408099417724137,0.7125902003654129,SC
0.20554726526017092,0.38444919661360216,0.14936152162891428,SC
0.17967625850194283,0.3414917675173422,-0.21876058512246108,SC
0.2142377064726903,0.3250647993693066,-0.06032768972685187,SC
0.21627511765314592,0.16622232957116548,0.19265049004637888,SC
0.0975394520640005,0.29826418178231784,0.3583064585925424,SC
0.1748882359216234,0.17962976512824322,0.7661758533006351,SC
0.17500242843265088,0.19937815856747476,0.33300784079646123,SC
0.18563849813414512,0.30352325838262306,-0.4066556753583849,SC
0.27902843425224705,0.2584237684740986,0.304625770395626,SC
0.15641675850781692,0.13863530454269862,-0.01125616418686494,SC
0.13598962151247335,0.40343051941037694,-0.47272877669011226,SC
0.24576365991193652,0.2548224797530684,0.0423607932819996,SC
0.097122713451374,0.19340077493120944,-0.1800417887639892,SC
0.2349288935226473,0.16774348667162933,0.805610162122046,SC
0.12285597022095524,0.10160816603927575,0.07310933450972078,SC
0.08702067812210461,0.47549371246864786,0.17578985493073943,SC
0.10735504929553363,1.079034465036199,0.7468410919146087,SC
0.15346261324408786,0.516533809083323,0.3406953135759465,SC
0.17808806895385143,0.44764672214445905,-0.28143109009202155,SC
0.1664080339309366,0.31071553686876885,0.3848905008547468,SC
0.2616591504327715,0.4218230353481504,0.9029165105013776,SC
0.14708658157366497,0.21611740357645798,-0.27855592283683756,SC
0.3168013227136195,0.24069834245661953,0.46519761059662695,SC
0.16083072480298716,0.29554452081740296,-0.7440591594042673,SC
0.15285964747352457,0.36088229681978234,-0.6277092007717483,SC
0.15398238751800197,-0.03545491063824321,-0.3484185985000885,SC
0.20094443195949319,0.23887082880216806,-0.3283310313203054,SC
0.15066152100493818,0.04516896836791137,-0.00918162922876399,SC
0.11601677670067169,0.36964944390339255,0.1508578679750043,SC
0.10063533073181817,0.42189454120286923,0.8817990536501877,SC
0.12840696661589127,0.08737363020858843,-0.3462326211354198,SC
0.1826597270242552,0.5068176023684519,0.05385636921570447,SC
0.22031250861350388,0.19621846339952095,0.3029025243699156,SC
0.13012009608010885,0.26658190041169455,-0.12548603985676746,SC
0.14894591491357753,0.3323295379462023,-0.360991058041453,SC
0.11555480693942195,0.3474013071534032,-0.2131519026287758,SC
0.16264862377765738,0.25358097503544547,0.8461848105159601,SC
0.07780227755037337,0.1929680451884422,-0.1768372092535837,SC
0.22295277677839806,0.5239317128129102,0.7142436124140595,SC
0.11648215329863859,0.7745975381976193,0.4152224696781235,SC
0.2330534798625807,0.32145701246635916,-0.5151963745636863,SC
0.1007706483133496,0.3045685458898799,0.23588372611542896,SC
0.15751423247840254,0.40933358488608473,0.10231102146239685,SC
0.1733743183575387,0.1823215567939546,-0.38451378687344573,SC
0.07459679334653965,0.3862392375327695,0.16724554248677678,SC
0.15919455393350448,0.08439413402642927,0.2776706277493981,SC
0.24117530532149792,-0.06244927766052314,-0.047548571243029955,SC
0.189272389296044,0.23068015942320655,0.7693491080607221,SC
0.19007043719922365,0.431107538721502,-0.6479544628803457,SC
0.2954704558683209,0.16666920463386983,0.1541553891832382,SC
0.10363743825531355,-0.06216485520953586,0.12540464794954354,SC
0.22346932641631925,0.2136585347980459,0.33876415361544665,SC
0.1227840981470112,0.351182310837003,-0.08841944907440888,SC
0.1380625993685632,0.29084526703754127,-0.26360652963853687,SC
0.10243470475057564,0.21652831219549054,-0.7319238186668953,SC
0.026688872855809783,0.23199316659119226,0.4442910734451436,SC
0.24972456376668073,0.17911784593203903,-0.10358374408968411,SC
0.4471570393288772,0.12195840706686405,0.32440793016865427,SC
0.13372373363852644,0.696466134818009,0.06589044490468951,SC
0.14672107365128514,0.2897578841521883,-0.5471898075673038,SC
0.09512693415559446,0.21176875812025575,0.9521889524150468,SC
0.17403101394188425,0.263263545103635,0.06523058464815092,SC
0.23037102833285925,-0.022264370497399537,0.16395897890123728,SC
0.11829669340717143,0.16697932669206264,0.40570195140632775,SC
0.03904063901381561,0.06515293144118241,0.09957431830207514,SC
0.11527632507575096,0.3736147565661899,0.680964750450091,SC
0.12432755407922333,0.2336148511815051,0.23562200997505123,SC
0.20817442330665148,0.22954261152638503,0.4940300857454221,SC
0.1595053475042026,-0.040027509611390136,0.4074244179837145,SC
0.15723283404607877,0.1472932593134913,-0.135943863909906,SC
0.14988417605951265,0.21154574085102665,-0.6907609203030769,SC
0.1703983688850578,0.5493393317698041,0.612169011948158,SC
0.3467074226725451,0.07355410894377243,0.05203511714971022,SC
0.22808520520037512,0.6240024603140657,-0.4081638758157616,SC
0.25148086414628085,0.313307210254604,-0.6586004448147394,SC
0.2874231285088506,0.4797171953236008,0.1340814598667342,SC
0.10592090315502155,0.7847070211172263,-0.33939386239953323,SC
0.21377232924969375,0.6705968152651111,0.6401864306601573,SC
0.0699677910012184,0.28221459026964746,-0.2002232343195473,SC
0.18861984755665154,0.6001206498759502,0.5223894164643383,SC
0.15883702871209335,0.37319629173767654,-0.7727319609610782,SC
0.1096940783947237,0.06422849168228985,0.014512368847383996,SC
0.11216752130580857,0.19093234696162026,-0.745852182413253,SC
0.1481124644507384,0.26336276679708065,0.37063668810434214,SC
0.21525241512432888,0.1392620673335076,0.16523638302298876,SC
0.14358837537397304,0.8442568636680603,0.11618065723726931,SC
0.32729178745179077,0.32636881560668174,-0.2735229826697985,SC
0.0715674589932552,0.4008513062715611,-0.12000864267185052,SC
0.15268048932388753,0.26464328222096245,0.035069294391491514,SC
0.055196785570957245,0.5769451729008807,0.01641295197308319,SC
0.06806283291815746,0.1210266324022258,-0.7064549536867032,SC
0.21440055900837138,0.22523524938799958,-0.07575337427796425,SC
0.22447219409229097,0.2597427037625395,0.1942376295011182,SC
0.0658263272412229,-0.02771539984654677,-0.7600575834080194,SC
0.18965229432875655,0.20237099566148442,-0.0766905030209064,SC
0.1650695315247417,0.24881137128209668,0.7359598097345407,SC
0.17567472360319075,0.18588560647154131,0.10288588522628753,SC
0.08474059657162096,-0.08181355991601287,-0.6714352815204434,SC
0.3110395634759511,0.18907311780474578,0.5927484222890642,SC
0.24571047693901035,0.3136575588550416,-0.20500993755875913,SC
0.30962920897301993,0.0908408110128212,0.17529241134362705,SC
0.18350722307002362,0.23282625203062718,0.4390307637781006,SC
0.19284962693448296,0.37664217911069703,0.6019695275683286,SC
0.1516628029598415,0.05430678449828333,0.3329167738581276,SC
0.24752708264660778,0.500101660403015,0.08801556117443174,SC
0.06918870071526338,0.24026409166132143,-0.02686185851245744,SC
0.11103050647818181,0.24130861633252693,-0.2660366619458046,SC
0.18186862613570065,0.3373528947466806,-0.0778872812526202,SC
0.1704480131864393,0.41161229795914456,-0.17602280713405144,SC
0.14740118301817004,0.2874322910092434,0.4567341387374205,SC
0.18981339672164954,0.31149225367217637,0.7387027250856756,SC
0.09290127634871569,0.06495371732373086,-0.05068252596963526,SC
0.1439469459018875,0.22111544689602322,0.7526724424086052,SC
0.2254284524217187,0.30797689980357634,-0.4681666707694236,SC
0.17549474737157175,0.4236808328206329,0.13659753587353007,SC
0.17398918054680748,0.3240096773841968,0.051427729696670026,SC
0.22587582206750234,0.32900912804851545,-0.07981418200900497,SC
0.24542227698537933,0.13461324572785455,0.32656672095852696,SC
0.10141652387142715,0.22518645294401005,0.22201185917480074,SC
0.22113756124936834,0.42644160195874187,0.1430976379918563,SC
0.09397368230190918,0.16331450511300116,0.9139278533606153,SC
0.13767838885576517,0.2058721656888127,0.19329720852269547,SC
0.12905990540442736,0.09668557456541398,0.048140733518114605,SC
0.18285672952737214,0.2760728223259615,0.16223662021462568,SC
0.13611421211499797,0.6193524361525914,0.3042447212327719,SC
0.09664272197232422,0.15620628464174188,0.06212383386323224,SC
0.27343285685297436,0.331141460674307,-0.7317297066494717,SC
0.06589464335059389,0.32235510154490726,0.513810617104759,SC
0.21311019941976514,0.49466223603811527,-0.47934890592421747,SC
0.2475504665160855,0.09050543488351272,0.8840760237578346,SC
0.11200401758869083,0.0703359898266218,0.10743493278746691,SC
0.0979579965797861,0.3661040342275841,0.41880543433356954,SC
0.09048110004249657,0.004756413125648385,0.2946285803663863,SC
0.26189219022766236,0.2717993159135181,-0.6970593756392697,SC
0.12857771111675703,0.1560286146514584,-0.3268204688115433,SC
0.28912288584116747,0.1891932250988285,0.06469410357107562,SC
0.19035720182697968,0.3063063863239898,0.07382205193406198,SC
0.18720448178644256,0.17702522444253205,0.2297776873414583,SC
0.10627518362131205,0.28081645266579935,-0.1042045894148054,SC
0.2529510333637906,0.4179934603999882,0.20869921395346352,SC
0.08699388773924108,0.7046263353074917,0.3698876579150555,SC
0.06636810902267379,0.3400373027857091,0.14128860682482114,SC
0.13648876654173975,0.2107594921144882,-0.0777725918898925,SC
0.15626735538514105,0.12921173148000625,-0.11651860604788834,SC
0.20087117713207997,0.23817402716935465,0.0716044983113346,SC
0.13773598478667437,0.2084813282867696,0.3535237469114199,RS
0.11652004171666709,0.20274139580269745,-0.17073653300931377,RS
0.2846085861879538,0.4176044133600068,0.9774008174670676,RS
0.09599659705329874,0.25439609481831427,0.05493825578137237,RS
0.13665285440124295,-0.04239555896768562,-0.18405366560081848,RS
0.1438518460917635,0.06861896981873299,-0.711603883617057,RS
0.078361445030985,0.11108820640115083,-0.28762515100742464,RS
0.1116685850414148,0.09253171924431135,-0.5860924286657933,RS
0.08623789442694171,-0.09852521905196882,0.6414185258843713,RS
0.12221055923504044,0.3166366923909134,-0.45894108064972233,RS
0.08975603709939217,-0.37023247550078553,0.11061945700168055,RS
0.2618653593056261,0.12166030303135891,0.9760719785856384,RS
0.12072134151583815,-0.008271345750677193,-0.3292689130557691,RS
0.13820672498931913,0.366786253543053,0.43472121371672534,RS
0.05222295475202034,0.07622736538788431,0.022358150644316368,RS
0.34297769625443797,-0.2964055938967721,0.5027275577526367,RS
0.08563577593231443,0.11935307074395168,0.5723495123586922,RS
0.16991229241591674,0.22203796800646006,0.4790530591673918,RS
0.06565666063563841,0.13248918304607887,-0.1328232832339211,RS
0.12132487105203696,-0.02386748140664343,0.4649085292447644,RS
0.11732325522245104,0.36606468428857136,0.5450302082084814,RS
0.5288492417011437,-0.12346114656604501,0.5934570648603498,RS
0.11243697923971535,0.36087173256534577,0.40932757328604885,RS
0.14025259237137264,0.18662032751916466,-0.1454637032125707,RS
0.5097953541743835,-0.09451141214617635,-0.010573555091459881,RS
0.160901138329048,0.18113461303442596,-0.5804489976418602,PR
0.14504389602746412,0.14505970812600621,-0.32914188411776396,PR
0.06523296927037632,0.11453181358527843,-0.24475961038747457,PR
0.17150604511522194,-0.109793106930951,0.3060544542136533,PR
0.07495566421353075,0.1783599486872364,-0.22719291635387856,PR
0.098186343309249,0.2337612250798747,-0.12368497230354943,PR
0.11100599420194318,0.3775303307766103,0.3571377591400992,PR
0.09021614889277613,0.32885555276722356,0.21324949899129733,PR
0.13054613057897183,0.24306006665856134,0.4025511389895378,PR
0.1428434356694974,0.1118128686698796,0.041861281553604315,PR
0.07279895821731161,0.18432757552082038,0.03131318985157443,PR
0.08469434752115074,-0.10494025929526364,0.2280955430277736,PR
0.13263319398852033,0.31015492830383945,0.011186631082394555,PR
0.11590477401269467,0.5749770730969099,-0.3423847857282404,PR
0.11644340206956498,0.13467490332660167,0.05988794687110387,PR
0.07624951951123571,0.21376981416501117,0.2877293865101575,PR
0.13430245712983413,0.07660712147219698,0.4312961533476364,RS
0.26698403010262367,0.04273494535638891,-0.4626790019891826,RS
0.11380058667578567,0.21093209083522046,0.4510174566973749,RS
0.06267846897485935,0.14256306465487048,-0.37745816434650586,RS
0.0811652600246616,0.3249778571954777,0.28868175020905473,RS
0.12316836626825003,-0.243077766215027,-0.33031464577510317,RS
0.08562011301316601,-0.05952597931402686,0.15307332297765902,RS
0.08435656224033147,0.317789940851878,0.6552230237743483,RS
0.3104789709248158,0.16538250273703162,0.23097770512018262,RS
0.14834207914221567,0.28406543198159245,0.1081312064569246,RS
0.14808313698855122,0.06441969278498652,-0.010195877698384679,RS
0.15743971295926035,0.10551866274932774,-0.22750875881603796,RS
0.09639262241248614,0.35683142621743363,-0.07707157584616452,RS
0.1631725463970527,0.09268533657337928,0.6845331386657713,RS
0.5423713523595964,0.27913782066878456,0.08233229699387261,RS
0.1768741727387587,0.1384602087361951,0.7219315137542622,RS
0.13201573212998186,0.0404095383378767,-0.2745589055074699,RS
0.3544680929363684,0.17463343545494125,0.7806064648458194,RS
0.1664422256190082,0.00614441257234099,0.3978031745627166,RS
0.326259895634441,0.12268741037147318,-0.0761221460329945,RS
0.09527788810534187,0.03879406164997364,-0.020126116510891762,RS
0.13831909252978403,0.2778894187487745,0.09816439726531977,RS
0.14779757616264205,-0.032738699385439836,-0.26179463520587654,RS
0.23977590192833387,0.04087525541877901,0.5165245387859269,RS
0.1437545940409461,0.2891665388467457,-0.244629789371062,RS
0.16397932325873252,0.08438739227754741,-0.3128992756401955,RS
0.13985077472628007,0.11410940858027303,-0.11160793430508521,RS
0.25202633904449206,0.08398751295744512,0.3818522114459061,RS
0.14148442137255587,0.18303792585698056,0.5100089638594347,RS
0.09240279198711408,0.28239804430517573,0.5325371066303011,RS
0.05132906669675623,0.18110172567641641,-0.24180699683312246,RS
0.08016908749546303,0.08985632912186114,0.13331891285053207,RS
0.12038019060529809,0.07725951634174469,0.44492623818959937,RS
0.12220211174954028,0.1768089134901239,0.13069547362835574,RS
0.09201074217264539,0.35479426215987475,0.3412457775753939,RS
0.18021577821181275,0.010984586147359235,0.509680146641852,RS
0.09548541033009515,0.20469181171225476,0.12191860840497906,RS
0.10302811461041356,0.22784628084111588,-0.4871222753869644,RS
0.08384905894974377,0.057510712592931834,0.4203815469567881,RS
0.1557980159217826,0.08132771484230777,0.4025431623762537,RS
0.42924785810318344,0.0983014383623694,-0.351957540735805,RS
0.16630962206796512,0.19069928042292808,-0.6914001725987955,RS
0.14493150211671654,-0.03414713555258004,-0.023300646612785945,RS
0.5518628264176356,0.12818861795914813,-0.46536559577388825,RS
0.14467337990217824,0.2740621657365102,-0.24774589245828116,RS
0.2761728403474261,0.38920982139976856,0.16731827530865104,RS
0.21205825381649682,0.24579250473797254,0.4790232965133026,RS
0.1513735444155061,0.1026781741024079,0.30292404024551695,RS
0.2204056715383524,-0.05786594656577797,0.6667885646807797,RS
0.158577646072404,0.007830794673397697,-0.1577954682831754,RS
0.12661663116491745,0.24381412732511973,0.6635124478109797,RS
0.2335132408594523,0.1986706947954842,0.8305727068055412,RS
0.08569200023539851,0.16804487043727173,-0.10205961353511478,RS
0.15393053462667092,-0.017596090998177213,0.5053542481938015,RS
0.14639779543805448,0.130549829019126,-0.39319232128328935,RS
0.1841063917707643,0.27859838722937447,-0.03260967562594028,RS
0.09725438102259969,0.321220713580928,-0.3396677668333771,RS
0.1479492638420052,0.26060111384911017,-0.33130854780022495,RS
0.12013462008423048,0.027398974188114347,-0.6408872579341334,RS
0.13915354899663374,0.41115066901758246,0.10811316495352231,RS
0.19145007994641536,0.20496123223101934,-0.05756203476310394,RS
0.1283133342592978,0.37147256876124973,-0.0017021710847344663,RS
0.3542208757652728,0.0761859709990758,-0.7341637483107676,RS
0.19949969762369185,0.025889824321893136,0.038302047623870863,RS
0.2215558835212395,0.07937935773213056,0.5273882270411533,RS
0.20420227501813787,0.10209787002300996,0.4868770725691233,RS
0.558535791299042,-0.03227220722556747,0.6171174749094321,RS
0.10683802493441945,0.30894756323112293,0.018709235899285644,RS
0.11490754554056165,0.1372380995226672,0.15703777119607887,RS
0.0884538688416063,-0.04489531990789099,0.11683776665698718,RS
0.22385895642376552,0.055345098118820754,0.2771174655019087,RS
0.1635074651018446,0.23525947246707893,0.06946414432648916,RS
0.143765798995794,0.015977549219752463,0.3241522619242865,RS
0.04988756280793287,0.04640330909335882,0.3548388444942993,RS
0.19042924764644115,0.25184761944256484,0.22233988783883413,RS
0.12063591071220846,0.17244441439586328,-0.5811286022623823,RS
0.12643467392718574,0.15236336925316252,0.44362720642410947,RS
0.15671454464108922,0.1309571878409542,0.4260632457606043,RS
0.5068302312981176,0.06405497883546829,0.30933698967252743,RS
0.22667789747965442,-0.00090653618754785,0.7680484949280273,RS
0.22077228169045898,0.0760135768255587,0.9574950211248769,RS
0.3277157902717696,0.07540291444314699,0.6702015506122326,RS
0.27828774824267904,0.09691505898043862,0.5474572387032425,RS
0.29199485233838796,0.12590032272592644,0.734192854039215,RS
0.30506420742405926,0.3196967736939619,0.14633060991118815,RS
0.23856812242980072,-0.0699796538776525,0.22064921878492005,RS
0.1033495591736839,0.05222526090421428,0.281467043971406,RS
0.17870119621305783,0.13505410673314183,-0.10749370538605425,RS
0.242637880602024,0.1327488267895153,0.4975253310327758,RS
0.20588466171321795,-0.04821396133009606,-0.5758479993733238,RS
0.13447361912684386,-0.2951026582047512,0.5720233400797774,RS
0.06457206080160367,0.15147003974269355,0.2008475564052627,RS
0.15517053513170292,0.14460121901590792,0.29411549239189844,RS
0.14947216656288043,0.2729058655756323,0.7619086347384915,RS
0.12340382186773956,0.09089487701602736,0.9620574779493786,RS
0.1801435046321094,0.29793077464148454,0.8057548007064546,RS
0.13569026731558026,0.14453022981021338,0.8308952903946155,RS
0.17100756339053602,0.02618807595741076,-0.0024092922790799214,RS
0.1282465350960827,-0.02794660661978349,-0.022551353451812296,RS
0.10092219076391008,-0.00356318423842004,0.8166981021552087,RS
0.1572970094521642,0.11739849421730525,-0.04886066067635936,RS
0.11535007328382783,0.09156719352549043,0.3945186373576954,RS
0.16190682767671957,0.07880788553680197,0.47911025320932776,RS
0.11038473804770645,0.1922461954841945,-0.4328202930066881,RS
0.2629624334518677,0.1750265732381137,0.0320409292976879,RS
0.20405749995508587,0.23537077788377006,-0.2643150932765642,RS
0.05835655063122137,0.31452753840325354,0.07002923577027957,RS
0.1456019536497439,0.22369436377649718,-0.342030616075464,RS
0.10651688396424278,0.1365866759808647,-0.08811621235914732,RS
0.0945857537190502,-0.10719369673948724,-0.5173140267741426,RS
0.5161494333955597,0.05475959253230928,0.7215138158003482,RS
0.10266011117317433,0.11609527154266373,-0.4200967703762285,RS
0.135837807483223,0.16705408466316624,0.23853147516658216,RS
0.21899526645227912,0.1888174295094,0.16163246823219754,RS
0.14561831221696958,0.1543743584467517,0.0594769398635256,RS
0.11193805055249396,0.07317691084907052,0.26097589718538305,RS
0.2891775861298456,0.15109910094660145,0.4952620966706928,RS
0.07542798451698789,0.23545088022633523,0.4554795017389167,RS
0.13405064462583202,0.0,-0.12573383570029223,RS
0.12129108867025144,0.46052488529119184,-0.4908836010520845,RS
0.20917575658649348,0.10525994491879798,0.6681440859767858,RS
0.15835145008419782,0.019776517976456607,-0.754731494778613,RS
0.13389909867636327,-0.03846628082779605,0.017900270607639476,RS
0.0968815402427042,0.2836252717561666,-0.07743685254653933,RS
0.18729851348443863,-0.02649161544697634,-0.040595384553033784,RS
0.1946352064790294,-0.3231774054663109,0.07424650364629891,RS
0.20774337079654767,0.21003415662840275,0.8993822468324073,RS
0.14418774001982154,0.4513611247212082,0.4092174068400337,RS
0.046623634439027034,0.11580726839604887,-0.22363126698139954,RS
0.13209366202733755,0.15506895353733066,-0.010268933313456758,RS
0.21999598939897705,-0.04195038990072495,0.21821992832659862,RS
0.16020331376824806,-0.04436600295498434,-0.024016184866462547,RS
0.28746999587672767,0.03576169118682091,0.2713854752885748,RS
0.12496274433095796,0.08876272658705936,0.5369137467478965,RS
0.3731597424089468,-0.03270492957619765,0.3063866102558935,RS
0.2992653007110322,0.09594373725045821,0.480179574850153,RS
0.12737129632052352,0.14642200245560016,-0.15826108043624462,RS
0.15651568702954444,0.1912588612798046,0.27342711107449325,RS
0.057035949881517625,0.2549607404339262,0.007522582334634483,RS
0.06715666499379783,0.0015320781803080934,0.037209126392118895,RS
0.1383482529496531,0.2755841258851283,0.4084080246443232,RS
0.2587250202262559,0.25373409580987666,0.797451166944809,RS
0.16488334577719588,0.2233316803712974,0.40678409083823874,RS
0.09545272311736151,0.06954673469690087,-0.11471459126700671,RS
0.2593542501639958,0.023240722541860773,0.7797902585671345,RS
0.11861374077290548,-0.047786131761723284,0.3381736835915868,RS
0.16221472106944632,0.11193607144949028,-0.061461526436726366,RS
0.14434105702137753,0.3035680300405909,-0.38431328143268295,RS
0.3839021955831446,0.26495698376454907,0.4422041578237436,RS
0.24842097288376727,-0.04652137427793458,0.6664276013108705,RS
0.13840895321846386,-0.13303719938491196,-0.3647871764363423,RS
0.14450616121461451,0.23405302213778179,-0.4035643191838999,RS
0.17484502134513125,0.03922071315328133,-0.24429846280565318,RS
0.07763748726850472,0.39025796598252227,0.06550388887671955,RS
0.08787594001965282,0.19135096351334885,0.277149038218458,RS
0.1921142462309192,0.3534087461521113,-0.03756818531452759,RS
0.1650005897381062,-0.14809142227607022,0.6544334297215162,RS
0.22248586161134362,0.1410955432480021,0.24713139421031272,RS
0.13860758607881835,0.38205701721014956,-0.09313488025210208,RS
0.1327635851071415,0.27322199814703296,0.03711823534285311,RS
0.10299486629741841,0.09690380563960292,0.614411020591978,RS
0.11943759180480455,0.21650284551863583,-0.6064805027074667,RS
0.1253879280146651,0.07928827534805112,0.5319717395023852,RS
0.19437141221153276,-0.17543097345594805,-0.26933293378358447,RS
0.1289528275591493,0.07897490191270631,0.18711232099058792,RS
0.30378738960748997,0.0909177235401044,0.4166608635569048,RS
0.08377232079765415,0.09237332013101507,0.04462780051223419,RS
0.2061300081427152,0.18040573945021526,0.27317589219526733,RS
0.15837531734335755,0.1409868771361762,-0.4284442467453152,RS
0.08190878511133676,0.27860373312199155,0.3819803577809425,RS
0.1877923697614755,0.12687456330868846,-0.24322530474827764,RS
0.26484662241459417,0.0987030257765283,-0.023867633665813032,RS
0.3797141199216833,0.1758107011152725,0.5365825369531259,RS
0.08036151448111961,0.40190638549117036,0.31933550148016476,RS
0.16006697753599886,0.20983702000311052,-0.10870872328916734,RS
0.1228890573847233,0.29631713108866153,-0.38511920336593836,RS
0.1360963392696673,0.15290832672629026,-0.46395810951044536,RS
0.11398957222771497,0.17007956146622508,-0.002879662177783333,RS
0.33592059005984626,0.45683786953680144,0.05284732871857908,RS
0.1676921375932742,0.18972265151768805,-0.15405699355158473,RS
0.3626299085701257,0.3000949548714906,0.4321661147669767,RS
0.13186228257651675,0.2558232039241101,-0.2743985484677281,RS
0.21628971190923124,-0.28210430868801867,-0.37440927990692113,RS
0.26712519889264,0.014561285118820594,0.8261082535707158,RS
0.16830151825582415,0.10532547650156558,0.13460167289943709,RS
0.17927447745061684,0.24250429831953216,-0.12225979993599094,RS
0.10578750979599168,0.21288891820444172,0.2901086926827637,RS
0.12458859414593973,0.26505444692984664,-0.5934888989515226,RS
0.0934797500550317,-0.05601464155467137,0.20184259648479447,RS
0.12641235664234302,0.18256880614618465,-0.445578809234765,RS
0.1058042579700267,0.20754261087173004,0.22259050398124955,RS
0.2684725744997735,-0.21293130080584335,0.29802399767823357,RS
0.12565196960447755,0.13458611942900098,-0.0014797142418658603,RS
0.09447884368521402,0.32492624562415207,-0.28932083508864825,RS
0.30594991433610924,0.09531831918304604,0.8286217854335307,RS
0.2565347511073361,0.12541395810455586,0.3077266461449387,RS
0.12702211793338405,0.982654004439551,-0.47241096357833334,RS
0.11418489761109724,0.06135753234959465,0.1301447498619373,RS
0.1536826134920131,0.18214841161128673,0.5723170421536768,RS
0.10514441742298458,-0.008788506033079348,0.007858610752862937,RS
0.17719736497249758,0.07940677760441041,-0.3001999662400647,RS
0.1308621052354105,0.2706733260229638,0.5665059389617432,RS
0.2732975050441728,0.11018945148868724,-0.06130972642525197,RS
0.167889463110357,0.6068915187016907,0.28958822186920796,RS
0.19396373749223736,0.27607552296568244,0.6706328171768178,RS
0.11280812762800811,0.23923972514554084,-0.643311719290913,RS
0.18307744296698583,0.12499881791871717,0.2013257534273159,RS
0.4163184090423603,0.01021391482829288,0.16890407424646486,RS
0.2501733264121447,0.20763936477824455,0.3377757430738443,RS
0.21291560372865054,0.4162793645883393,0.4143462457179398,RS
0.1671878478488248,0.23488765480485352,0.7272984816573542,RS
0.16105925380339553,0.19137308129051314,0.5042602859035341,RS
0.24210984704226518,0.1702749059973418,0.09435168348633798,RS
0.18070691637994407,0.2780921796183694,0.1965798619411092,RS
0.19491925804613067,0.47162453028535584,0.5941092762640866,RS
0.1920715737064571,0.02504213603216492,0.04884848182883574,RS
0.13292127033807338,0.11003342135721864,0.16356615298088234,RS
0.14664585062137767,0.09418721505970107,-0.5896004497498787,RS
0.15305489394931243,0.11531039277411954,0.32933906074308206,RS
0.10435570118675469,0.21104884643086497,0.5505591076307955,RS
0.5207124009844303,0.18725983843453717,0.18992369458912695,RS
0.37163677046753074,0.2275456127148475,0.26441385268939915,RS
0.20843902438998965,0.005224605704111489,-0.2153019050036944,RS
0.14387081679719027,-0.13102826240640414,-0.3462076205683099,RS
0.2956939810287618,0.16335117994624576,0.6138711510571554,RS
0.06862000598764731,0.14158945395428507,0.6997303743688246,RS
0.12987881183029434,0.06737393997237788,0.9304337767203557,RS
0.10427350171619744,0.34476216242249036,0.4038488155306629,RS
0.1946629908396685,0.058388318238154414,0.09982154965936747,RS
0.12296586732300915,0.2798669160065187,0.5561890004877508,RS
0.14706291665499516,0.22899307610310143,0.6977449498632444,RS
0.3723670647294341,0.15150867036441973,0.1104233966024246,RS
0.22816041833226464,0.2495481234738656,0.10313157582268377,MT
0.029022076691417893,0.3849549614239545,-0.29277176404235095,MT
0.1219736197997256,0.46035552867656443,-0.12081876039097733,MT
0.2088722709998155,0.4974399729123709,-0.17459659412301928,MT
0.1751969093339689,0.363413457852535,0.12904560204397766,MT
0.22677009004152865,0.1289138686436391,-0.2344245475253477,MT
0.0748211735852033,0.07042246429654579,-0.2669107358639922,MT
0.20115282859363356,-0.029952322283351217,-0.0852422883354087,MT
0.10117116684588387,0.09564807472222125,-0.12744223301658486,MT
0.0380321268983837,0.33044907686820935,-0.6036584864554145,MT
0.149512051424879,0.38869243091755207,-0.25996898874389085,MT
0.05566452112770547,0.25615581880500704,0.23301392083055047,MT
0.11274846382967846,0.651598177647073,0.5607177648127372,MS
0.12078007848189373,0.07354630586233549,0.048580741515252046,MT
0.05902885547470598,0.3184862329467653,0.269519913605555,MT
0.03864095709237333,0.42278455730834474,0.6281838162825008,MT
0.10790446688467174,0.3467265167578432,0.2733486636307918,MS
0.08820988338438385,0.6559553555959957,0.18728799213287045,MS
0.05344814697499137,0.32498985576764783,0.00319433937935222,MS
0.05064327739515409,0.7878199440035829,-0.3364600759878298,MS
0.1926516259860555,0.577825506070955,0.2060939618507546,MS
0.11902909421059253,0.33567000921751683,0.24724945648324986,MS
0.03701255719456281,-0.2806743352943762,0.16144117560594357,MT
0.10711504216216271,0.34618614865669317,-0.07016191024408572,MT
0.34555548942614167,0.5784580442221613,-0.2900441191122378,MT
0.06032943286217103,0.6525706149279021,0.1923592850737034,MS
0.052930861857794914,0.15112994431594762,0.3921216795636022,MT
0.03656838124619823,0.009040616742189572,0.09536270164238403,MT
0.1813801250421847,0.2459609456013652,0.23108414098740931,MT
0.20031494029182612,0.3413206059288066,0.0707769970966515,MS
0.15470501088001695,0.10741390446966835,0.10088004332835297,MS
0.07490295123865022,0.33089207975177065,0.30082634920968954,MS
0.13830931260130272,0.4888683267542967,0.16766801914360707,MS
0.053785886987518426,0.4599218133171516,0.46420813127164645,MS
0.2761567161263143,0.22667319356147778,0.1562473335174973,MT
0.092812549614914,0.20614003919376048,0.4317830315737471,MS
0.22886028555595758,0.14869475743129573,0.3397417817607842,MS
0.06115436447795555,0.4289956055183586,0.3864756619522513,MS
0.1485877098449479,0.4363995404384987,-0.16476723173733124,MS
0.17691427539313717,0.1570037488096647,0.2682360931092603,MS
0.2357558548019102,0.543517985451533,0.22785505981102805,MT
0.03891416659439119,0.4416402039006644,-0.001313740781867413,MS
0.1880989743937609,0.32808381060947334,0.4425056797307266,MS
0.14001579053549743,0.2397180132446545,0.21674477632100603,MS
0.17656460644806646,0.4671366553907598,0.27742533229238026,MT
0.11195216722060884,0.4829902001003044,-0.13613025925131503,MT
0.3647427504381866,0.09919871354401731,0.06980803603400773,MT
0.22160743995274343,0.38792112660750955,0.23065070038797886,MS
0.15362611606088572,0.4311545942234753,-0.2129216977699233,MS
0.025722402444575854,-0.023754086008107144,0.20468906865563974,MT
0.1009358782205078,0.33855051932285113,0.09018666907571317,MS
0.12448099072723015,0.233769389190436,-0.023686092541310017,MS
0.05508315003908886,0.2308912381050356,0.5720845252942334,MT
0.12316991161924176,0.18372113714837784,0.1276970538027618,MS
0.06571230904529064,1.0646667529146574,-0.2698630092686468,MS
0.1733813631623865,0.3539208799561593,0.13804678377578106,MS
0.05405281466941095,0.298437544914444,-0.09887815815127779,MT
0.10761968416830714,0.354130446677731,-0.2381270869953413,MS
0.18588650196103146,0.1654349684292251,0.047593781829184216,MT
0.05316559132517456,0.39168906056404607,-0.1827273807561547,MS
0.13323449074154797,0.49241044362372444,-0.2053687139964679,MS
0.0216502157256649,0.1460216197221949,0.2016424438138466,MS
0.09255783283889596,-0.4811116066573725,0.23260709206329114,MS
0.03774498060676468,0.36834744515166185,0.38103503717114656,MT
0.15529172500342572,0.3465032442839677,-0.0015465188804840763,MS
0.026814060589629138,0.33431628896614474,0.004782071306959116,MT
0.11312436179640294,0.23292016549882671,0.4254712620383582,MS
0.14777781748868266,0.173203056461293,0.5125017378204839,MS
0.05004821998333236,0.4854560143882317,-0.01885974844195773,MS
0.06007290130519724,0.49566172585993507,0.3997328260422729,MT
0.061810252501458836,0.5839478885949534,-0.0974570331050579,MT
0.12014686444669503,0.9574133228239752,-0.15691417221543189,MT
0.17624757985683634,0.37524665701840204,0.3119659443716599,MS
0.26117833681626357,0.14834475936021743,0.12024230809615599,MS
0.04933151453457291,0.3754199296767765,0.24013312911746532,MS
0.09048627569763779,0.3372434814078743,0.16617805081704032,MT
0.1637427294482217,0.46447812603025773,0.18295066497421905,MS
0.03954439714306144,-0.3677247801253174,0.476083306915758,MT
0.165873599765141,0.7809563238463727,-0.5272567980905769,MT
0.05578248401438229,0.27123860372666486,0.23344863298417887,MS
0.10605883762535097,0.7789548085864746,-0.23103767039463668,MS
0.15396131018788534,0.2498236486458459,-0.09658966166385889,MS
0.05301730262134794,0.3817571011563664,-0.024479057231331983,MS
0.10733089653348259,0.11928766354491245,0.34971171299046516,MS
0.14558855551695632,0.4894092920481321,0.09099734252770506,MS
0.22132375302129415,0.39746799095442525,0.0679182145071771,MT
0.06144833824343054,0.0989719300910585,0.3223699139905801,MT
0.14026726207828175,0.463382242447458,-0.10032939494153985,MS
0.10319393729891502,0.4910377837911619,0.2172628814198491,MS
0.02035302939489164,0.3559737635897985,0.1261073359402778,MT
0.0451946304704483,0.38667719424253116,0.08638194891154338,MT
0.14933657688868537,0.12173038055405062,0.4281487525667403,MS
0.27784163890225044,0.20696953863368175,0.2856053386415139,MT
0.242901648710538,0.21937301089232267,0.218044535922847,MS
0.07881382164346884,0.752390014122806,0.3545598408715591,MS
0.23855354343208177,0.25395986884634675,-0.3146854772372759,MS
0.09578560307314041,0.7247964923104031,-0.1417833189788921,MS
0.19103484404195709,-0.08915883188138059,0.257773700800578,MT
0.07295832575233153,0.25185225176365894,0.22274674598548277,MS
0.10910223911197947,0.4116377260581447,0.08532157822512458,MT
0.046381989138567156,0.6867369021990263,-0.16723583189880434,MT
0.1645348401598424,0.3517132136964956,0.6623521603439302,MT
0.07531247789275641,0.5117764201295129,0.007458106256365645,MS
0.06386359242035773,0.35838045884901965,-0.20869957077030904,MT
0.15522673287912406,0.5337008131579766,-0.13824046629120837,MT
0.1012001016204068,0.5418844599582905,-0.2766971273687619,MT
0.10150155572363015,0.43874832617317244,0.38018478232444686,MT
0.021927963574146926,0.09213673639898626,-0.05824590237252356,MT
0.16675816086991022,0.008845566292366568,0.5143556590230455,MT
0.13284595757249,0.43600951987017916,0.9864897697088336,GO
0.03789345558171284,0.28629990222482926,0.5937060973054535,GO
0.39556399829823335,0.3081867004787904,0.5149547649710797,GO
0.04093895860858817,0.9008860626791686,0.19713244994105292,TO
0.04587997618358577,0.039050514871873034,0.02507885826477143,GO
0.07868024417518643,0.7041463748606156,-0.1339637755344617,GO
0.17608351322825833,0.2324459439765233,0.16434875146161712,TO
0.08802966832832824,0.3770131612000477,0.004966344210820289,GO
0.09749086227994712,0.0,0.5135254253842008,GO
0.03954123128712883,-0.23909285272188777,0.17962925951607453,TO
0.30683331160575755,0.24843153592741266,-0.44839790311791644,GO
0.04398123799220323,-0.22024079165624838,0.5215478498853291,GO
0.11809869098510008,0.07109332323838008,0.2608765465100334,GO
0.21001479610708515,0.19318860628417564,-0.03854658710939226,GO
0.11641299147801268,0.5741770730542433,0.28710007285106687,GO
0.21514015675456002,0.1391715655007837,0.1263324671494195,GO
0.10591776798852054,0.2881248442101769,0.4077762525128494,GO
0.082299056225238,0.278216458663137,0.6213341013039908,GO
0.05424502878261631,0.7135977910312361,0.14456427016747303,TO
0.039367200923310676,0.2821308202699664,0.3755544618491193,TO
0.19773396532189205,0.39584369239335393,-0.03194923937805183,TO
0.08124414586766109,0.1323261111549949,-0.1502325129427069,TO
0.03466367092633124,0.026894756200121807,0.21606146957793376,TO
0.0453076002531146,0.05220114737773038,0.19535846992677322,TO
0.04924913619587714,0.5850678511390859,0.06290959925886062,GO
0.07237314102790024,0.1329184597214841,-0.2737695443820685,GO
0.022055597790425634,-0.22103606897464506,-0.08114178367838701,TO
0.05065571952616413,-0.11095707058598364,0.11936925709820494,GO
0.04507383976723551,0.24851173586333228,0.19207220205858588,TO
0.021964272975406166,-0.02867579997666631,0.32310564662461355,TO
0.03228005370678218,0.19319122903085853,0.0007393936479683585,GO
0.05134040600025727,0.4697027933494469,0.28785295925777876,GO
0.23028094529324208,0.32390414138183565,0.5011222888258163,GO
0.06054169357918479,0.4547988982763066,0.20023469972381405,GO
0.15130582249230973,0.24936842110313864,0.19865252007183784,GO
0.1073874208889698,0.12141003209217774,0.2696622069498099,GO
0.09038450217764511,-0.3977600617337591,0.03869038929600148,TO
0.03201216467515531,0.344956059825519,-0.09698023768142533,GO
0.14964863042023327,0.22950227855588873,0.28754093762060906,GO
0.11689541044094495,0.5709992318188607,0.15845791158671063,GO
0.15434285466230263,-0.08709516768053302,0.5978633903566113,GO
0.2297858598398913,0.16793995508873588,0.17621029404038913,GO
0.10886675087469941,0.5885129827819134,-0.24153617756520482,GO
0.14764743832294008,0.34938073299015593,0.11843889415981597,GO
0.033089384401146324,-0.28141245943818544,0.35699950564528754,GO
0.10559920958078271,0.09460520973635501,0.2538374133893284,GO
0.04372768934538893,0.3811597172070455,0.18479903317404864,GO
0.10846344796228442,0.06577593622318872,0.18991002596906165,GO
0.1925207230702688,0.11447724752188404,0.2547002904449204,GO
0.159926427377348,0.21061600785235954,0.31125185729415356,GO
0.058032140844355776,0.27813546056820093,0.4448023931884306,GO
0.04650151988708925,0.019355442952956072,0.08481507010310535,GO
0.26079197561668904,0.4672647673208483,0.004140993730403306,GO
0.041685778478899004,0.0796312696920073,0.29776774890094515,GO
0.20110077056089007,0.26049646274153637,0.27024703888513235,TO
0.03885143207291346,0.07825219689974813,-0.0701146769541621,TO
0.09985139499302655,0.3318444891489416,0.3751870952150278,GO
0.13436561751782372,0.373073612316929,0.010382738530863411,GO
0.14853304984573365,0.35037643628942416,0.2646698979145378,TO
0.08341053339591652,0.48522948832425833,0.2039575124921236,GO
0.12001453294567772,-0.08861883594369993,0.2275988884646327,GO
0.14586391946896246,0.04466372033625376,-0.3552290957357572,GO
0.04793117599961197,0.004464293128685528,0.29422216073659785,GO
0.06998504330145848,-0.09927406960142403,0.22265696933141363,GO
0.04541665985856008,0.28090238546640217,-0.025569055789452885,GO
0.0404069042896838,0.27888553432244495,0.577689026477714,GO
0.047009064751965854,-0.325422400434628,0.5634542072155574,GO
0.09333336118057131,0.38724098115997935,0.06491046562132079,TO
0.021283449696255105,0.26908923937516505,0.028485391830116204,GO
0.02890021729723096,0.6742191706744264,-0.13253169282411162,TO
0.05126155253410647,0.3242879703640162,0.07337881271123384,TO
0.1018445056116262,0.08846212437884916,0.6146075895371869,GO
0.021497604060140226,0.2508115366434533,0.3720774970836516,GO
0.02159699049236978,0.2374408560150342,0.5589214764395858,GO
0.05131853236106346,-0.053909629275622886,0.152607793017291,TO
0.06884718837072754,0.2382893171222045,0.02790901221207025,GO
0.03556746104433597,0.304056707323571,-0.035221531148928675,GO
0.16038622450371595,0.4431143526371445,0.1739139654052362,GO
0.046872452285344375,-0.056848864232152525,-0.0417386055663977,GO
0.11831367603546553,0.17509385367250144,0.11336603987402559,TO
0.10528113148103753,1.0048617660554315,0.6347307285395256,GO
0.09014439042300863,0.43430510520688487,0.29585218102756355,GO
0.15149922587218226,0.5571948146302704,0.31798618748062746,GO
0.208057177183473,0.1684802076011025,0.8628322352773125,GO
0.12734015583238362,0.2847365622220241,0.38656491950380273,GO
0.14649071543341166,0.01921677339738996,0.13574236099206793,GO
0.08320014849853065,0.27322896470209507,0.052944445775829414,GO
0.06587051333552554,0.3278315719904036,0.40797008888615477,GO
0.03565609158429146,0.706752832615724,0.035341558272877466,GO
0.21113314273341643,0.34278985155489433,-0.18295808387229184,TO
0.04952514021903554,-0.08371957998941501,0.6224826015667672,GO
0.47317293022583207,0.6899583099057964,0.3285493067570417,GO
0.007588132481593281,0.1756640033218982,-0.1151984167976673,GO
0.055336741236818435,0.41443377809092485,0.37463418135330584,GO
0.17996656652205184,0.3627303257635152,0.29638976792413585,GO
0.1093837627381682,0.4428270846668203,0.26057138742828423,GO
0.20596457904810617,0.42209497826984843,0.1643502451776007,GO
0.04775984266879212,-0.14381170203207902,0.3660021864377073,GO
0.1705877879464724,0.5757849862687668,0.30281250589103575,GO
0.04981452759815025,-0.017897569457542676,0.23731727272415262,TO
0.05608873203067902,-0.10619628670522244,0.06497018756677699,GO
0.036671361200977144,0.1732128405957143,0.1633502151932525,TO
0.11340314472652877,-0.010876240144138799,0.22960470828168703,GO
0.11163627364275182,0.2799512901010945,-0.4388216333373351,GO
0.004926876233471315,0.11696570827128437,0.07581846178466131,GO
0.026622976372205377,0.1713816167556202,-0.2479504341268941,TO
0.09128396019494486,0.29039577832337715,0.10049467300869545,GO
0.03627293958560219,0.40654095544162744,0.4786288903541183,GO
0.11837479936802531,0.16958958297890975,0.7931121202885432,GO
0.2458594422016752,0.20813511758465128,0.2722946276469411,GO
-0.0007844221203517338,0.11355469954686231,0.361724511951648,GO
0.07424251119477143,0.1931234898267682,-0.1531452494655476,GO
-0.003865912181980732,-0.050849244646683896,0.3632851871427494,GO
0.14930512781685953,0.43919956955203704,0.2627952203486677,GO
0.20579281812820352,0.29835102880134856,-0.20796623219283697,GO
0.11024157284163127,0.2672831135390874,0.16408830500474963,GO
0.0399334878762289,0.4706294767679889,0.039857144560776166,TO
0.05306996373686436,0.538390501320141,0.23025287484908158,GO
0.15312345999351454,0.4491948581204234,0.34020750289701074,GO
0.03161549057025443,-0.0636730948611423,0.08361914012350873,GO
0.09727451488339822,0.614521238176518,0.21826968634210223,GO
0.06458821023959582,0.6254238573997802,0.10774342997548274,GO
0.039409269683584734,0.34276651389260043,0.042213892721316114,GO
0.06917071052587281,0.19902274851736573,0.37446283314714635,GO
0.0463144592104334,0.3256270040159044,0.3531203522843389,GO
0.17264838452255024,0.20181818479745295,0.22403922613606878,GO
0.08047488374030044,0.32418247467130745,-0.19159975908098223,TO
0.09296272550251666,0.5421935091869172,0.08556814578412208,TO
-0.0003148721226055584,-0.16355145411196415,0.662928261314666,GO
0.036753805908979274,0.569173805741528,0.28640433119982084,GO
0.03649750856327066,0.6008432302045468,0.21370491926927598,TO
0.07220944478073543,0.4048700470968534,-0.154085040786014,GO
0.15346287171678982,0.31136409496239786,-0.1748408847929983,GO
0.18868470967721865,0.20248165925025297,0.4164462143815265,GO
0.05795856247842417,-0.0761789509603754,0.3399196596457704,GO
0.07418285928178757,0.2887614033714568,-0.021358209581443306,TO
0.03848062480630904,0.14085743271659545,-0.21390725202309707,TO
0.3153820661167895,0.30803541988830596,-0.09566258755531729,GO
0.22925295605033988,0.2161420140188848,0.15386176934704185,GO
0.11351820197678765,0.15062275369942255,-0.029364791335858554,GO
0.03981145568433609,-0.0616935690053399,0.5823051822589488,GO
0.05438761962338843,0.07320340402329492,0.42610252192530224,GO
0.026774976227864174,0.5156582186041995,0.10767065785003402,GO
0.12315574483216199,0.8485822551693151,0.41807556693768866,GO
0.02748379077385706,0.8609967047453655,0.18057291357982957,TO
0.14419067265406704,0.2618286936254471,0.6143742972936891,GO
0.04666072215488093,-0.06440857506500836,0.047753342528936586,GO
0.11026542625609873,1.007045095142619,0.04183486683605829,GO
0.06278684951205903,0.44075992362239597,0.06879079308002502,GO
0.20971902099765646,0.2830014844431695,0.017620426565475154,GO
0.03703661516122548,0.4105412611400249,0.3657136304873487,GO
0.03771639919813192,0.14215551506861995,0.3847808676514507,GO
0.08554508661005572,0.4936893415230035,0.29794140789704315,GO
0.16349731573149187,0.2187974454475889,-0.3458651363896234,TO
0.03975950703138075,0.5625073562152217,0.17690936107326788,TO
0.14056549095515844,0.38580082635325175,0.15564189240478976,GO
0.11208208827785908,0.05166930492027541,0.15519160731071627,TO
0.051845753879979445,-0.1697427745870945,0.06886033476177052,TO
0.4975535267742461,0.11471512082504658,-0.04437488919035845,TO
0.08445882881346928,0.26599897996382715,0.23630813145552823,GO
0.03440122819779211,0.33415180524568266,0.11688990364296267,TO
0.038306384951440335,0.47290638890369696,-0.10760900194628269,TO
0.12338825495646404,0.21366891623668943,0.2291428525453176,GO
0.08314561356850536,0.26956935619958644,-0.1642912664124541,GO
0.12419037006040369,0.40810263789640655,-0.2671652594826761,GO
0.2059231950224485,0.37102264288204834,0.34785460307774296,GO
0.10388865329807846,1.033155072013466,0.14677086412791657,TO
0.07554458180563846,0.36245645135094795,-0.2019193740890758,GO
0.0365894792513187,-0.04097407421030568,0.15844028229321755,TO
0.03940977167581,0.5152725460469287,-0.28828503707518677,TO
0.19344097213512065,0.2771725668265409,-0.18217532978290651,GO
0.0788620556670669,0.35978242465320465,0.5908646273940668,GO
0.15798338990474056,0.6472636515405411,-0.13964461806112305,TO
0.12406447724071727,0.4460756755505,0.07093707642323051,GO
0.16130863509266377,0.14843618647896434,-0.17596249020320728,GO
0.24434676332172603,0.2891806490846961,-0.048038878705122565,GO
0.16778752340766248,-0.3504829736908112,0.5142365940905927,GO
0.039814572752034254,0.20644438355657746,-0.12220906631000213,TO
0.198856059387937,0.3567710075154279,0.42995417369790806,GO
0.07769401583170028,0.24319788813892412,-0.2171520654612683,GO
0.017042076483163287,0.28631927656287326,-0.29722717142711996,GO
0.07531889590130844,-0.05755729697248112,0.17769302726352268,GO
0.028671794860506184,0.24086501240656497,0.5405555905402384,GO
0.08366420441440073,-0.054520838878417,0.2715078968401873,GO
0.07606946465581774,0.08102044207434536,0.5977723065995816,GO
0.07572167212005418,1.4139969636692264,0.2229098292109459,GO
0.04708353710718443,-0.1436242668402708,-0.11532710184479698,GO
0.0773330894053219,0.6345718797694884,-0.02715843642424037,GO
0.04322435479648028,0.04879016416943205,0.23877165882155582,GO
-0.0002359618390130329,0.2942641366474214,0.3749687407953321,GO
0.10411906389352951,0.2909479469959266,0.23238426510281537,GO
0.07403910182872843,0.4767879824887057,0.08701161388971419,GO
0.2505678112128727,0.43789241506711635,0.23794888794077987,GO
0.0715838405740365,0.30063910496336776,0.0832190475211122,GO
0.03624633620449894,-0.06646964500774165,0.22169833148805781,TO
0.072083491415859,0.041099948165553735,0.5834280360117905,GO
0.0711634079981187,0.5443235331582247,0.33397194975034566,GO
0.11908071622894235,0.35924225806972654,0.14495730205965315,GO
0.04926654715800107,1.0123980420514982,-0.26244192455806425,TO
0.06030348569342153,0.4492585289758888,0.5127461275184625,TO
0.4737510467862439,-0.11980119981262065,0.1174865287293283,TO
0.11707626421559875,0.38024241334264547,0.13871380014019197,TO
0.0851574374393509,0.004106781952653502,0.41910897947179593,GO
0.16519172849397296,0.13093449956565234,0.21972551135698284,TO
0.014203391474000904,-0.11618991758803542,-0.1239951297140322,TO
0.04723824465979642,0.5932123877283537,-0.20026627545854578,GO
0.1614830065097354,0.5520017540460573,-0.22848292387258132,GO
0.0782567522344983,0.21235384389282966,0.2028484852106127,GO
0.2916719614116045,0.4731361023372001,0.5843280265240567,GO
0.042413115981204494,0.06293783126799973,0.2059431422646076,GO
0.08581859753394964,0.47000362924573563,0.18045465314124298,GO
0.05928194416233196,0.3167393905608872,0.18838229263529882,TO
0.12553356803578955,0.262793153538523,-0.0025179227732533664,GO
0.0667526735084699,0.159558346915342,0.07899435686934766,GO
0.06031549295795322,0.5936616293451398,0.01396206653284903,TO
0.03567390023218879,0.22697415825405198,-0.16588836625738518,GO
0.02892454177295471,0.41032390904264654,-0.05086076870565586,GO
0.12252840918322189,-0.07903573067698867,0.17079282701135176,GO
0.14418970682873034,0.3971386653316107,0.08876943631747929,GO
0.05817427443936132,0.710518781270706,0.12636699327585918,TO
0.03999089363120536,0.41510042009183645,0.28388587963353273,GO
0.13144508958271164,0.14612199397484954,0.009887540253119076,TO
0.23778885459048166,-0.14156356432178688,0.17486365759024533,TO
0.05473378865326798,0.23732818630616614,-0.08166440264032572,TO
0.036108180146822585,0.3979111952722663,0.39160624914551123,GO
0.1340344322494243,0.6182658131627238,-0.07908854571297265,GO
0.054219142972270776,0.3761804385629889,0.16015804605028755,GO
0.09863576302403765,0.14093975691464491,0.2391122637596262,GO
0.04445714109021224,0.2212369730436282,0.45330620419506995,TO
0.02703202673665645,0.21280542792814464,-0.24611731887715263,GO
0.05636048962464903,0.18272897175171876,0.03912219411439743,TO
0.1598270956316467,0.4564725217060563,-0.05165146910441544,TO
0.03821378540252222,0.04167269640056808,0.2707937680975495,GO
0.036268609591954964,0.18470534814923098,0.3893504998168961,GO
0.043885813199813446,0.1861022796338607,0.09459576373195788,TO
0.0745537435502416,0.07814625347343866,0.07787534209103504,TO
0.08078885980884153,-0.09042300606957854,0.07391387897859751,TO
0.06735180021428828,0.5553422771580406,-0.2074464728453515,TO
0.1859383337304701,0.2859229521543809,0.5511538309242366,DF
0.043263011869385797,0.02116481119204333,0.13588423297012756,TO
0.03292029607988701,0.37339823231150177,-0.21802297281357452,TO
0.031574496210132856,0.3885442306198273,-0.5230216333447911,TO
0.2684262247106707,0.31015492830383945,-0.12932479609655512,TO
0.054587187225638475,-0.10646487800087953,-0.12458440330689802,TO
0.12095321119742523,0.7145765720158446,0.2889238621895778,TO
0.04015338381329384,0.4428057516260536,-0.07336484753317471,TO
0.04481431533798797,0.5194093674573822,0.10241105648786629,TO
0.033971905428473205,-0.09337407077745852,-0.073500084757411,TO
0.032017236019759476,0.13825209375946002,-0.1097279514860518,TO
0.06486496169461926,0.4167391846813824,0.416371823779172,TO
0.05053189562189393,0.6813127229129425,-0.023194942451779887,TO
0.04052136001651766,1.0145934326149337,0.021625494875386602,TO
0.1365540164498375,0.588057962872835,0.3556529944776835,TO
0.029907951806543823,0.18716711442747763,0.09797616071393067,GO
0.07702797742022113,0.14729020879595034,0.14849467763623653,GO
0.043131522547797785,0.083381608939051,0.1580617282542493,MS
0.07102652898910151,0.6613653965036623,0.07449081846998096,MT
0.19203350663749474,-0.1902738849844497,0.2180412737181048,GO
0.016775298356612362,0.9407902632088985,-0.2848069413524368,MS
0.24750714305727164,0.3562748639173926,-0.04801385609289065,GO
0.044592300281965196,0.12201495056296362,0.2796545176686679,GO
0.04844161869116575,0.42301381615717737,0.6909501743672828,GO
0.14650878094658473,0.508795241629136,0.035322296307292014,GO
0.10906822570930964,0.3960458861916727,0.267997062167401,GO
0.06989133517947962,0.22178065337299457,0.08998886200899021,MS
0.03896863768012092,0.0842932453895033,0.809262317192419,GO
0.03504555035677671,1.3612303924566744,0.05088129753117328,GO
0.10340973487545213,0.4717049890075355,-0.43978170067816785,MT
0.05662149678027962,0.4427704787873767,0.22365350149953575,GO
0.054009475399804975,0.008064559836730495,0.04390066649175457,PI
0.05639497864441346,-0.027493140580198732,0.034202902735201796,GO
0.024641540891522554,0.5569597438773065,-0.08297904335036524,GO
0.16475882543256165,0.26297836840682054,0.09104632935243488,MT
0.14404919457523574,0.5213403858320456,0.15465968970761623,GO
0.11183194506442876,0.6606239888543852,-0.246350817461538,MT
0.1188301573190262,0.445992701160828,0.019112158935228465,MT
0.01806645630275755,-0.28438717655492834,0.24913990875039682,GO
0.0741344524208771,0.43156284593830707,-0.24970609488862552,MT
0.1709734376498749,0.9301818965778718,0.3668391828859821,GO
0.13232158792052498,0.43462117083432955,0.43935946959011263,MS
0.3426285109476835,0.24937597359104158,0.5307177301814205,MT
0.0446694309753565,-0.09915235979325311,0.09161869295027776,GO
0.0845587618541213,0.931813431614664,0.09342538760889556,MS
0.01110405378289813,0.3597190863199605,0.4421097714500147,GO
0.030953153117887114,0.13186777553812246,-0.004578276942262602,GO
0.041298256598669356,0.2307271795243085,0.4042868633401648,GO
0.04606838680209158,0.2012725612642498,-0.10483998583036278,MS
0.0742875905021847,0.20263428721643714,0.468694599006362,MS
0.0972961257274856,0.17702094457855821,0.3157662483713157,MS
0.1519561457002064,0.5884039388451444,-0.5258336769223275,MS
0.17166442003135923,0.45416181870059275,-0.007024164106451894,MS
0.0899435784607532,0.48565952631828857,-0.3453166621677712,MS
0.06987697093992845,0.20031997209161168,-0.2692382472574884,MS
0.04670566497416624,0.25621880299599586,0.18567252694308328,MS
0.026460435821302555,0.053725399356163064,0.06602383971435583,MS
0.1960876176145521,0.2809361123309261,0.20643069893170543,MT
0.12902598427178896,0.2943785858376471,0.148454238211408,RS
0.07595960370867497,0.07456109645346812,0.0644766408003724,RS
0.0647631066467905,0.09251237317997732,-0.017086201483583682,RS
0.23005795813233174,0.270408190906527,-0.1908809793410807,MT
0.04812322383466735,0.4033010735047154,0.33044555309558177,MT
0.1533768990952222,1.4214062183966327,0.5358102366723936,AM
0.04034956917670356,0.9191438008565616,0.022501749716860673,AM
0.07424466800747426,0.20688697590820163,0.6532082926119867,AM
0.034049707851719326,-0.02867579997666631,0.4358824425537214,AM
0.0751768890911108,0.14155451962288482,0.46518846112959256,AM
0.055900315597253204,0.5177132962814134,0.568556218002989,AM
0.0850355904863279,1.3522713839082698,0.31091353949894385,AM
0.04259667126142193,1.29075050915654,0.3503318730188993,AM
0.05237059896947077,-0.1059026680159147,0.018098707590696053,CE
0.10328038884232757,0.3921188661552699,0.16587978077131163,CE
0.06615771830972696,0.33065229551032566,0.06898436970215638,CE
0.012096331098292952,0.8325788537627289,-0.03815439300430568,BA
0.5193496053758987,-0.21309321546070834,0.18688446131173014,MT
0.05423360421835264,0.4385259703690525,0.1657996848247825,MT
0.0306984753192207,0.7116471943038655,0.3685726971542196,MT
0.07039370887581711,0.04492613995941886,-0.39722772652918337,MT
0.02026750714108553,0.46516813154457815,0.06590783636197323,MT
0.1659787775230224,0.6602289536446725,-0.08973935507130666,MT
0.18477192666607753,0.5346391953637313,0.09410806475640128,MT
0.041429769891330535,0.2928852060634023,0.10271241073364581,MT
0.05265945677704016,0.016129381929883717,-0.08035421167052427,MT
0.09184101627608034,0.3109742646872419,0.6255111241519046,MT
0.07357269232899785,0.14643479746043048,0.19237242567037713,MT
0.09459884416656118,0.3564061708860923,0.415967620362956,MT
0.1782954436611273,0.4329424184366972,0.4733840076921562,MT
0.19937054064714588,-0.2659707600616028,0.139435567941095,MT
0.09266192016779026,0.6563030622883348,0.14000304287450532,MT
0.06326542789046587,0.23705689233661925,-0.11312093133770172,MT
0.0844965464516338,0.9178767750297898,-0.03496203276558175,MT
0.1289656128626698,0.17204536676524823,0.2333894090318269,MT
0.2825127856361068,0.43336391324622003,0.3062514699153449,MT
0.1914618492773657,0.5021710462481349,-0.0250412258681641,MT
0.057017046848485936,0.3241909815086781,-0.04775886543295678,MT
0.18961971320818743,0.4524194342819145,-0.030886378384948305,MT
0.16017691752105723,0.5753641449035618,0.6109766514419589,MT
0.1382744656036262,0.3591147133709728,-0.339228227119282,MT
0.10817253187190876,0.016071774510031916,0.22249777709894097,MT
0.07981022496793133,0.46122868262661854,-0.6930806501453793,PR
0.05070899377929612,-0.12119600825262339,0.09794115634462017,PR
0.037801405629312036,0.19897711605773563,-0.004814861964630459,CE
0.009010137365693663,0.5863488501324914,0.002802322815030307,GO
0.3983096173093975,0.7438726695002355,0.1718698729199174,MT
0.01442501566140316,0.08967753739586586,0.02993626348449436,MS
0.1790478812084054,0.5656735710411092,0.21312466828661128,MT
0.023175010898615924,0.01950721638882416,0.4016934050972479,GO
0.165857028551559,0.5710247682537857,-0.32560693289541426,MT
0.028953230122124363,0.4692548459834945,-0.07083431501360334,GO
0.07977415431099551,0.5401190452846146,0.20930404360515584,GO
0.04353480633152126,-0.016529301951210582,0.31855031681426815,GO
0.15826392074693843,0.5263378839523444,0.05973801980623934,MT
0.04685904195830852,0.07362631524467511,0.047269625886254774,SC
0.03124461765310833,-0.04521623448540941,0.23438096268615147,SC
0.11672325954575923,0.14082983585159756,-0.19326390876289268,SC
0.07296926578781525,0.06765864847381486,0.42693530790455425,PR
0.180889728353178,0.12204380051723832,0.08841411839484943,PR
0.15033962685333377,0.2672162418594899,0.9604065513751872,SC
0.12356833542987752,0.31551687144522483,-0.4206253596141646,SC
0.24180239124887712,-0.41510331467404693,0.7583299908283639,PR
0.1617612010461809,0.1342217619995434,-0.11393436406605185,SC
0.08281989672733775,0.36536601030894855,0.1727610753127786,PR
0.19781629485344288,-0.38117241553911985,-0.00748292630573461,SC
0.13452663986338945,0.47043015942921207,-0.05798053150211177,SC
0.12042503237355423,0.5759575915743632,-0.26019060408079925,PR
0.2416040620306268,0.36058189261293716,0.06189298478205019,SC
0.2307057417656441,0.4279627139412198,0.17441115313151234,PR
0.34938054093014587,-0.028801990903706193,0.2982712061711121,SC
0.020769855078400276,0.29528667183700025,0.19303285636877343,SC
0.05585392134713443,0.045534599709665814,-0.516644983316317,SC
0.10979415389035002,0.2772107725844855,-0.29569148813853763,PR
0.06485709483381212,0.41728278286699966,-0.2641893367651158,PR
0.161348017403024,0.6416310740520303,0.2088762369951215,PR
0.15788104431553376,0.91214615778431,0.977658161982512,SC
0.1946379058308336,-0.015789801732635195,-0.24093808167719205,SC
0.10374943471665572,0.4193138887436894,-0.6092319910289448,SC
0.04068049074777901,-0.3448404862917295,-0.3899782605038287,GO
0.1449507830175174,0.24901293129262678,0.47821828025880825,GO
0.05943886041756398,0.13682508270184907,0.7288920338000664,MS
